timestamp,ip,asn,geo,url,type,http_agent,tor,src_port,p0f_genre,p0f_detail,hostname,dst_port,http_host,http_referer,http_referer_ip,http_referer_asn,http_referer_geo,dst_ip,dst_asn,dst_geo,naics,sic,http_referer_naics,http_referer_sic,sector,ssl_cipher,application,version
3/25/2018 0:00,113.173.109.163,45899,VN,,b68-zeroaccess-2-32bit,,,1041,,,,16464,,,,,,85.17.164.15,60781,NL,0,0,,,Communications,,,
3/25/2018 0:00,14.230.144.144,45899,VN,/help.php,andromeda-b66,Mozilla/4.0 (compatible; MSIE 7.0; Windows NT 6.1; Trident/4.0; SLCC2; .NET CLR 2.0.50727; .NET CLR 3.5.30729; .NET CLR 3.0.30729; Media Center PC 6.0; .NET4.0C; .NET4.0E),,60201,,,,80,dghfhfgjfhjghj6699.net,,,,,104.42.225.122,8075,US,0,0,,,Communications,,,
3/25/2018 0:00,42.118.158.103,18403,VN,/a/image.php,andromeda-b66,Mozilla/4.0,,2402,,,,80,www.ioewjhfdhduiusfh.com,,,,,104.42.225.122,8075,US,0,0,,,Communications,,,
3/25/2018 0:00,58.187.188.195,18403,VN,/waps/fgate.php,andromeda-b66,Mozilla/4.0 (compatible; MSIE 7.0; Windows NT 6.1; Trident/5.0; SLCC2; .NET CLR 2.0.50727; .NET CLR 3.5.30729; .NET CLR 3.0.30729; Media Center PC 6.0; .NET4.0C; .NET4.0E),,52251,,,,80,webmypersons.eu,,,,,104.42.225.122,8075,US,518111,737401,,,Communications,,,
3/25/2018 0:00,113.185.25.20,45899,VN,/forum/image.php,andromeda-b66,Mozilla/4.0,,11287,,,,80,blackcovert.com,,,,,104.42.225.122,8075,US,0,0,,,Communications,,,
3/25/2018 0:00,113.162.53.73,45899,VN,/products/gate.php,andromeda-b66,Mozilla/4.0 (compatible; MSIE 7.0; Windows NT 6.2; WOW64; Trident/6.0; .NET4.0E; .NET4.0C; Tablet PC 2.0),,54962,,,,80,produkktc.com,,,,,104.42.225.122,8075,US,0,0,,,Communications,,,
3/25/2018 0:00,27.74.9.160,7552,VN,/products/gate.php,andromeda-b66,Mozilla/4.0 (compatible; MSIE 7.0; Windows NT 6.1; Trident/6.0; SLCC2; .NET CLR 2.0.50727; .NET CLR 3.5.30729; .NET CLR 3.0.30729; Media Center PC 6.0; .NET4.0C; .NET4.0E),,52967,,,,80,produkktc.com,,,,,104.42.225.122,8075,US,0,0,,,Communications,,,
3/25/2018 0:01,113.172.136.55,45899,VN,,b68-zeroaccess-2-32bit,,,60995,,,,16464,,,,,,85.17.164.15,60781,NL,0,0,,,Communications,,,
3/25/2018 0:01,171.245.44.170,7552,VN,/products/gate.php,andromeda-b66,Mozilla/4.0 (compatible; MSIE 7.0; Windows NT 6.1; Trident/6.0; SLCC2; .NET CLR 2.0.50727; .NET CLR 3.5.30729; .NET CLR 3.0.30729; Media Center PC 6.0; .NET4.0C; .NET4.0E),,28009,,,,80,produkktc.com,,,,,104.42.225.122,8075,US,0,0,,,Communications,,,
3/25/2018 0:01,1.52.32.225,18403,VN,/bla30/gate.php,andromeda-b66,Mozilla/4.0 (compatible; MSIE 7.0; Windows NT 6.3; WOW64; Trident/7.0; .NET4.0E; .NET4.0C; .NET CLR 3.5.30729; .NET CLR 2.0.50727; .NET CLR 3.0.30729),,42143,,,,80,and30.blabladomdom.com,,,,,104.42.225.122,8075,US,518111,737401,,,Communications,,,
3/25/2018 0:01,123.21.10.37,45899,VN,/bla28/gate1.php,andromeda-b66,Mozilla/4.0 (compatible; MSIE 7.0; Windows NT 6.1; WOW64; Trident/4.0; SLCC2; .NET CLR 2.0.50727; .NET CLR 3.5.30729; .NET CLR 3.0.30729; Media Center PC 6.0; .NET4.0C; .NET4.0E),,13477,,,,80,and28.aviationdreamflightering1.com,,,,,104.42.225.122,8075,US,0,0,,,Communications,,,
3/25/2018 0:01,171.246.40.105,7552,VN,/1/gate.php,andromeda-b66,Mozilla/4.0,,55196,,,,80,mgrsdfkprogerg.com,,,,,104.42.225.122,8075,US,0,0,,,Communications,,,
3/25/2018 0:01,123.22.217.202,45899,VN,/bla28/gate1.php,andromeda-b66,Mozilla/4.0 (compatible; MSIE 7.0; Windows NT 6.1; Trident/5.0; SLCC2; .NET CLR 2.0.50727; .NET CLR 3.5.30729; .NET CLR 3.0.30729),,51748,,,,80,and28.aviationdreamflightering1.com,,,,,104.42.225.122,8075,US,0,0,,,Communications,,,
3/25/2018 0:01,117.2.193.136,7552,VN,/products/gate.php,andromeda-b66,Mozilla/4.0 (compatible; MSIE 7.0; Windows NT 6.1; WOW64; Trident/5.0; SLCC2; .NET CLR 2.0.50727; .NET CLR 3.5.30729; .NET CLR 3.0.30729; Media Center PC 6.0; .NET4.0C; .NET4.0E),,53423,,,,80,produkktc.com,,,,,104.42.225.122,8075,US,0,0,,,Communications,,,
3/25/2018 0:02,171.227.29.42,7552,VN,,b68-zeroaccess-2-32bit,,,58002,,,,16464,,,,,,52.169.189.46,8075,IE,0,0,,,Communications,,,
3/25/2018 0:02,27.79.86.194,7552,VN,/help.php,andromeda-b66,Mozilla/4.0 (compatible; MSIE 7.0; Windows NT 6.1; Trident/4.0; SLCC2; .NET CLR 2.0.50727; .NET CLR 3.5.30729; .NET CLR 3.0.30729; Media Center PC 6.0),,1065,,,,80,dghfhfgjfhjghj6699.net,,,,,104.42.225.122,8075,US,0,0,,,Communications,,,
3/25/2018 0:02,14.226.105.10,45899,VN,/products/gate.php,andromeda-b66,Mozilla/4.0 (compatible; MSIE 7.0; Windows NT 6.1; Trident/6.0; SLCC2; .NET CLR 2.0.50727; .NET CLR 3.5.30729; .NET CLR 3.0.30729; Media Center PC 6.0; .NET4.0C),,49160,,,,80,produkktc.com,,,,,104.42.225.122,8075,US,0,0,,,Communications,,,
3/25/2018 0:02,14.230.111.233,45899,VN,/gate.php,andromeda-b66,Mozilla/4.0 (compatible; MSIE 7.0; Windows NT 6.1; Trident/4.0; SLCC2; .NET CLR 2.0.50727; .NET CLR 3.5.30729; .NET CLR 3.0.30729; Media Center PC 6.0; InfoPath.3; .NET4.0C; .NET4.0E),,49759,,,,80,cfokor.ml,,,,,104.42.225.122,8075,US,0,0,,,Communications,,,
3/25/2018 0:03,116.103.162.182,24086,VN,,b68-zeroaccess-2-32bit,,,1025,,,,16464,,,,,,52.169.189.46,8075,IE,0,0,,,Communications,,,
3/25/2018 0:03,14.243.88.24,45899,VN,,b68-zeroaccess-2-32bit,,,1029,,,,16464,,,,,,85.17.164.15,60781,NL,0,0,,,Communications,,,
3/25/2018 0:03,113.161.69.234,45899,VN,/index.php?r=122896038,caphaw,Mozilla/4.0 (compatible; MSIE 6.0; Windows NT 5.1; SV1; .NET CLR 1.0.8761),,53628,,,,443,l8jws8ldkkqk1q.www5.rgk.cc,null,,,,204.95.99.204,8075,US,0,0,,,Communications,,,
3/25/2018 0:03,116.103.172.83,24086,VN,/bla28/gate1.php,andromeda-b66,Mozilla/4.0 (compatible; MSIE 7.0; Windows NT 5.1; Trident/4.0; .NET CLR 2.0.50727; .NET CLR 3.0.4506.2152; .NET CLR 3.5.30729; InfoPath.2),,4813,,,,80,and28.aviationdreamflightering1.com,,,,,104.42.225.122,8075,US,0,0,,,Communications,,,
3/25/2018 0:03,113.182.237.183,45899,VN,,b68-zeroaccess-2-32bit,,,1028,,,,16464,,,,,,52.169.189.46,8075,IE,0,0,,,Communications,,,
3/25/2018 0:04,27.73.50.195,7552,VN,/thread.php,andromeda-b66,Mozilla/4.0 (compatible; MSIE 7.0; Windows NT 6.1; WOW64; Trident/5.0; SLCC2; .NET CLR 2.0.50727; .NET CLR 3.5.30729; .NET CLR 3.0.30729; Media Center PC 6.0; .NET4.0C),,50748,,,,80,else.timatiolimp.ru,,,,,104.42.225.122,8075,US,0,0,,,Communications,,,
3/25/2018 0:05,171.251.228.7,7552,VN,/bla24/gate.php,andromeda-b66,Mozilla/4.0 (compatible; MSIE 7.0; Windows NT 5.1; Trident/4.0; .NET CLR 2.0.50727; AskTbPTV2/5.9.1.14019),,1071,,,,80,and24.binaryoptionisnotmelfolz1.com,,,,,104.42.225.122,8075,US,0,0,,,Communications,,,
3/25/2018 0:06,14.182.212.239,45899,VN,/bla30/gate.php,andromeda-b66,Mozilla/4.0 (compatible; MSIE 7.0; Windows NT 6.1; WOW64; Trident/4.0; SLCC2; .NET CLR 2.0.50727; .NET CLR 3.5.30729; .NET CLR 3.0.30729; Media Center PC 6.0; .NET4.0C; .NET4.0E),,49810,,,,80,and30.blabladomdom.com,,,,,104.42.225.122,8075,US,0,0,,,Communications,,,
3/25/2018 0:06,14.186.133.35,45899,VN,,b68-zeroaccess-2-32bit,,,55102,,,,16464,,,,,,85.17.164.15,60781,NL,0,0,,,Communications,,,
3/25/2018 0:06,171.226.119.252,7552,VN,/help.php,andromeda-b66,Mozilla/4.0 (compatible; MSIE 7.0; Windows NT 6.1; Trident/4.0; SLCC2; .NET CLR 2.0.50727; .NET CLR 3.5.30729; .NET CLR 3.0.30729; Media Center PC 6.0; .NET4.0C; .NET4.0E),,51858,,,,80,dghfhfgjfhjghj6699.net,,,,,104.42.225.122,8075,US,0,0,,,Communications,,,
3/25/2018 0:07,123.16.198.240,45899,VN,/bla23/gate.php,andromeda-b66,Mozilla/4.0 (compatible; MSIE 7.0; Windows NT 5.1; Trident/4.0),,3116,,,,80,and23.nedregisterbali1.com,,,,,104.42.225.122,8075,US,0,0,,,Communications,,,
3/25/2018 0:07,116.110.242.82,24086,VN,/bla31/gate.php,andromeda-b66,Mozilla/4.0 (compatible; MSIE 6.0; Windows NT 5.1; SV1; BTRS100200; .NET CLR 2.0.50727; .NET4.0C; .NET4.0E),,4491,,,,80,and31.amainwrorldnancy4.com,,,,,104.42.225.122,8075,US,0,0,,,Communications,,,
3/25/2018 0:07,14.174.173.130,45899,VN,/help.php,andromeda-b66,Mozilla/4.0 (compatible; MSIE 7.0; Windows NT 6.1; WOW64; Trident/4.0; SLCC2; .NET CLR 2.0.50727; .NET CLR 3.5.30729; .NET CLR 3.0.30729; Media Center PC 6.0; .NET4.0C; .NET4.0E),,60264,,,,80,dghfhfgjfhjghj6699.net,,,,,104.42.225.122,8075,US,0,0,,,Communications,,,
3/25/2018 0:08,183.81.80.209,18403,VN,,b68-zeroaccess-2-32bit,,,1039,,,,16464,,,,,,85.17.164.15,60781,NL,518111,737401,,,Communications,,,
3/25/2018 0:08,116.110.108.163,24086,VN,/bla31/gate.php,andromeda-b66,Mozilla/4.0 (compatible; MSIE 7.0; Windows NT 6.3; WOW64; Trident/7.0; .NET4.0E; .NET4.0C; .NET CLR 3.5.30729; .NET CLR 2.0.50727; .NET CLR 3.0.30729; InfoPath.2),,53766,,,,80,and31.amainwrorldnancy4.com,,,,,104.42.225.122,8075,US,0,0,,,Communications,,,
3/25/2018 0:08,14.161.253.3,45899,VN,/bla30/gate.php,andromeda-b66,Mozilla/4.0 (compatible; MSIE 7.0; Windows NT 6.1; Trident/4.0; SLCC2; .NET CLR 2.0.50727; .NET CLR 3.5.30729; .NET CLR 3.0.30729; Media Center PC 6.0; .NET4.0C; .NET4.0E),,54587,,,,80,and30.blabladomdom.com,,,,,104.42.225.122,8075,US,0,0,,,Communications,,,
3/25/2018 0:09,42.112.93.13,18403,VN,/products/gate.php,andromeda-b66,Mozilla/4.0 (compatible; MSIE 7.0; Windows NT 6.1; Trident/5.0; SLCC2; .NET CLR 2.0.50727; .NET CLR 3.5.30729; .NET CLR 3.0.30729; Media Center PC 6.0; .NET4.0C),,8618,,,,80,produkktc.com,,,,,104.42.225.122,8075,US,518111,737401,,,Communications,,,
3/25/2018 0:09,27.74.163.95,7552,VN,/bla28/gate1.php,andromeda-b66,Mozilla/4.0 (compatible; MSIE 7.0; Windows NT 6.1; Trident/5.0; SLCC2; .NET CLR 2.0.50727; .NET CLR 3.5.30729; .NET CLR 3.0.30729; Media Center PC 6.0; .NET4.0C; .NET4.0E),,65052,,,,80,and28.aviationdreamflightering1.com,,,,,104.42.225.122,8075,US,0,0,,,Communications,,,
3/25/2018 0:09,14.165.75.159,45899,VN,/products/gate.php,andromeda-b66,Mozilla/4.0 (compatible; MSIE 7.0; Windows NT 6.1; Trident/6.0; SLCC2; .NET CLR 2.0.50727; .NET CLR 3.5.30729; .NET CLR 3.0.30729; Media Center PC 6.0; .NET4.0C; .NET4.0E; Tablet PC 2.0),,49258,,,,80,produkktc.com,,,,,104.42.225.122,8075,US,0,0,,,Communications,,,
3/25/2018 0:09,1.53.26.156,18403,VN,/help.php,andromeda-b66,Mozilla/4.0 (compatible; MSIE 7.0; Windows NT 6.1; WOW64; Trident/4.0; SLCC2; .NET CLR 2.0.50727; .NET CLR 3.5.30729; .NET CLR 3.0.30729; Media Center PC 6.0; .NET4.0C; .NET4.0E),,27034,,,,80,dghfhfgjfhjghj6699.net,,,,,104.42.225.122,8075,US,0,0,,,Communications,,,
3/25/2018 0:09,14.185.104.248,45899,VN,/bla12/gate.php,andromeda-b66,Mozilla/4.0,,1048,,,,80,and12.theSuchiVestFishMarketeat111.com,,,,,104.42.225.122,8075,US,0,0,,,Communications,,,
3/25/2018 0:09,1.55.194.140,18403,VN,/bla31/gate.php,andromeda-b66,Mozilla/4.0 (compatible; MSIE 7.0; Windows NT 6.1; Trident/5.0; SLCC2; .NET CLR 2.0.50727; .NET CLR 3.5.30729; .NET CLR 3.0.30729; Media Center PC 6.0; .NET4.0C; .NET4.0E),,44130,,,,80,and31.amainwrorldnancy4.com,,,,,104.42.225.122,8075,US,0,0,,,Communications,,,
3/25/2018 0:10,171.237.110.155,7552,VN,/blog/index.php,andromeda-b66,Mozilla/4.0 (compatible; MSIE 7.0; Windows NT 6.1; WOW64; Trident/4.0; SLCC2; .NET CLR 2.0.50727; .NET CLR 3.5.30729; .NET CLR 3.0.30729; .NET4.0C; .NET4.0E),,46453,,,,80,cofetimefl.com,,,,,104.42.225.122,8075,US,0,0,,,Communications,,,
3/25/2018 0:10,113.176.92.175,45899,VN,/bla31/gate.php,andromeda-b66,Mozilla/4.0 (compatible; MSIE 7.0; Windows NT 6.1; Trident/5.0; SLCC2; .NET CLR 2.0.50727; .NET CLR 3.5.30729; .NET CLR 3.0.30729),,59187,,,,80,and31.amainwrorldnancy4.com,,,,,104.42.225.122,8075,US,0,0,,,Communications,,,
3/25/2018 0:10,103.199.26.137,131429,VN,/bla28/gate2.php,andromeda-b66,Mozilla/4.0 (compatible; MSIE 7.0; Windows NT 6.1; Trident/4.0; SLCC2; .NET CLR 2.0.50727; .NET CLR 3.5.30729; .NET CLR 3.0.30729; Media Center PC 6.0; InfoPath.2; .NET4.0C),,22899,,,,80,and28.aviationdreamflightering2.com,,,,,104.42.225.122,8075,US,0,0,,,Communications,,,
3/25/2018 0:10,103.199.22.31,131429,VN,/bla28/gate1.php,andromeda-b66,Mozilla/4.0 (compatible; MSIE 7.0; Windows NT 6.1; Trident/4.0; SLCC2; .NET CLR 2.0.50727; .NET CLR 3.5.30729; .NET CLR 3.0.30729; Media Center PC 6.0; InfoPath.2; .NET4.0C),,6944,,,,80,and28.aviationdreamflightering1.com,,,,,104.42.225.122,8075,US,0,0,,,Communications,,,
3/25/2018 0:12,14.187.49.242,45899,VN,/products/gate.php,andromeda-b66,Mozilla/4.0 (compatible; MSIE 7.0; Windows NT 6.1; Trident/5.0; SLCC2; .NET CLR 2.0.50727; .NET CLR 3.5.30729; .NET CLR 3.0.30729; Media Center PC 6.0; .NET4.0C),,11093,,,,80,produkktc.com,,,,,104.42.225.122,8075,US,0,0,,,Communications,,,
3/25/2018 0:12,116.118.80.190,7602,VN,/products/gate.php,andromeda-b66,Mozilla/4.0 (compatible; MSIE 7.0; Windows NT 6.2; WOW64; Trident/6.0; .NET4.0E; .NET4.0C; .NET CLR 3.5.30729; .NET CLR 2.0.50727; .NET CLR 3.0.30729; Tablet PC 2.0; InfoPath.2; MASAJS),,64951,,,,80,produkktc.com,,,,,104.42.225.122,8075,US,0,0,,,Communications,,,
3/25/2018 0:13,171.246.109.19,7552,VN,/help.php,andromeda-b66,Mozilla/4.0 (compatible; MSIE 7.0; Windows NT 6.1; Trident/4.0; SLCC2; .NET CLR 2.0.50727; .NET CLR 3.5.30729; .NET CLR 3.0.30729; Media Center PC 6.0; .NET4.0C; .NET4.0E),,19878,,,,80,dghfhfgjfhjghj6699.net,,,,,104.42.225.122,8075,US,0,0,,,Communications,,,
3/25/2018 0:13,14.188.11.83,45899,VN,/bla25/gate.php,andromeda-b66,Mozilla/4.0 (compatible; MSIE 7.0; Windows NT 5.1; Trident/4.0),,1044,,,,80,and25.binaryoptionisnotmelfolz1.com,,,,,104.42.225.122,8075,US,0,0,,,Communications,,,
3/25/2018 0:13,171.250.136.234,7552,VN,/products/gate.php,andromeda-b66,Mozilla/4.0 (compatible; MSIE 7.0; Windows NT 6.1; Trident/6.0; SLCC2; .NET CLR 2.0.50727; .NET CLR 3.5.30729; .NET CLR 3.0.30729; Media Center PC 6.0; .NET4.0C; .NET4.0E),,49257,,,,80,produkktc.com,,,,,104.42.225.122,8075,US,0,0,,,Communications,,,
3/25/2018 0:13,113.161.212.192,45899,VN,/bla30/gate.php,andromeda-b66,Mozilla/4.0 (compatible; MSIE 7.0; Windows NT 6.1; Trident/7.0; SLCC2; .NET CLR 2.0.50727; .NET CLR 3.5.30729; .NET CLR 3.0.30729; Media Center PC 6.0; .NET4.0C; .NET4.0E; Tablet PC 2.0),,55991,,,,80,and30.blabladomdom.com,,,,,104.42.225.122,8075,US,0,0,,,Communications,,,
3/25/2018 0:13,113.161.212.43,45899,VN,/bla30/gate.php,andromeda-b66,Mozilla/4.0 (compatible; MSIE 7.0; Windows NT 6.1; Trident/7.0; SLCC2; .NET CLR 2.0.50727; .NET CLR 3.5.30729; .NET CLR 3.0.30729; Media Center PC 6.0; .NET4.0C; .NET4.0E; Tablet PC 2.0),,54093,,,,80,and30.blabladomdom.com,,,,,104.42.225.122,8075,US,0,0,,,Communications,,,
3/25/2018 0:13,171.227.248.172,7552,VN,/products/gate.php,andromeda-b66,Mozilla/4.0 (compatible; MSIE 7.0; Windows NT 6.1; Trident/5.0; SLCC2; .NET CLR 2.0.50727; .NET CLR 3.5.30729; .NET CLR 3.0.30729; Media Center PC 6.0; .NET4.0C),,52456,,,,80,produkktc.com,,,,,104.42.225.122,8075,US,0,0,,,Communications,,,
3/25/2018 0:14,1.52.23.48,18403,VN,/andro/gate.php,andromeda-b66,Mozilla/4.0 (compatible; MSIE 7.0; Windows NT 6.1; Trident/4.0; SLCC2; .NET CLR 2.0.50727; .NET CLR 3.5.30729; .NET CLR 3.0.30729; Media Center PC 6.0; InfoPath.2),,64274,,,,80,comecomefindme.ru,,,,,104.42.225.122,8075,US,0,0,,,Communications,,,
3/25/2018 0:14,123.21.181.190,45899,VN,/bla30/gate.php,andromeda-b66,Mozilla/4.0 (compatible; MSIE 7.0; Windows NT 6.1; Trident/4.0; SLCC2; .NET CLR 2.0.50727; .NET CLR 3.5.30729; .NET CLR 3.0.30729; Media Center PC 6.0; .NET4.0C; Tablet PC 2.0; .NET4.0E),,49175,,,,80,and30.blabladomdom.com,,,,,104.42.225.122,8075,US,0,0,,,Communications,,,
3/25/2018 0:14,123.16.77.186,45899,VN,/products/gate.php,andromeda-b66,Mozilla/4.0 (compatible; MSIE 7.0; Windows NT 6.1; WOW64; Trident/5.0; SLCC2; .NET CLR 2.0.50727; .NET CLR 3.5.30729; .NET CLR 3.0.30729; Media Center PC 6.0; .NET4.0C),,26368,,,,80,produkktc.com,,,,,104.42.225.122,8075,US,0,0,,,Communications,,,
3/25/2018 0:14,113.176.7.212,45899,VN,/bla19/gate.php,andromeda-b66,Mozilla/4.0 (compatible; MSIE 7.0; Windows NT 6.1; Trident/5.0; SLCC2; .NET CLR 2.0.50727; .NET CLR 3.5.30729; .NET CLR 3.0.30729; Media Center PC 6.0; .NET4.0C; InfoPath.3; BRI/2),,59594,,,,80,and19.amainwrorldnancy1.com,,,,,104.42.225.122,8075,US,0,0,,,Communications,,,
3/25/2018 0:14,123.16.201.159,45899,VN,/bla31/gate.php,andromeda-b66,Mozilla/4.0 (compatible; MSIE 7.0; Windows NT 6.1; Trident/7.0; SLCC2; .NET CLR 2.0.50727; .NET CLR 3.5.30729; .NET CLR 3.0.30729; Media Center PC 6.0; Tablet PC 2.0),,49544,,,,80,and31.amainwrorldnancy4.com,,,,,104.42.225.122,8075,US,0,0,,,Communications,,,
3/25/2018 0:14,116.97.111.190,24086,VN,/bla30/gate.php,andromeda-b66,Mozilla/4.0 (compatible; MSIE 7.0; Windows NT 6.1; WOW64; Trident/4.0; SLCC2; .NET CLR 2.0.50727; .NET CLR 3.5.30729; .NET CLR 3.0.30729; Media Center PC 6.0),,49196,,,,80,and30.blabladomdom.com,,,,,104.42.225.122,8075,US,0,0,,,Communications,,,
3/25/2018 0:15,14.235.68.197,45899,VN,/help.php,andromeda-b66,Mozilla/4.0 (compatible; MSIE 7.0; Windows NT 6.1; Trident/6.0; SLCC2; .NET CLR 2.0.50727; .NET CLR 3.5.30729; .NET CLR 3.0.30729; Media Center PC 6.0; .NET4.0C; .NET4.0E; Tablet PC 2.0),,1037,,,,80,dghfhfgjfhjghj6699.net,,,,,104.42.225.122,8075,US,0,0,,,Communications,,,
3/25/2018 0:15,27.79.1.82,7552,VN,/products/gate.php,andromeda-b66,Mozilla/4.0 (compatible; MSIE 7.0; Windows NT 6.2; Trident/6.0; .NET4.0E; .NET4.0C; .NET CLR 3.5.30729; .NET CLR 2.0.50727; .NET CLR 3.0.30729; Tablet PC 2.0),,54429,,,,80,produkktc.com,,,,,104.42.225.122,8075,US,0,0,,,Communications,,,
3/25/2018 0:15,113.182.192.223,45899,VN,/bla09/gate.php,andromeda-b66,Mozilla/4.0,,1917,,,,80,and9.themainnotmainstreet2.com,,,,,104.42.225.122,8075,US,0,0,,,Communications,,,
3/25/2018 0:16,123.27.137.163,45899,VN,/products/gate.php,andromeda-b66,Mozilla/4.0 (compatible; MSIE 7.0; Windows NT 6.1; Trident/5.0; SLCC2; .NET CLR 2.0.50727; .NET CLR 3.5.30729; .NET CLR 3.0.30729; Media Center PC 6.0; .NET4.0C; .NET4.0E),,49226,,,,80,produkktc.com,,,,,104.42.225.122,8075,US,0,0,,,Communications,,,
3/25/2018 0:16,113.171.132.147,45899,VN,/products/gate.php,andromeda-b66,Mozilla/4.0 (compatible; MSIE 7.0; Windows NT 6.1; Trident/6.0; SLCC2; .NET CLR 2.0.50727; .NET CLR 3.5.30729; .NET CLR 3.0.30729; Media Center PC 6.0; .NET4.0C; .NET4.0E),,10022,,,,80,produkktc.com,,,,,104.42.225.122,8075,US,0,0,,,Communications,,,
3/25/2018 0:17,113.168.198.216,45899,VN,/products/gate.php,andromeda-b66,Mozilla/4.0 (compatible; MSIE 7.0; Windows NT 6.1; Trident/6.0; SLCC2; .NET CLR 2.0.50727; .NET CLR 3.5.30729; .NET CLR 3.0.30729; Media Center PC 6.0; .NET4.0C; .NET4.0E),,16024,,,,80,produkktc.com,,,,,104.42.225.122,8075,US,0,0,,,Communications,,,
3/25/2018 0:17,14.230.67.188,45899,VN,/bla21/gate.php,andromeda-b66,Mozilla/4.0 (compatible; MSIE 7.0; Windows NT 6.1; WOW64; Trident/7.0; SLCC2; .NET CLR 2.0.50727; .NET CLR 3.5.30729; .NET CLR 3.0.30729; .NET4.0C; .NET4.0E),,60357,,,,80,and21.nedregisterbali1.com,,,,,104.42.225.122,8075,US,0,0,,,Communications,,,
3/25/2018 0:17,113.167.43.131,45899,VN,,b68-zeroaccess-2-32bit,,,1026,,,,16464,,,,,,85.17.164.15,60781,NL,0,0,,,Communications,,,
3/25/2018 0:17,116.108.43.131,24086,VN,/bla30/gate.php,andromeda-b66,Mozilla/4.0 (compatible; MSIE 7.0; Windows NT 6.1; WOW64; Trident/4.0; SLCC2; .NET CLR 2.0.50727; .NET CLR 3.5.30729; .NET CLR 3.0.30729; Media Center PC 6.0; .NET4.0C; .NET4.0E),,49286,,,,80,and30.blabladomdom.com,,,,,104.42.225.122,8075,US,0,0,,,Communications,,,
3/25/2018 0:17,171.253.81.176,7552,VN,/products/gate.php,andromeda-b66,Mozilla/4.0 (compatible; MSIE 7.0; Windows NT 6.1; Trident/5.0; SLCC2; .NET CLR 2.0.50727; .NET CLR 3.5.30729; .NET CLR 3.0.30729; Media Center PC 6.0; .NET4.0C; .NET4.0E),,49171,,,,80,produkktc.com,,,,,104.42.225.122,8075,US,0,0,,,Communications,,,
3/25/2018 0:18,27.70.190.242,7552,VN,/products/gate.php,andromeda-b66,Mozilla/4.0 (compatible; MSIE 7.0; Windows NT 6.1; Trident/6.0; SLCC2; .NET CLR 2.0.50727; .NET CLR 3.5.30729; .NET CLR 3.0.30729; Media Center PC 6.0; .NET4.0C; .NET4.0E),,63761,,,,80,produkktc.com,,,,,104.42.225.122,8075,US,0,0,,,Communications,,,
3/25/2018 0:18,115.72.248.121,7552,VN,/bla31/gate.php,andromeda-b66,Mozilla/4.0 (compatible; MSIE 7.0; Windows NT 6.0; Trident/4.0; SLCC1; .NET CLR 2.0.50727; Media Center PC 5.0; .NET CLR 3.5.30729; .NET CLR 3.0.30618; .NET4.0C; 79680390903; patch:08020),,54696,,,,80,and31.amainwrorldnancy4.com,,,,,104.42.225.122,8075,US,0,0,,,Communications,,,
3/25/2018 0:19,113.161.146.74,45899,VN,/thread.php,andromeda-b66,Mozilla/4.0 (compatible; MSIE 7.0; Windows NT 5.1; Trident/4.0; InfoPath.2; .NET CLR 1.1.4322; .NET CLR 2.0.50727; .NET CLR 3.0.4506.2152; .NET CLR 3.5.30729; .NET4.0C; .NET4.0E),,1073,,,,80,else.timatiolimp.ru,,,,,104.42.225.122,8075,US,0,0,,,Communications,,,
3/25/2018 0:20,58.187.167.172,18403,VN,/bla30/gate.php,andromeda-b66,Mozilla/4.0 (compatible; MSIE 7.0; Windows NT 6.3; WOW64; Trident/7.0; .NET4.0E; .NET4.0C; InfoPath.3),,16473,,,,80,and30.blabladomdom.com,,,,,104.42.225.122,8075,US,518111,737401,,,Communications,,,
3/25/2018 0:20,14.244.139.248,45899,VN,/products/gate.php,andromeda-b66,Mozilla/4.0 (compatible; MSIE 7.0; Windows NT 6.1; Trident/6.0; SLCC2; .NET CLR 2.0.50727; .NET CLR 3.5.30729; .NET CLR 3.0.30729; Media Center PC 6.0; .NET4.0C),,1046,,,,80,produkktc.com,,,,,104.42.225.122,8075,US,0,0,,,Communications,,,
3/25/2018 0:21,113.160.227.180,45899,VN,/thread.php,andromeda-b66,Mozilla/4.0 (compatible; MSIE 7.0; Windows NT 6.1; Trident/7.0; SLCC2; .NET CLR 2.0.50727; .NET CLR 3.5.30729; .NET CLR 3.0.30729; Media Center PC 6.0; .NET4.0C; .NET4.0E),,54857,,,,80,else.timatiolimp.ru,,,,,104.42.225.122,8075,US,0,0,,,Communications,,,
3/25/2018 0:21,14.236.247.168,45899,VN,/help.php,andromeda-b66,Mozilla/4.0 (compatible; MSIE 7.0; Windows NT 5.1; Trident/4.0; GTB7.5; .NET CLR 2.0.50727; .NET CLR 3.0.4506.2152; .NET CLR 3.5.30729; .NET4.0C; .NET4.0E),,2664,,,,80,dghfhfgjfhjghj6699.net,,,,,104.42.225.122,8075,US,0,0,,,Communications,,,
3/25/2018 0:22,14.185.180.71,45899,VN,/products/gate.php,andromeda-b66,Mozilla/4.0 (compatible; MSIE 7.0; Windows NT 6.2; Trident/6.0; .NET4.0E; .NET4.0C; .NET CLR 3.5.30729; .NET CLR 2.0.50727; .NET CLR 3.0.30729),,65021,,,,80,produkktc.com,,,,,104.42.225.122,8075,US,0,0,,,Communications,,,
3/25/2018 0:22,116.118.63.9,7602,VN,/andro/gate.php,andromeda-b66,Mozilla/4.0 (compatible; MSIE 7.0; Windows NT 6.1; Trident/5.0; SLCC2; .NET CLR 2.0.50727; .NET CLR 3.5.30729; .NET CLR 3.0.30729; .NET4.0C; .NET4.0E),,50178,,,,80,comecomefindme.ru,,,,,104.42.225.122,8075,US,0,0,,,Communications,,,
3/25/2018 0:23,116.96.254.230,7552,VN,/products/gate.php,andromeda-b66,Mozilla/4.0 (compatible; MSIE 7.0; Windows NT 6.1; Trident/5.0; SLCC2; .NET CLR 2.0.50727; .NET CLR 3.5.30729; .NET CLR 3.0.30729; Media Center PC 6.0; .NET4.0C),,50288,,,,80,produkktc.com,,,,,104.42.225.122,8075,US,0,0,,,Communications,,,
3/25/2018 0:23,1.55.182.121,18403,VN,/bla30/gate.php,andromeda-b66,Mozilla/4.0 (compatible; MSIE 7.0; Windows NT 6.1; WOW64; Trident/4.0; SLCC2; .NET CLR 2.0.50727; .NET CLR 3.5.30729; .NET CLR 3.0.30729; Media Center PC 6.0; .NET4.0C; .NET4.0E),,63920,,,,80,and30.blabladomdom.com,,,,,104.42.225.122,8075,US,0,0,,,Communications,,,
3/25/2018 0:24,116.96.209.241,7552,VN,/bla31/gate.php,andromeda-b66,Mozilla/4.0 (compatible; MSIE 7.0; Windows NT 6.1; WOW64; Trident/4.0; SLCC2; .NET CLR 2.0.50727; .NET CLR 3.5.30729; .NET CLR 3.0.30729; Media Center PC 6.0; InfoPath.2),,33265,,,,80,and31.amainwrorldnancy4.com,,,,,104.42.225.122,8075,US,0,0,,,Communications,,,
3/25/2018 0:24,14.236.209.255,45899,VN,/bla30/gate.php,andromeda-b66,Mozilla/4.0 (compatible; MSIE 7.0; Windows NT 6.1; WOW64; Trident/7.0; SLCC2; .NET CLR 2.0.50727; .NET CLR 3.5.30729; .NET CLR 3.0.30729; Media Center PC 6.0; .NET4.0C; .NET4.0E; .NET CLR 1.1.4322; InfoPath.3),,49517,,,,80,and30.blabladomdom.com,,,,,104.42.225.122,8075,US,0,0,,,Communications,,,
3/25/2018 0:24,58.187.169.255,18403,VN,/products/gate.php,andromeda-b66,Mozilla/4.0 (compatible; MSIE 7.0; Windows NT 6.1; Trident/6.0; SLCC2; .NET CLR 2.0.50727; .NET CLR 3.5.30729; .NET CLR 3.0.30729; Media Center PC 6.0; .NET4.0C; .NET4.0E),,11406,,,,80,produkktc.com,,,,,104.42.225.122,8075,US,518111,737401,,,Communications,,,
3/25/2018 0:25,14.177.152.101,45899,VN,/products/gate.php,andromeda-b66,Mozilla/4.0 (compatible; MSIE 7.0; Windows NT 6.1; Trident/5.0; SLCC2; .NET CLR 2.0.50727; .NET CLR 3.5.30729; .NET CLR 3.0.30729; Media Center PC 6.0),,39983,,,,80,produkktc.com,,,,,104.42.225.122,8075,US,0,0,,,Communications,,,
3/25/2018 0:25,27.72.132.66,7552,VN,/bla30/gate.php,andromeda-b66,Mozilla/4.0 (compatible; MSIE 7.0; Windows NT 6.1; Trident/7.0; SLCC2; .NET CLR 2.0.50727; .NET CLR 3.5.30729; .NET CLR 3.0.30729; Media Center PC 6.0; InfoPath.2),,54306,,,,80,and30.blabladomdom.com,,,,,104.42.225.122,8075,US,0,0,,,Communications,,,
3/25/2018 0:25,27.3.128.41,45543,VN,/bla21/gate.php,andromeda-b66,Mozilla/4.0 (compatible; MSIE 7.0; Windows NT 5.1; Trident/4.0; InfoPath.2),,1034,,,,80,and21.nedregisterbali1.com,,,,,104.42.225.122,8075,US,0,0,,,Communications,,,
3/25/2018 0:25,183.81.10.77,18403,VN,/help.php,andromeda-b66,Mozilla/4.0 (compatible; MSIE 7.0; Windows NT 5.1; Trident/4.0; .NET CLR 2.0.50727),,49352,,,,80,dghfhfgjfhjghj6699.net,,,,,104.42.225.122,8075,US,518111,737401,,,Communications,,,
3/25/2018 0:25,123.27.116.180,45899,VN,/statistics/gate.php,andromeda-b66,Mozilla/4.0 (compatible; MSIE 7.0; Windows NT 6.1; Trident/7.0; SLCC2; .NET CLR 2.0.50727; .NET CLR 3.5.30729; .NET CLR 3.0.30729; .NET4.0C; .NET4.0E),,49202,,,,80,mentalmystery.ru,,,,,104.42.225.122,8075,US,0,0,,,Communications,,,
3/25/2018 0:25,27.2.33.245,45543,VN,/bla19/gate.php,andromeda-b66,Mozilla/4.0 (compatible; MSIE 7.0; Windows NT 5.1; Trident/4.0),,2343,,,,80,and19.amainwrorldnancy1.com,,,,,104.42.225.122,8075,US,0,0,,,Communications,,,
3/25/2018 0:26,171.246.73.191,7552,VN,/bla19/gate.php,andromeda-b66,Mozilla/4.0 (compatible; MSIE 7.0; Windows NT 6.1; Trident/4.0; SLCC2; .NET CLR 2.0.50727; .NET CLR 3.5.30729; .NET CLR 3.0.30729; Media Center PC 6.0; .NET4.0C; .NET4.0E),,26940,,,,80,and19.amainwrorldnancy1.com,,,,,104.42.225.122,8075,US,0,0,,,Communications,,,
3/25/2018 0:26,113.176.152.17,45899,VN,/bla12/gate.php,andromeda-b66,Mozilla/4.0,,49511,,,,80,and12.thesuchivestfishmarketeat111.com,,,,,104.42.225.122,8075,US,0,0,,,Communications,,,
3/25/2018 0:26,14.161.20.30,45899,VN,/bla13/gate.php,andromeda-b66,Mozilla/4.0,,41569,,,,80,and13.dexterwasanicemoviesz1.com,,,,,104.42.225.122,8075,US,0,0,,,Communications,,,
3/25/2018 0:26,113.179.191.217,45899,VN,,b68-zeroaccess-2-32bit,,,51649,,,,16464,,,,,,85.17.164.15,60781,NL,0,0,,,Communications,,,
3/25/2018 0:27,14.164.166.0,45899,VN,/help.php,andromeda-b66,Mozilla/4.0 (compatible; MSIE 7.0; Windows NT 5.1; Trident/4.0; AskTbFXTV5/5.15.29.67612),,1319,,,,80,dghfhfgjfhjghj6699.net,,,,,104.42.225.122,8075,US,0,0,,,Communications,,,
3/25/2018 0:27,14.177.162.169,45899,VN,/bla19/gate.php,andromeda-b66,Mozilla/4.0 (compatible; MSIE 7.0; Windows NT 6.1; Trident/6.0; SLCC2; .NET CLR 2.0.50727; .NET CLR 3.5.30729; .NET CLR 3.0.30729; Media Center PC 6.0; .NET4.0C; .NET4.0E; Tablet PC 2.0),,50440,,,,80,and19.amainwrorldnancy1.com,,,,,104.42.225.122,8075,US,0,0,,,Communications,,,
3/25/2018 0:27,171.231.71.123,7552,VN,/data/update.exe,andromeda-b66,,,17667,,,,80,last-time.ru,,,,,104.42.225.122,8075,US,0,0,,,Communications,,,
3/25/2018 0:27,14.161.128.76,45899,VN,/help.php,andromeda-b66,Mozilla/4.0 (compatible; MSIE 7.0; Windows NT 6.1; Trident/4.0; SLCC2; .NET CLR 2.0.50727; .NET CLR 3.5.30729; .NET CLR 3.0.30729; Media Center PC 6.0; .NET4.0C; .NET4.0E),,1105,,,,80,dghfhfgjfhjghj6699.net,,,,,104.42.225.122,8075,US,0,0,,,Communications,,,
3/25/2018 0:27,42.115.19.32,131178,VN,/bla30/gate.php,andromeda-b66,Mozilla/4.0 (compatible; MSIE 7.0; Windows NT 6.1; WOW64; Trident/4.0; SLCC2; .NET CLR 2.0.50727; .NET CLR 3.5.30729; .NET CLR 3.0.30729; Media Center PC 6.0; .NET4.0C; .NET4.0E),,13270,,,,80,and30.blabladomdom.com,,,,,104.42.225.122,8075,US,0,0,,,Communications,,,
3/25/2018 0:27,113.189.125.35,45899,VN,/bla30/gate.php,andromeda-b66,Mozilla/4.0 (compatible; MSIE 7.0; Windows NT 6.1; WOW64; Trident/7.0; SLCC2; .NET CLR 2.0.50727; .NET CLR 3.5.30729; .NET CLR 3.0.30729; Media Center PC 6.0; InfoPath.3; .NET4.0C; .NET4.0E),,49847,,,,80,and30.blabladomdom.com,,,,,104.42.225.122,8075,US,0,0,,,Communications,,,
3/25/2018 0:27,115.73.44.140,7552,VN,,b68-zeroaccess-2-32bit,,,63665,,,,16464,,,,,,52.169.189.46,8075,IE,0,0,,,Communications,,,
3/25/2018 0:28,14.189.46.55,45899,VN,/bla30/gate.php,andromeda-b66,Mozilla/4.0 (compatible; MSIE 7.0; Windows NT 5.1; Trident/4.0; .NET CLR 2.0.50727; .NET CLR 3.0.4506.2152; .NET CLR 3.5.30729),,1083,,,,80,and30.blabladomdom.com,,,,,104.42.225.122,8075,US,0,0,,,Communications,,,
3/25/2018 0:28,171.233.134.146,7552,VN,/data/update.exe,andromeda-b66,,,49162,,,,80,last-time.ru,,,,,104.42.225.122,8075,US,0,0,,,Communications,,,
3/25/2018 0:28,14.189.194.239,45899,VN,/bla30/gate.php,andromeda-b66,Mozilla/4.0 (compatible; MSIE 7.0; Windows NT 6.1; Trident/4.0; SLCC2; .NET CLR 2.0.50727; .NET CLR 3.5.30729; .NET CLR 3.0.30729; InfoPath.2; Media Center PC 6.0; .NET4.0C; .NET4.0E),,61461,,,,80,and30.blabladomdom.com,,,,,104.42.225.122,8075,US,0,0,,,Communications,,,
3/25/2018 0:28,117.3.171.108,7552,VN,/bla30/gate.php,andromeda-b66,Mozilla/4.0 (compatible; MSIE 7.0; Windows NT 5.1; InfoPath.3; .NET CLR 2.0.50727; .NET CLR 3.0.04506.648; .NET CLR 3.5.21022; .NET4.0C; .NET4.0E),,1149,,,,80,and30.blabladomdom.com,,,,,104.42.225.122,8075,US,0,0,,,Communications,,,
3/25/2018 0:28,116.102.71.42,24086,VN,/data/update.exe,andromeda-b66,,,49339,,,,80,last-time.ru,,,,,104.42.225.122,8075,US,0,0,,,Communications,,,
3/25/2018 0:28,171.235.167.55,7552,VN,/products/gate.php,andromeda-b66,Mozilla/4.0 (compatible; MSIE 7.0; Windows NT 6.1; WOW64; Trident/5.0; SLCC2; .NET CLR 2.0.50727; .NET CLR 3.5.30729; .NET CLR 3.0.30729; Media Center PC 6.0),,49183,,,,80,produkktc.com,,,,,104.42.225.122,8075,US,0,0,,,Communications,,,
3/25/2018 0:29,14.185.47.7,45899,VN,/products/gate.php,andromeda-b66,Mozilla/4.0 (compatible; MSIE 7.0; Windows NT 6.1; Trident/6.0; SLCC2; .NET CLR 2.0.50727; .NET CLR 3.5.30729; .NET CLR 3.0.30729; Media Center PC 6.0; .NET4.0C; .NET4.0E; Tablet PC 2.0),,53994,,,,80,produkktc.com,,,,,104.42.225.122,8075,US,0,0,,,Communications,,,
3/25/2018 0:29,115.74.12.90,7552,VN,/bla30/gate.php,andromeda-b66,Mozilla/4.0 (compatible; MSIE 7.0; Windows NT 6.1; WOW64; Trident/4.0; SLCC2; .NET CLR 2.0.50727; .NET CLR 3.5.30729; .NET CLR 3.0.30729; Media Center PC 6.0; .NET4.0C),,49178,,,,80,and30.blabladomdom.com,,,,,104.42.225.122,8075,US,0,0,,,Communications,,,
3/25/2018 0:29,14.175.247.76,45899,VN,/bla30/gate.php,andromeda-b66,Mozilla/4.0 (compatible; MSIE 7.0; Windows NT 5.1; Trident/4.0; .NET CLR 2.0.50727; .NET4.0C; .NET4.0E),,1256,,,,80,and30.blabladomdom.com,,,,,104.42.225.122,8075,US,0,0,,,Communications,,,
3/25/2018 0:29,42.116.163.117,18403,VN,/products/gate.php,andromeda-b66,Mozilla/4.0 (compatible; MSIE 7.0; Windows NT 6.2; Trident/6.0; .NET4.0E; .NET4.0C; .NET CLR 3.5.30729; .NET CLR 2.0.50727; .NET CLR 3.0.30729),,49320,,,,80,produkktc.com,,,,,104.42.225.122,8075,US,0,0,,,Communications,,,
3/25/2018 0:29,27.65.50.169,7552,VN,/bla28/gate1.php,andromeda-b66,Mozilla/4.0 (compatible; MSIE 7.0; Windows NT 6.1; Trident/6.0; SLCC2; .NET CLR 2.0.50727; .NET CLR 3.5.30729; .NET CLR 3.0.30729; Media Center PC 6.0; .NET4.0C; .NET4.0E),,49163,,,,80,and28.aviationdreamflightering1.com,,,,,104.42.225.122,8075,US,0,0,,,Communications,,,
3/25/2018 0:30,113.169.58.92,45899,VN,/products/gate.php,andromeda-b66,Mozilla/4.0 (compatible; MSIE 7.0; Windows NT 6.1; Trident/5.0; SLCC2; .NET CLR 2.0.50727; .NET CLR 3.5.30729; .NET CLR 3.0.30729; Media Center PC 6.0),,49529,,,,80,produkktc.com,,,,,104.42.225.122,8075,US,0,0,,,Communications,,,
3/25/2018 0:30,117.3.220.156,7552,VN,/bla30/gate.php,andromeda-b66,Mozilla/4.0 (compatible; MSIE 7.0; Windows NT 5.1; Trident/4.0; .NET CLR 1.1.4322; .NET CLR 2.0.50727; .NET CLR 3.0.4506.2152; .NET CLR 3.5.30729),,1109,,,,80,and30.blabladomdom.com,,,,,104.42.225.122,8075,US,0,0,,,Communications,,,
3/25/2018 0:30,123.17.109.132,45899,VN,/bla19/gate.php,andromeda-b66,Mozilla/4.0 (compatible; MSIE 7.0; Windows NT 6.1; Trident/4.0; SLCC2; .NET CLR 2.0.50727; .NET CLR 3.5.30729; .NET CLR 3.0.30729; Tablet PC 2.0),,54309,,,,80,and19.amainwrorldnancy1.com,,,,,104.42.225.122,8075,US,0,0,,,Communications,,,
3/25/2018 0:30,113.181.235.78,45899,VN,/zz/image.php,andromeda-b66,Mozilla/4.0,,1144,,,,80,dfregrheegf.asia,,,,,104.42.225.122,8075,US,0,0,,,Communications,,,
3/25/2018 0:30,113.184.239.237,45899,VN,/data/update.exe,andromeda-b66,,,49258,,,,80,last-time.ru,,,,,104.42.225.122,8075,US,0,0,,,Communications,,,
3/25/2018 0:30,123.23.133.214,45899,VN,/products/gate.php,andromeda-b66,Mozilla/4.0 (compatible; MSIE 7.0; Windows NT 6.1; Trident/5.0; SLCC2; .NET CLR 2.0.50727; .NET CLR 3.5.30729; .NET CLR 3.0.30729; Media Center PC 6.0; .NET4.0C),,27374,,,,80,produkktc.com,,,,,104.42.225.122,8075,US,0,0,,,Communications,,,
3/25/2018 0:31,115.74.206.127,7552,VN,/bla31/gate.php,andromeda-b66,Mozilla/4.0 (compatible; MSIE 7.0; Windows NT 6.1; Trident/6.0; SLCC2; .NET CLR 2.0.50727; .NET CLR 3.5.30729; .NET CLR 3.0.30729; Media Center PC 6.0; .NET4.0C; .NET4.0E),,49819,,,,80,and31.amainwrorldnancy4.com,,,,,104.42.225.122,8075,US,0,0,,,Communications,,,
3/25/2018 0:31,42.112.94.42,18403,VN,/bla12/gate.php,andromeda-b66,Mozilla/4.0,,44076,,,,80,and12.thesuchivestfishmarketeat111.com,,,,,104.42.225.122,8075,US,518111,737401,,,Communications,,,
3/25/2018 0:31,123.20.42.77,45899,VN,/help.php,andromeda-b66,Mozilla/4.0 (compatible; MSIE 7.0; Windows NT 6.1; Trident/4.0; SLCC2; .NET CLR 2.0.50727; .NET CLR 3.5.30729; .NET CLR 3.0.30729; Media Center PC 6.0; Tablet PC 2.0; InfoPath.2),,49180,,,,80,dghfhfgjfhjghj6699.net,,,,,104.42.225.122,8075,US,0,0,,,Communications,,,
3/25/2018 0:31,14.167.3.207,45899,VN,/products/gate.php,andromeda-b66,Mozilla/4.0 (compatible; MSIE 7.0; Windows NT 6.1; Trident/6.0; SLCC2; .NET CLR 2.0.50727; .NET CLR 3.5.30729; .NET CLR 3.0.30729; Media Center PC 6.0; .NET4.0C; .NET4.0E),,49182,,,,80,produkktc.com,,,,,104.42.225.122,8075,US,0,0,,,Communications,,,
3/25/2018 0:31,14.164.106.99,45899,VN,/bla08/gate.php,andromeda-b66,Mozilla/4.0,,1069,,,,80,and4.junglebeariwtc1.com,,,,,104.42.225.122,8075,US,0,0,,,Communications,,,
3/25/2018 0:32,113.186.27.7,45899,VN,/bla13/gate.php,andromeda-b66,Mozilla/4.0,,49162,,,,80,and13.dexterwasanicemoviesz1.com,,,,,104.42.225.122,8075,US,0,0,,,Communications,,,
3/25/2018 0:32,42.117.204.143,18403,VN,/bla19/gate.php,andromeda-b66,Mozilla/4.0 (compatible; MSIE 7.0; Windows NT 6.1; Trident/5.0; SLCC2; .NET CLR 2.0.50727; .NET CLR 3.5.30729; .NET CLR 3.0.30729; Media Center PC 6.0),,49200,,,,80,and19.amainwrorldnancy1.com,,,,,104.42.225.122,8075,US,0,0,,,Communications,,,
3/25/2018 0:32,14.240.232.153,45899,VN,/bla08/gate.php,andromeda-b66,Mozilla/4.0,,1214,,,,80,and4.junglebeariwtc1.com,,,,,104.42.225.122,8075,US,0,0,,,Communications,,,
3/25/2018 0:32,171.239.76.244,7552,VN,/products/gate.php,andromeda-b66,Mozilla/4.0 (compatible; MSIE 7.0; Windows NT 6.2; Trident/6.0; .NET4.0E; .NET4.0C; .NET CLR 3.5.30729; .NET CLR 2.0.50727; .NET CLR 3.0.30729),,51601,,,,80,produkktc.com,,,,,104.42.225.122,8075,US,0,0,,,Communications,,,
3/25/2018 0:33,14.231.181.237,45899,VN,,b68-zeroaccess-2-32bit,,,1025,,,,16464,,,,,,85.17.164.15,60781,NL,0,0,,,Communications,,,
3/25/2018 0:33,14.239.225.94,45899,VN,/1/gate.php,andromeda-b66,Mozilla/4.0,,1124,,,,80,mgrsdfkprogerg.com,,,,,104.42.225.122,8075,US,0,0,,,Communications,,,
3/25/2018 0:33,14.237.161.159,45899,VN,/products/gate.php,andromeda-b66,Mozilla/4.0 (compatible; MSIE 7.0; Windows NT 6.1; Trident/5.0; SLCC2; .NET CLR 2.0.50727; .NET CLR 3.5.30729; .NET CLR 3.0.30729; Media Center PC 6.0; InfoPath.2),,49453,,,,80,produkktc.com,,,,,104.42.225.122,8075,US,0,0,,,Communications,,,
3/25/2018 0:33,14.171.94.48,45899,VN,/bla18/gate.php,andromeda-b66,Mozilla/4.0 (compatible; MSIE 7.0; Windows NT 6.1; Trident/7.0; SLCC2; .NET CLR 2.0.50727; .NET CLR 3.5.30729; .NET CLR 3.0.30729; Media Center PC 6.0; InfoPath.2),,49163,,,,80,and18.f16zakitchenboy1.com,,,,,104.42.225.122,8075,US,0,0,,,Communications,,,
3/25/2018 0:33,58.187.167.20,18403,VN,/bla30/gate.php,andromeda-b66,Mozilla/4.0 (compatible; MSIE 7.0; Windows NT 6.1; WOW64; Trident/4.0; SLCC2; .NET CLR 2.0.50727; .NET CLR 3.5.30729; .NET CLR 3.0.30729; Media Center PC 6.0; .NET4.0C; .NET4.0E),,19937,,,,80,and30.blabladomdom.com,,,,,104.42.225.122,8075,US,518111,737401,,,Communications,,,
3/25/2018 0:33,59.153.241.44,131429,VN,/bla30/gate.php,andromeda-b66,Mozilla/4.0 (compatible; MSIE 7.0; Windows NT 6.1; WOW64; Trident/4.0; SLCC2; .NET CLR 2.0.50727; .NET CLR 3.5.30729; .NET CLR 3.0.30729; Media Center PC 6.0; .NET4.0C; .NET4.0E),,3748,,,,80,and30.blabladomdom.com,,,,,104.42.225.122,8075,US,0,0,,,Communications,,,
3/25/2018 0:33,59.153.235.74,131429,VN,/bla30/gate.php,andromeda-b66,Mozilla/4.0 (compatible; MSIE 7.0; Windows NT 6.1; WOW64; Trident/4.0; SLCC2; .NET CLR 2.0.50727; .NET CLR 3.5.30729; .NET CLR 3.0.30729; Media Center PC 6.0; .NET4.0C; .NET4.0E),,4285,,,,80,and30.blabladomdom.com,,,,,104.42.225.122,8075,US,0,0,,,Communications,,,
3/25/2018 0:33,27.72.76.35,7552,VN,/bla28/gate1.php,andromeda-b66,Mozilla/4.0 (compatible; MSIE 7.0; Windows NT 6.1; Trident/4.0; SLCC2; .NET CLR 2.0.50727; .NET CLR 3.5.30729; .NET CLR 3.0.30729; Media Center PC 6.0; .NET4.0C; .NET4.0E; Tablet PC 2.0),,62211,,,,80,and28.aviationdreamflightering1.com,,,,,104.42.225.122,8075,US,0,0,,,Communications,,,
3/25/2018 0:34,14.235.69.3,45899,VN,/products/gate.php,andromeda-b66,Mozilla/4.0 (compatible; MSIE 7.0; Windows NT 6.1; Trident/6.0; SLCC2; .NET CLR 2.0.50727; .NET CLR 3.5.30729; .NET CLR 3.0.30729; Media Center PC 6.0; .NET4.0C; .NET4.0E),,10006,,,,80,produkktc.com,,,,,104.42.225.122,8075,US,0,0,,,Communications,,,
3/25/2018 0:35,171.233.125.65,7552,VN,/bla21/gate.php,andromeda-b66,Mozilla/4.0 (compatible; MSIE 7.0; Windows NT 6.1; Trident/4.0; SLCC2; .NET CLR 2.0.50727; .NET CLR 3.5.30729; .NET CLR 3.0.30729; Media Center PC 6.0; .NET4.0C; .NET4.0E),,49165,,,,80,and21.nedregisterbali1.com,,,,,104.42.225.122,8075,US,0,0,,,Communications,,,
3/25/2018 0:35,42.112.89.175,18403,VN,/bla30/gate.php,andromeda-b66,Mozilla/4.0 (compatible; MSIE 7.0; Windows NT 6.1; Trident/4.0; SLCC2; .NET CLR 2.0.50727; .NET CLR 3.5.30729; .NET CLR 3.0.30729; Media Center PC 6.0; .NET4.0C; AskTB5.5),,44856,,,,80,and30.blabladomdom.com,,,,,104.42.225.122,8075,US,518111,737401,,,Communications,,,
3/25/2018 0:35,116.97.29.165,7552,VN,/gate.php,andromeda-b66,Mozilla/4.0 (compatible; MSIE 7.0; Windows NT 5.1; Trident/4.0; .NET CLR 2.0.50727; .NET CLR 3.0.4506.2152; .NET CLR 3.5.30729),,1041,,,,80,cfokor.ml,,,,,104.42.225.122,8075,US,0,0,,,Communications,,,
3/25/2018 0:35,113.188.13.63,45899,VN,/help.php,andromeda-b66,Mozilla/4.0 (compatible; MSIE 7.0; Windows NT 5.1; Trident/4.0; .NET CLR 2.0.50727),,1673,,,,80,dghfhfgjfhjghj6699.net,,,,,104.42.225.122,8075,US,0,0,,,Communications,,,
3/25/2018 0:36,113.22.141.195,18403,VN,/bla10/gate.php,andromeda-b66,Mozilla/4.0,,52187,,,,80,and10.uzuzuseubumaandro1.com,,,,,104.42.225.122,8075,US,518111,737401,,,Communications,,,
3/25/2018 0:36,117.3.208.78,7552,VN,/products/gate.php,andromeda-b66,Mozilla/4.0 (compatible; MSIE 7.0; Windows NT 6.1; WOW64; Trident/5.0; SLCC2; .NET CLR 2.0.50727; .NET CLR 3.5.30729; .NET CLR 3.0.30729; Media Center PC 6.0; .NET4.0C),,54898,,,,80,produkktc.com,,,,,104.42.225.122,8075,US,0,0,,,Communications,,,
3/25/2018 0:36,113.171.224.202,45899,VN,/data/update.exe,andromeda-b66,,,56670,,,,80,last-time.ru,,,,,104.42.225.122,8075,US,0,0,,,Communications,,,
3/25/2018 0:36,1.55.68.97,18403,VN,/bla13/gate.php,andromeda-b66,Mozilla/4.0,,1292,,,,80,and13.dexterwasanicemoviesz1.com,,,,,104.42.225.122,8075,US,0,0,,,Communications,,,
3/25/2018 0:36,123.28.133.137,45899,VN,/bla28/gate1.php,andromeda-b66,Mozilla/4.0 (compatible; MSIE 7.0; Windows NT 6.1; Trident/6.0; SLCC2; .NET CLR 2.0.50727; .NET CLR 3.5.30729; .NET CLR 3.0.30729; Media Center PC 6.0; .NET4.0C),,49298,,,,80,and28.aviationdreamflightering1.com,,,,,104.42.225.122,8075,US,0,0,,,Communications,,,
3/25/2018 0:37,117.2.125.98,7552,VN,/bla10/gate.php,andromeda-b66,Mozilla/4.0,,49569,,,,80,and10.uzuzuseubumaandro1.com,,,,,104.42.225.122,8075,US,0,0,,,Communications,,,
3/25/2018 0:37,183.81.50.81,18403,VN,/bla30/gate.php,andromeda-b66,Mozilla/4.0 (compatible; MSIE 7.0; Windows NT 6.1; Trident/6.0; SLCC2; .NET CLR 2.0.50727; .NET CLR 3.5.30729; .NET CLR 3.0.30729; Media Center PC 6.0; .NET4.0C; .NET4.0E),,18476,,,,80,and30.blabladomdom.com,,,,,104.42.225.122,8075,US,518111,737401,,,Communications,,,
3/25/2018 0:38,171.233.211.248,7552,VN,/bla31/gate.php,andromeda-b66,Mozilla/4.0 (compatible; MSIE 7.0; Windows NT 6.1; WOW64; Trident/5.0; SLCC2; .NET CLR 2.0.50727; .NET CLR 3.5.30729; .NET CLR 3.0.30729; Media Center PC 6.0),,49336,,,,80,and31.amainwrorldnancy4.com,,,,,104.42.225.122,8075,US,0,0,,,Communications,,,
3/25/2018 0:38,116.100.169.97,24086,VN,/products/gate.php,andromeda-b66,Mozilla/4.0 (compatible; MSIE 7.0; Windows NT 6.1; Trident/5.0; SLCC2; .NET CLR 2.0.50727; .NET CLR 3.5.30729; .NET CLR 3.0.30729; Media Center PC 6.0; .NET4.0C; .NET4.0E; InfoPath.2),,49946,,,,80,produkktc.com,,,,,104.42.225.122,8075,US,0,0,,,Communications,,,
3/25/2018 0:39,42.114.33.137,18403,VN,/bla30/gate.php,andromeda-b66,Mozilla/4.0 (compatible; MSIE 7.0; Windows NT 6.1; Trident/4.0; SLCC2; .NET CLR 2.0.50727; .NET CLR 3.5.30729; .NET CLR 3.0.30729; Media Center PC 6.0; InfoPath.2; Tablet PC 2.0),,41787,,,,80,and30.blabladomdom.com,,,,,104.42.225.122,8075,US,0,0,,,Communications,,,
3/25/2018 0:39,115.72.9.14,7552,VN,/bla18/gate.php,andromeda-b66,Mozilla/4.0 (compatible; MSIE 7.0; Windows NT 6.1; Trident/6.0; SLCC2; .NET CLR 2.0.50727; .NET CLR 3.5.30729; .NET CLR 3.0.30729; Media Center PC 6.0; .NET4.0C; .NET4.0E; InfoPath.1; Tablet PC 2.0; AskTbCLM/5.8.0.12304),,49260,,,,80,and18.f16zakitchenboy1.com,,,,,104.42.225.122,8075,US,0,0,,,Communications,,,
3/25/2018 0:39,113.179.87.172,45899,VN,/bla31/gate.php,andromeda-b66,Mozilla/4.0 (compatible; MSIE 7.0; Windows NT 6.1; Trident/4.0; SLCC2; .NET CLR 2.0.50727; .NET CLR 3.5.30729; .NET CLR 3.0.30729; Media Center PC 6.0; InfoPath.2),,54273,,,,80,and31.amainwrorldnancy4.com,,,,,104.42.225.122,8075,US,0,0,,,Communications,,,
3/25/2018 0:39,14.233.203.164,45899,VN,/bla12/gate.php,andromeda-b66,Mozilla/4.0,,1053,,,,80,and12.theSuchiVestFishMarketeat111.com,,,,,104.42.225.122,8075,US,0,0,,,Communications,,,
3/25/2018 0:40,116.102.105.35,24086,VN,/products/gate.php,andromeda-b66,Mozilla/4.0 (compatible; MSIE 7.0; Windows NT 6.1; WOW64; Trident/5.0; SLCC2; .NET CLR 2.0.50727; .NET CLR 3.5.30729; .NET CLR 3.0.30729; Media Center PC 6.0; .NET4.0C; .NET4.0E),,62231,,,,80,produkktc.com,,,,,104.42.225.122,8075,US,0,0,,,Communications,,,
3/25/2018 0:40,113.170.101.150,45899,VN,/bla28/gate1.php,andromeda-b66,Mozilla/4.0 (compatible; MSIE 7.0; Windows NT 6.1; Trident/7.0; SLCC2; .NET CLR 2.0.50727; .NET CLR 3.5.30729; .NET CLR 3.0.30729; Media Center PC 6.0; .NET4.0C; .NET4.0E),,56871,,,,80,and28.aviationdreamflightering1.com,,,,,104.42.225.122,8075,US,0,0,,,Communications,,,
3/25/2018 0:40,1.54.192.22,18403,VN,/bla28/gate1.php,andromeda-b66,Mozilla/4.0 (compatible; MSIE 7.0; Windows NT 6.1; Trident/5.0; SLCC2; .NET CLR 2.0.50727; .NET CLR 3.5.30729; .NET CLR 3.0.30729; Media Center PC 6.0),,53793,,,,80,and28.aviationdreamflightering1.com,,,,,104.42.225.122,8075,US,0,0,,,Communications,,,
3/25/2018 0:41,123.24.76.12,45899,VN,/help.php,andromeda-b66,Mozilla/4.0 (compatible; MSIE 7.0; Windows NT 5.1; Trident/4.0; .NET CLR 2.0.50727; .NET CLR 3.0.4506.2152; .NET CLR 3.5.30729; .NET4.0C; .NET4.0E),,1030,,,,80,dghfhfgjfhjghj6699.net,,,,,104.42.225.122,8075,US,0,0,,,Communications,,,
3/25/2018 0:41,113.189.202.65,45899,VN,/bla10/gate.php,andromeda-b66,Mozilla/4.0,,3925,,,,80,and10.uzuzuseubumaandro1.com,,,,,104.42.225.122,8075,US,0,0,,,Communications,,,
3/25/2018 0:41,113.170.94.6,45899,VN,/bla12/gate.php,andromeda-b66,Mozilla/4.0,,1032,,,,80,and12.theSuchiVestFishMarketeat111.com,,,,,104.42.225.122,8075,US,0,0,,,Communications,,,
3/25/2018 0:42,14.182.100.16,45899,VN,/bla30/gate.php,andromeda-b66,Mozilla/4.0 (compatible; MSIE 7.0; Windows NT 6.1; WOW64; Trident/4.0; SLCC2; .NET CLR 2.0.50727; .NET CLR 3.5.30729; .NET CLR 3.0.30729; Media Center PC 6.0),,50254,,,,80,and30.blabladomdom.com,,,,,104.42.225.122,8075,US,0,0,,,Communications,,,
3/25/2018 0:42,42.113.198.198,18403,VN,/products/gate.php,andromeda-b66,Mozilla/4.0 (compatible; MSIE 7.0; Windows NT 6.1; Trident/5.0; SLCC2; .NET CLR 2.0.50727; .NET CLR 3.5.30729; .NET CLR 3.0.30729; Media Center PC 6.0),,51595,,,,80,produkktc.com,,,,,104.42.225.122,8075,US,0,0,,,Communications,,,
3/25/2018 0:42,14.232.56.131,45899,VN,/bla30/gate.php,andromeda-b66,Mozilla/4.0 (compatible; MSIE 7.0; Windows NT 6.1; WOW64; Trident/4.0; SLCC2; .NET CLR 2.0.50727; .NET CLR 3.5.30729; .NET CLR 3.0.30729; Media Center PC 6.0; .NET4.0C; .NET4.0E),,49165,,,,80,and30.blabladomdom.com,,,,,104.42.225.122,8075,US,0,0,,,Communications,,,
3/25/2018 0:42,116.98.72.17,24086,VN,/bla30/gate.php,andromeda-b66,Mozilla/4.0 (compatible; MSIE 7.0; Windows NT 6.1; Trident/5.0; SLCC2; .NET CLR 2.0.50727; .NET CLR 3.5.30729; .NET CLR 3.0.30729; Media Center PC 6.0; .NET4.0C),,49183,,,,80,and30.blabladomdom.com,,,,,104.42.225.122,8075,US,0,0,,,Communications,,,
3/25/2018 0:42,171.226.65.175,7552,VN,/bla30/gate.php,andromeda-b66,Mozilla/4.0 (compatible; MSIE 7.0; Windows NT 6.1; WOW64; Trident/4.0; SLCC2; .NET CLR 2.0.50727; .NET CLR 3.5.30729; .NET CLR 3.0.30729; .NET4.0C; .NET4.0E),,60369,,,,80,and30.blabladomdom.com,,,,,104.42.225.122,8075,US,0,0,,,Communications,,,
3/25/2018 0:42,117.1.224.22,7552,VN,/bla09/gate.php,andromeda-b66,Mozilla/4.0,,53472,,,,80,and9.themainnotmainstreet2.com,,,,,104.42.225.122,8075,US,0,0,,,Communications,,,
3/25/2018 0:43,113.184.31.139,45899,VN,,b68-zeroaccess-2-32bit,,,61790,,,,16464,,,,,,85.17.164.15,60781,NL,0,0,,,Communications,,,
3/25/2018 0:43,116.110.146.15,24086,VN,/products/gate.php,andromeda-b66,Mozilla/4.0 (compatible; MSIE 7.0; Windows NT 6.1; Trident/5.0; SLCC2; .NET CLR 2.0.50727; .NET CLR 3.5.30729; .NET CLR 3.0.30729; Media Center PC 6.0; .NET4.0C; .NET4.0E),,49159,,,,80,produkktc.com,,,,,104.42.225.122,8075,US,0,0,,,Communications,,,
3/25/2018 0:43,14.235.21.122,45899,VN,/bla30/gate.php,andromeda-b66,Mozilla/4.0 (compatible; MSIE 7.0; Windows NT 6.3; Trident/7.0; .NET4.0E; .NET4.0C),,49172,,,,80,and30.blabladomdom.com,,,,,104.42.225.122,8075,US,0,0,,,Communications,,,
3/25/2018 0:44,116.107.41.100,7552,VN,/bla19/gate.php,andromeda-b66,Mozilla/4.0 (compatible; MSIE 7.0; Windows NT 6.1; WOW64; Trident/4.0; SLCC2; .NET CLR 2.0.50727; .NET CLR 3.5.30729; .NET CLR 3.0.30729; Media Center PC 6.0; InfoPath.1; .NET4.0C; .NET4.0E),,58700,,,,80,and19.amainwrorldnancy1.com,,,,,104.42.225.122,8075,US,0,0,,,Communications,,,
3/25/2018 0:45,14.236.144.109,45899,VN,/bla31/gate.php,andromeda-b66,Mozilla/4.0 (compatible; MSIE 7.0; Windows NT 6.1; WOW64; Trident/7.0; SLCC2; .NET CLR 2.0.50727; .NET CLR 3.5.30729; .NET CLR 3.0.30729; Media Center PC 6.0; InfoPath.2),,61735,,,,80,and31.amainwrorldnancy4.com,,,,,104.42.225.122,8075,US,0,0,,,Communications,,,
3/25/2018 0:46,42.113.185.193,18403,VN,/products/gate.php,andromeda-b66,Mozilla/4.0 (compatible; MSIE 7.0; Windows NT 6.1; Trident/4.0; SLCC2; .NET CLR 2.0.50727; .NET CLR 3.5.30729; .NET CLR 3.0.30729; Media Center PC 6.0; .NET4.0C; .NET4.0E),,61602,,,,80,produkktc.com,,,,,104.42.225.122,8075,US,0,0,,,Communications,,,
3/25/2018 0:46,112.197.35.52,45543,VN,/products/gate.php,andromeda-b66,Mozilla/4.0 (compatible; MSIE 7.0; Windows NT 6.1; Trident/5.0; SLCC2; .NET CLR 2.0.50727; .NET CLR 3.5.30729; .NET CLR 3.0.30729; Media Center PC 6.0; .NET4.0C; .NET4.0E),,50685,,,,80,produkktc.com,,,,,104.42.225.122,8075,US,0,0,,,Communications,,,
3/25/2018 0:46,27.78.148.5,7552,VN,/bla09/gate.php,andromeda-b66,Mozilla/4.0,,64886,,,,80,and9.themainnotmainstreet2.com,,,,,104.42.225.122,8075,US,0,0,,,Communications,,,
3/25/2018 0:46,27.64.148.191,7552,VN,/bla30/gate.php,andromeda-b66,Mozilla/4.0 (compatible; MSIE 7.0; Windows NT 6.1; Trident/4.0; SLCC2; .NET CLR 2.0.50727; .NET CLR 3.5.30729; .NET CLR 3.0.30729; Media Center PC 6.0; .NET4.0C; .NET4.0E; InfoPath.2; Tablet PC 2.0),,64208,,,,80,and30.blabladomdom.com,,,,,104.42.225.122,8075,US,0,0,,,Communications,,,
3/25/2018 0:46,113.186.2.138,45899,VN,/bla30/gate.php,andromeda-b66,Mozilla/4.0 (compatible; MSIE 7.0; Windows NT 6.1; Trident/4.0; GTB7.5; SLCC2; .NET CLR 2.0.50727; .NET CLR 3.5.30729; .NET CLR 3.0.30729; Media Center PC 6.0; InfoPath.2; Tablet PC 2.0),,52646,,,,80,and30.blabladomdom.com,,,,,104.42.225.122,8075,US,0,0,,,Communications,,,
3/25/2018 0:47,14.191.43.192,45899,VN,/products/gate.php,andromeda-b66,Mozilla/4.0 (compatible; MSIE 7.0; Windows NT 6.1; Trident/6.0; SLCC2; .NET CLR 2.0.50727; .NET CLR 3.5.30729; .NET CLR 3.0.30729; Media Center PC 6.0; .NET4.0C; .NET4.0E),,61834,,,,80,produkktc.com,,,,,104.42.225.122,8075,US,0,0,,,Communications,,,
3/25/2018 0:47,14.189.13.184,45899,VN,/products/gate.php,andromeda-b66,Mozilla/4.0 (compatible; MSIE 7.0; Windows NT 6.1; Trident/6.0; SLCC2; .NET CLR 2.0.50727; .NET CLR 3.5.30729; .NET CLR 3.0.30729; Media Center PC 6.0; .NET4.0C; .NET4.0E),,49160,,,,80,produkktc.com,,,,,104.42.225.122,8075,US,0,0,,,Communications,,,
3/25/2018 0:48,113.189.65.89,45899,VN,/andro/gate.php,andromeda-b66,Mozilla/4.0 (compatible; MSIE 7.0; Windows NT 6.1; Trident/6.0; SLCC2; .NET CLR 2.0.50727; .NET CLR 3.5.30729; .NET CLR 3.0.30729; Media Center PC 6.0; .NET4.0C; .NET4.0E; Zoom 3.6.0),,49201,,,,80,comecomefindme.ru,,,,,104.42.225.122,8075,US,0,0,,,Communications,,,
3/25/2018 0:48,180.148.2.35,45557,VN,/bla30/gate.php,andromeda-b66,Mozilla/4.0 (compatible; MSIE 7.0; Windows NT 5.1; .NET CLR 2.0.50727; .NET CLR 3.0.4506.2152; .NET CLR 3.5.30729; AskTB5.6),,35455,,,,80,and30.blabladomdom.com,,,,,104.42.225.122,8075,US,0,0,,,Communications,,,
3/25/2018 0:48,14.235.126.231,45899,VN,/help.php,andromeda-b66,Mozilla/4.0 (compatible; MSIE 7.0; Windows NT 6.1; Trident/4.0; SLCC2; .NET CLR 2.0.50727; .NET CLR 3.5.30729; .NET CLR 3.0.30729; Media Center PC 6.0; Tablet PC 2.0),,60341,,,,80,dghfhfgjfhjghj6699.net,,,,,104.42.225.122,8075,US,0,0,,,Communications,,,
3/25/2018 0:48,14.183.85.88,45899,VN,/products/gate.php,andromeda-b66,Mozilla/4.0 (compatible; MSIE 7.0; Windows NT 6.1; Trident/5.0; SLCC2; .NET CLR 2.0.50727; .NET CLR 3.5.30729; .NET CLR 3.0.30729; Media Center PC 6.0; .NET4.0C; .NET4.0E),,49233,,,,80,produkktc.com,,,,,104.42.225.122,8075,US,0,0,,,Communications,,,
3/25/2018 0:48,42.113.199.71,18403,VN,/bla19/gate.php,andromeda-b66,Mozilla/4.0 (compatible; MSIE 7.0; Windows NT 6.1; Trident/4.0; SLCC2; .NET CLR 2.0.50727; .NET CLR 3.5.30729; .NET CLR 3.0.30729; .NET4.0C; .NET4.0E),,56136,,,,80,and19.amainwrorldnancy1.com,,,,,104.42.225.122,8075,US,0,0,,,Communications,,,
3/25/2018 0:49,14.163.213.102,45899,VN,/bla30/gate.php,andromeda-b66,Mozilla/4.0 (compatible; MSIE 7.0; Windows NT 5.1; Trident/4.0),,2324,,,,80,and30.blabladomdom.com,,,,,104.42.225.122,8075,US,0,0,,,Communications,,,
3/25/2018 0:49,123.23.26.122,45899,VN,/help.php,andromeda-b66,Mozilla/4.0 (compatible; MSIE 7.0; Windows NT 6.1; Trident/6.0; SLCC2; .NET CLR 2.0.50727; .NET CLR 3.5.30729; .NET CLR 3.0.30729; Media Center PC 6.0; .NET4.0C; .NET4.0E),,55635,,,,80,dghfhfgjfhjghj6699.net,,,,,104.42.225.122,8075,US,0,0,,,Communications,,,
3/25/2018 0:49,14.164.238.58,45899,VN,/products/gate.php,andromeda-b66,Mozilla/4.0 (compatible; MSIE 7.0; Windows NT 6.1; Trident/6.0; SLCC2; .NET CLR 2.0.50727; .NET CLR 3.5.30729; .NET CLR 3.0.30729; Media Center PC 6.0; .NET4.0C; .NET4.0E; Tablet PC 2.0),,49302,,,,80,produkktc.com,,,,,104.42.225.122,8075,US,0,0,,,Communications,,,
3/25/2018 0:50,42.112.224.48,18403,VN,/bla30/gate.php,andromeda-b66,Mozilla/4.0 (compatible; MSIE 7.0; Windows NT 6.1; Trident/6.0; SLCC2; .NET CLR 2.0.50727; .NET CLR 3.5.30729; .NET CLR 3.0.30729; Media Center PC 6.0; .NET4.0C; .NET4.0E; Tablet PC 2.0),,35254,,,,80,and30.blabladomdom.com,,,,,104.42.225.122,8075,US,0,0,,,Communications,,,
3/25/2018 0:50,27.2.126.46,45543,VN,/bla09/gate.php,andromeda-b66,Mozilla/4.0,,53921,,,,80,and9.themainnotmainstreet2.com,,,,,104.42.225.122,8075,US,0,0,,,Communications,,,
3/25/2018 0:50,14.240.74.72,45899,VN,/bla12/gate.php,andromeda-b66,Mozilla/4.0,,49468,,,,80,and12.thesuchivestfishmarketeat111.com,,,,,104.42.225.122,8075,US,0,0,,,Communications,,,
3/25/2018 0:50,116.100.149.255,24086,VN,/help.php,andromeda-b66,Mozilla/4.0 (compatible; MSIE 8.0; Windows NT 5.1; Trident/4.0; .NET CLR 2.0.50727; .NET CLR 3.0.4506.2152; .NET CLR 3.5.30729),,5185,,,,80,dghfhfgjfhjghj6699.net,,,,,104.42.225.122,8075,US,0,0,,,Communications,,,
3/25/2018 0:50,115.74.188.140,7552,VN,/bla13/gate.php,andromeda-b66,Mozilla/4.0,,49170,,,,80,and13.dexterwasanicemoviesz1.com,,,,,104.42.225.122,8075,US,0,0,,,Communications,,,
3/25/2018 0:50,14.237.24.211,45899,VN,,b68-zeroaccess-2-64bit,,,49154,,,,16465,,,,,,168.63.254.209,8075,SG,0,0,,,Communications,,,
3/25/2018 0:50,116.111.56.75,7552,VN,/bla30/gate.php,andromeda-b66,Mozilla/4.0 (compatible; MSIE 6.0; Windows NT 5.1; SV1),,4271,,,,80,and30.blabladomdom.com,,,,,104.42.225.122,8075,US,0,0,,,Communications,,,
3/25/2018 0:51,27.64.83.192,7552,VN,/bla30/gate.php,andromeda-b66,Mozilla/4.0 (compatible; MSIE 7.0; Windows NT 5.1; Trident/4.0),,1226,,,,80,and30.amainwrorldnancy2.com,,,,,104.42.225.122,8075,US,0,0,,,Communications,,,
3/25/2018 0:51,171.238.31.177,7552,VN,/help.php,andromeda-b66,Mozilla/4.0 (compatible; MSIE 7.0; Windows NT 5.1; Trident/4.0; .NET4.0C; .NET4.0E; .NET CLR 2.0.50727),,1705,,,,80,dghfhfgjfhjghj6699.net,,,,,104.42.225.122,8075,US,0,0,,,Communications,,,
3/25/2018 0:51,42.115.84.120,131178,VN,/bla30/gate.php,andromeda-b66,Mozilla/4.0 (compatible; MSIE 7.0; Windows NT 6.3; WOW64; Trident/7.0; .NET4.0E; .NET4.0C; InfoPath.3; .NET CLR 3.5.30729; .NET CLR 2.0.50727; .NET CLR 3.0.30729),,54676,,,,80,and30.blabladomdom.com,,,,,104.42.225.122,8075,US,0,0,,,Communications,,,
3/25/2018 0:51,113.179.225.15,45899,VN,,b68-zeroaccess-2-32bit,,,61790,,,,16464,,,,,,52.169.189.46,8075,IE,0,0,,,Communications,,,
3/25/2018 0:52,58.187.173.36,18403,VN,/bla30/gate.php,andromeda-b66,Mozilla/4.0 (compatible; MSIE 7.0; Windows NT 6.3; WOW64; Trident/7.0; .NET4.0E; .NET4.0C; .NET CLR 3.5.30729; .NET CLR 2.0.50727; .NET CLR 3.0.30729),,9090,,,,80,and30.blabladomdom.com,,,,,104.42.225.122,8075,US,518111,737401,,,Communications,,,
3/25/2018 0:52,115.75.64.127,7552,VN,/bla30/gate.php,andromeda-b66,Mozilla/4.0 (compatible; MSIE 7.0; Windows NT 6.1; WOW64; Trident/7.0; SLCC2; .NET CLR 2.0.50727; .NET CLR 3.5.30729; .NET CLR 3.0.30729; Media Center PC 6.0; .NET4.0C; .NET4.0E),,36480,,,,80,and30.blabladomdom.com,,,,,104.42.225.122,8075,US,0,0,,,Communications,,,
3/25/2018 0:52,171.234.148.75,7552,VN,/bla16/gate.php,andromeda-b66,Mozilla/4.0 (compatible; MSIE 6.0; Windows NT 5.1; SV1; .NET CLR 2.0.50727; .NET4.0C; .NET4.0E),,1036,,,,80,and16.f16zakitchengirl1.com,,,,,104.42.225.122,8075,US,0,0,,,Communications,,,
3/25/2018 0:52,171.229.69.4,7552,VN,/help.php,andromeda-b66,Mozilla/4.0 (compatible; MSIE 7.0; Windows NT 6.1; Trident/4.0; SLCC2; .NET CLR 2.0.50727; .NET CLR 3.5.30729; .NET CLR 3.0.30729; Media Center PC 6.0),,49195,,,,80,dghfhfgjfhjghj6699.net,,,,,104.42.225.122,8075,US,0,0,,,Communications,,,
3/25/2018 0:52,113.169.49.188,45899,VN,/bla19/gate.php,andromeda-b66,Mozilla/4.0 (compatible; MSIE 7.0; Windows NT 6.1; Trident/4.0; SLCC2; .NET CLR 2.0.50727; .NET CLR 3.5.30729; .NET CLR 3.0.30729; Media Center PC 6.0; InfoPath.2; InfoPath.3),,55476,,,,80,and19.amainwrorldnancy1.com,,,,,104.42.225.122,8075,US,0,0,,,Communications,,,
