timestamp,ip,protocol,port,hostname,tag,asn,geo,region,city,naics,sic,banner
3/25/2018 16:20,112.109.88.165,tcp,2323,,telnet-alt,55309,VN,HO CHI MINH,THANH PHO HO CHI MINH,0,0,||Welcome to VyOS||BlockChain-VT login: 
3/25/2018 16:20,113.161.107.43,tcp,2323,mail.vlsaomai.com,telnet-alt,45899,VN,HO CHI MINH,THANH PHO HO CHI MINH,0,0,||login: 
3/25/2018 16:20,113.161.90.14,tcp,2323,static.vnpt.vn,telnet-alt,45899,VN,HO CHI MINH,THANH PHO HO CHI MINH,0,0,||login: 
3/25/2018 16:20,14.174.122.226,tcp,2323,static.vnpt.vn,telnet-alt,45899,VN,DA NANG,DA NANG,0,0,|Account:
3/25/2018 16:20,182.237.21.209,tcp,2323,,telnet-alt,55309,VN,HO CHI MINH,THANH PHO HO CHI MINH,0,0,||Welcome to VyOS||NGOINHADUC login: 
3/25/2018 16:20,113.161.85.170,tcp,2323,static.vnpt.vn,telnet-alt,45899,VN,HO CHI MINH,THANH PHO HO CHI MINH,0,0,||||Account:
3/25/2018 16:20,113.160.112.78,tcp,2323,static.vnpt.vn,telnet-alt,45899,VN,HA NOI,HANOI,0,0,THPT-HOANHBO login: 
3/25/2018 16:20,113.180.14.71,tcp,2323,static.vnpt.vn,telnet-alt,45899,VN,LONG AN,TAN AN,0,0,969697786
3/25/2018 16:20,113.174.2.27,tcp,2323,static.vnpt.vn,telnet-alt,45899,VN,BEN TRE,BEN TRE,0,0,iGate GW040 wireless ONT|wlctl: wl driver adapter not found|Login: 
3/25/2018 16:20,14.228.198.87,tcp,2323,static.vnpt.vn,telnet-alt,45899,VN,HA NOI,HANOI,0,0,686856085
3/25/2018 16:20,14.164.134.64,tcp,2323,static.vnpt.vn,telnet-alt,45899,VN,AN GIANG,LONG AN,0,0,||||Account:
3/25/2018 16:20,14.161.21.108,tcp,2323,static.vnpt.vn,telnet-alt,45899,VN,HO CHI MINH,THANH PHO HO CHI MINH,0,0,||Welcome to VyOS||Bwaltd login: 
3/25/2018 16:20,14.161.20.97,tcp,2323,,telnet-alt,45899,VN,HO CHI MINH,THANH PHO HO CHI MINH,0,0,||Welcome to VyOS||VUS-Backup login: 
3/25/2018 16:20,113.161.81.60,tcp,2323,static.vdc.vn,telnet-alt,45899,VN,HO CHI MINH,THANH PHO HO CHI MINH,0,0,|Account:
3/25/2018 16:21,113.160.186.10,tcp,2323,static.vnpt.vn,telnet-alt,45899,VN,HA NOI,HANOI,0,0,|||Password: ||System administrator is connecting from 216.218.206.69||Reject the connection request !!!||
3/25/2018 16:21,118.69.211.20,tcp,2323,,telnet-alt,18403,VN,HA NOI,HANOI,518111,737401,|
3/25/2018 16:21,42.115.86.166,tcp,2323,,telnet-alt,131178,VN,HA NOI,HANOI,0,0,||(none) login: 
3/25/2018 16:21,180.148.2.25,tcp,2323,,telnet-alt,45557,VN,HO CHI MINH,THANH PHO HO CHI MINH,0,0,||||Account:
3/25/2018 16:21,115.78.231.167,tcp,2323,,telnet-alt,7552,VN,HO CHI MINH,THANH PHO HO CHI MINH,0,0,Remote Management Console|login: 
3/25/2018 16:21,113.160.73.254,tcp,2323,static.vnpt.vn,telnet-alt,45899,VN,HA NOI,HANOI,0,0,Remote Management Console|login: 
3/25/2018 16:21,171.250.86.254,tcp,2323,,telnet-alt,7552,VN,CAN THO,CAN THO,0,0,|Account:|Account:
3/25/2018 16:22,125.235.8.210,tcp,2323,125.235.8.210.adsl.viettel.vn,telnet-alt,7552,VN,HA NOI,HANOI,0,0,SSH-2.0-OpenSSH_4.4|
3/25/2018 16:22,14.226.233.224,tcp,2323,static.vnpt.vn,telnet-alt,45899,VN,BA RIA-VUNG TAU,VUNG TAU,0,0,|Account:
3/25/2018 16:22,113.160.202.114,tcp,2323,static.vnpt.vn,telnet-alt,45899,VN,HA NOI,HANOI,0,0,||||Account:
3/25/2018 16:22,118.70.80.177,tcp,2323,mail.bravo.com.vn,telnet-alt,18403,VN,HA NOI,HANOI,518111,737401,||login: 
3/25/2018 16:22,113.176.61.213,tcp,2323,dynamic.vdc.com.vn,telnet-alt,45899,VN,HO CHI MINH,THANH PHO HO CHI MINH,0,0,||||Account:
3/25/2018 16:22,118.69.123.98,tcp,2323,,telnet-alt,18403,VN,HA NOI,HANOI,518111,737401,||Chi login: 
3/25/2018 16:22,14.161.28.105,tcp,2323,static.vnpt.vn,telnet-alt,45899,VN,HO CHI MINH,THANH PHO HO CHI MINH,0,0,220-FileZilla Server 0.9.60 beta|220-written by Tim Kosse (tim.kosse@filezilla-project.org)|220 Please visit https://filezilla-project.org/|
3/25/2018 16:22,113.162.247.26,tcp,2323,dynamic.vdc.vn,telnet-alt,45899,VN,HA NOI,HANOI,0,0,|Account:
3/25/2018 16:22,115.78.96.196,tcp,2323,,telnet-alt,7552,VN,HO CHI MINH,THANH PHO HO CHI MINH,0,0,|| username:
3/25/2018 16:23,123.20.109.114,tcp,2323,,telnet-alt,45899,VN,HO CHI MINH,THANH PHO HO CHI MINH,0,0,||DD-WRT v24-sp2 std (c) 2014 NewMedia-NET GmbH|Release: 01/20/14 (SVN revision: 23392)||DD-WRT login: 
3/25/2018 16:23,115.74.201.198,tcp,2323,adsl.viettel.vn,telnet-alt,7552,VN,HA NOI,HANOI,0,0,"|| Gateway Console System|||      CLI session with the system is open.||      To end the CLI session, enter [Exit].|||IP PBX>"
3/25/2018 16:23,118.69.52.183,tcp,2323,,telnet-alt,18403,VN,HA NOI,HANOI,518111,737401,|Account:
3/25/2018 16:23,117.4.106.225,tcp,2323,localhost,telnet-alt,7552,VN,BAC GIANG,BAC GIANG,0,0,|MikroTik v6.33.5 (stable)|Login: 
3/25/2018 16:23,180.93.23.4,tcp,2323,,telnet-alt,7602,VN,HA NOI,HANOI,0,0,|MikroTik v6.41 (stable)|Login: 
3/25/2018 16:23,118.68.166.20,tcp,2323,,telnet-alt,18403,VN,HA NOI,HANOI,518111,737401,head
3/25/2018 16:23,113.161.174.125,tcp,2323,static.vnpt.vn,telnet-alt,45899,VN,HO CHI MINH,THANH PHO HO CHI MINH,0,0,||Chi login: 
3/25/2018 16:23,14.162.167.77,tcp,2323,static.vnpt.vn,telnet-alt,45899,VN,HA NOI,HANOI,0,0,||login: 
3/25/2018 16:23,123.25.121.114,tcp,2323,static.vdc.vn,telnet-alt,45899,VN,BAC NINH,BAC NINH,0,0,||||Account:
3/25/2018 16:23,113.161.6.47,tcp,2323,static.vnpt.vn,telnet-alt,45899,VN,HA NOI,HANOI,0,0,|Account:
3/25/2018 16:23,222.255.124.63,tcp,2323,hcm-cp63.vnn.vn,telnet-alt,45899,VN,HA NOI,HANOI,0,0,Welcome to the Presentation Server Remote Connection.|Please login first.|
3/25/2018 16:23,27.74.252.24,tcp,2323,,telnet-alt,7552,VN,HO CHI MINH,THANH PHO HO CHI MINH,0,0,|Account:
3/25/2018 16:23,118.69.66.134,tcp,2323,,telnet-alt,18403,VN,HA NOI,HANOI,518111,737401,||||Account:
3/25/2018 16:23,123.25.240.236,tcp,2323,static.vdc.vn,telnet-alt,45899,VN,HO CHI MINH,THANH PHO HO CHI MINH,0,0,||login: 
3/25/2018 16:23,118.69.187.101,tcp,2323,,telnet-alt,18403,VN,DA NANG,DA NANG,518111,737401,||login: 
3/25/2018 16:23,203.205.26.5,tcp,2323,static.cmcti.vn,telnet-alt,45903,VN,HO CHI MINH,THANH PHO HO CHI MINH,0,0,|MikroTik v6.35.3 (stable)|Login: 
3/25/2018 16:23,113.161.86.255,tcp,2323,static.vnpt.vn,telnet-alt,45899,VN,HO CHI MINH,THANH PHO HO CHI MINH,0,0,||Welcome to VyOS||NGOINHADUC login: 
3/25/2018 16:23,123.30.162.41,tcp,2323,static.vnpt.vn,telnet-alt,45899,VN,CAN THO,CAN THO,0,0,Remote Management Console|login: 
3/25/2018 16:23,117.0.134.28,tcp,2323,localhost,telnet-alt,7552,VN,HA NOI,HANOI,0,0,|MikroTik v6.41.2 (stable)|Login: 
3/25/2018 16:23,113.176.95.163,tcp,2323,,telnet-alt,45899,VN,HO CHI MINH,THANH PHO HO CHI MINH,0,0,||login: 
3/25/2018 16:23,14.161.1.202,tcp,2323,static.vnpt.vn,telnet-alt,45899,VN,HO CHI MINH,THANH PHO HO CHI MINH,0,0,|| Gateway Console System||Password: 
3/25/2018 16:23,27.72.40.74,tcp,2323,,telnet-alt,7552,VN,BAC NINH,BAC NINH,0,0,|MikroTik v6.33.5 (stable)|Login: 
3/25/2018 16:23,14.177.26.68,tcp,2323,static.vnpt.vn,telnet-alt,45899,VN,HA NOI,HANOI,0,0,||login: 
3/25/2018 16:24,112.109.88.149,tcp,2323,,telnet-alt,55309,VN,HO CHI MINH,THANH PHO HO CHI MINH,0,0,||Welcome to VyOS||Capella-Lyvanphuc login: 
3/25/2018 16:24,45.122.240.9,tcp,2323,static.cmcti.vn,telnet-alt,45903,VN,HA NOI,HANOI,0,0,||login: 
3/25/2018 16:24,14.161.25.83,tcp,2323,static.vnpt.vn,telnet-alt,45899,VN,HO CHI MINH,THANH PHO HO CHI MINH,0,0,|||Password: 
3/25/2018 16:24,14.162.237.217,tcp,2323,static.vnpt.vn,telnet-alt,45899,VN,HA NOI,HANOI,0,0,||login: 
3/25/2018 16:24,14.177.238.170,tcp,2323,,telnet-alt,45899,VN,HA NOI,HANOI,0,0,||||Account:
3/25/2018 16:24,123.25.6.205,tcp,2323,static.vnpt-hanoi.com.vn,telnet-alt,45899,VN,HA NOI,HANOI,0,0,||login: 
3/25/2018 16:24,14.187.6.253,tcp,2323,static.vnpt.vn,telnet-alt,45899,VN,HA NOI,HANOI,0,0,head
3/25/2018 16:24,42.112.4.106,tcp,2323,,telnet-alt,18403,VN,HA NOI,HANOI,518111,737401,|MontaVista(R) Linux(R) Professional Edition 4.0.1 (0600996)|Linux/mips64 2.6.10_mvl401-spirent_mvl401||nfs login: 
3/25/2018 16:24,210.245.32.46,tcp,2323,210-245-32-megaoff-static-ip.hcm.fpt.vn,telnet-alt,18403,VN,HO CHI MINH,THANH PHO HO CHI MINH,518111,737401,||login: 
3/25/2018 16:24,113.161.65.91,tcp,2323,static.vnpt.vn,telnet-alt,45899,VN,HO CHI MINH,THANH PHO HO CHI MINH,0,0,||Welcome to VyOS||Malaysia login: 
3/25/2018 16:24,113.161.86.247,tcp,2323,static.vnpt.vn,telnet-alt,45899,VN,HO CHI MINH,THANH PHO HO CHI MINH,0,0,||login: 
3/25/2018 16:24,14.230.145.26,tcp,2323,static.vnpt.vn,telnet-alt,45899,VN,HO CHI MINH,THANH PHO HO CHI MINH,0,0,|| Gateway Console System||Password: 
3/25/2018 16:24,112.109.92.117,tcp,2323,,telnet-alt,55309,VN,HO CHI MINH,THANH PHO HO CHI MINH,0,0,||Welcome to VyOS||GS25-TD login: 
3/25/2018 16:24,113.161.58.13,tcp,2323,static.vnpt.vn,telnet-alt,45899,VN,HO CHI MINH,THANH PHO HO CHI MINH,0,0,||Welcome to VyOS||GS25-TD login: 
3/25/2018 16:24,101.99.42.39,tcp,2323,static.cmcti.vn,telnet-alt,45903,VN,HO CHI MINH,THANH PHO HO CHI MINH,0,0,||login: 
3/25/2018 16:24,113.163.216.174,tcp,2323,mail.allwells-mortex.com,telnet-alt,45899,VN,BA RIA-VUNG TAU,VUNG TAU,0,0,||AW login: 
3/25/2018 16:24,14.177.238.169,tcp,2323,,telnet-alt,45899,VN,HA NOI,HANOI,0,0,||||Account:
3/25/2018 16:24,113.161.176.243,tcp,2323,static.vnpt.vn,telnet-alt,45899,VN,TAY NINH,TAY NINH,0,0,||||Account:
3/25/2018 16:24,112.109.91.37,tcp,2323,,telnet-alt,55309,VN,HO CHI MINH,THANH PHO HO CHI MINH,0,0,||Welcome to VyOS||Blockchain-VT-DLat login: 
3/25/2018 16:25,115.74.215.116,tcp,2323,adsl.viettel.vn,telnet-alt,7552,VN,HA NOI,HANOI,0,0,||Welcome to VyOS||KLB-LA login: 
3/25/2018 16:25,45.122.240.13,tcp,2323,static.cmcti.vn,telnet-alt,45903,VN,HA NOI,HANOI,0,0,||login: 
3/25/2018 16:25,103.97.125.156,tcp,2323,no-ptr.123host.vn,telnet-alt,56153,VN,HO CHI MINH,THANH PHO HO CHI MINH,0,0,CCProxy Telnet>CCProxy Telnet Service Ready.|CCProxy Telnet>
3/25/2018 16:25,14.232.166.69,tcp,2323,static.vnpt.vn,telnet-alt,45899,VN,HA NOI,HANOI,0,0,|MikroTik v6.25|Login: 
3/25/2018 16:25,222.253.138.237,tcp,2323,static.vnpt.vn,telnet-alt,45899,VN,HO CHI MINH,THANH PHO HO CHI MINH,0,0,Remote Management Console|login: 
3/25/2018 16:25,113.161.86.47,tcp,2323,static.vnpt.vn,telnet-alt,45899,VN,HO CHI MINH,THANH PHO HO CHI MINH,0,0,||Welcome to VyOS||Kis-PNT login: 
3/25/2018 16:25,222.253.136.43,tcp,2323,static.vnpt.vn,telnet-alt,45899,VN,HO CHI MINH,THANH PHO HO CHI MINH,0,0,Remote Management Console|login: 
3/25/2018 16:25,116.106.234.152,tcp,2323,,telnet-alt,24086,VN,TAY NINH,TAY NINH,0,0,1376528839
3/25/2018 16:25,117.3.4.233,tcp,2323,,telnet-alt,7552,VN,DA NANG,DA NANG,0,0,Remote Management Console|login: 
3/25/2018 16:25,113.161.49.117,tcp,2323,mail.vinmos.vn,telnet-alt,45899,VN,HO CHI MINH,THANH PHO HO CHI MINH,0,0,||||Account:
3/25/2018 16:25,118.69.134.163,tcp,2323,,telnet-alt,18403,VN,HA NOI,HANOI,518111,737401,||login: 
3/25/2018 16:25,113.161.0.116,tcp,2323,static.vnpt.vn,telnet-alt,45899,VN,BINH DINH,QUI NHON,0,0,||login: 
3/25/2018 16:25,117.6.162.171,tcp,2323,,telnet-alt,7552,VN,HO CHI MINH,THANH PHO HO CHI MINH,0,0,Remote Management Console|login: 
3/25/2018 16:26,14.161.3.8,tcp,2323,mail.foodcomart.vn,telnet-alt,45899,VN,HO CHI MINH,THANH PHO HO CHI MINH,0,0,||login: 
3/25/2018 16:26,112.109.95.49,tcp,2323,,telnet-alt,55309,VN,HO CHI MINH,THANH PHO HO CHI MINH,0,0,||Welcome to VyOS||OPPO-HVT login: 
3/25/2018 16:26,113.160.41.94,tcp,2323,static.vnpt-hanoi.com.vn,telnet-alt,45899,VN,HA NOI,HANOI,0,0,|Password: 
3/25/2018 16:26,14.176.232.76,tcp,2323,static.vnpt.vn,telnet-alt,45899,VN,DA NANG,DA NANG,0,0,||login: 
3/25/2018 16:26,118.70.177.170,tcp,2323,,telnet-alt,18403,VN,HAU GIANG,VI THANH,518111,737401,||||Account:
3/25/2018 16:26,115.73.27.161,tcp,2323,adsl.viettel.vn,telnet-alt,7552,VN,HO CHI MINH,THANH PHO HO CHI MINH,0,0,||||Account:
3/25/2018 16:26,113.161.81.251,tcp,2323,static.vdc.vn,telnet-alt,45899,VN,HO CHI MINH,THANH PHO HO CHI MINH,0,0,||||Account:
3/25/2018 16:26,27.72.83.114,tcp,2323,,telnet-alt,7552,VN,BAC NINH,BAC NINH,0,0,SSH-2.0-OpenSSH_7.6|
3/25/2018 16:26,115.78.12.143,tcp,2323,,telnet-alt,7552,VN,HO CHI MINH,THANH PHO HO CHI MINH,0,0,||Welcome to VyOS||Gtel-NRVT-02 login: 
3/25/2018 16:26,113.160.117.118,tcp,2323,static.vnpt.vn,telnet-alt,45899,VN,HA NOI,HANOI,0,0,TIEUHOC-KIMDONG login: 
3/25/2018 16:26,113.161.91.173,tcp,2323,static.vnpt.vn,telnet-alt,45899,VN,HO CHI MINH,THANH PHO HO CHI MINH,0,0,Remote Management Console|login: 
3/25/2018 16:26,221.133.17.67,tcp,2323,,telnet-alt,7602,VN,HA NOI,HANOI,0,0,|MikroTik v6.40.4 (stable)|Login: 
3/25/2018 16:26,14.161.44.211,tcp,2323,,telnet-alt,45899,VN,HO CHI MINH,THANH PHO HO CHI MINH,0,0,||Welcome to VyOS||GS25-NGT login: 
3/25/2018 16:26,222.255.124.61,tcp,2323,hcm-cp61.vnn.vn,telnet-alt,45899,VN,HA NOI,HANOI,0,0,Welcome to the Presentation Server Remote Connection.|Please login first.|
3/25/2018 16:26,113.20.108.21,tcp,2323,static.cmcti.vn,telnet-alt,45903,VN,HA NOI,HANOI,0,0,||login: 
3/25/2018 16:26,115.78.1.59,tcp,2323,,telnet-alt,7552,VN,HO CHI MINH,THANH PHO HO CHI MINH,0,0,||Welcome to VyOS||GS25-CMT8 login: 
3/25/2018 16:26,116.118.119.156,tcp,2323,mail.anphuclinic.com,telnet-alt,7602,VN,HO CHI MINH,THANH PHO HO CHI MINH,0,0,||Welcome to VyOS||VTV-Huyndai login: 
3/25/2018 16:26,125.212.215.141,tcp,2323,,telnet-alt,38731,VN,HA NOI,HANOI,0,0,
3/25/2018 16:26,27.74.247.140,tcp,2323,localhost,telnet-alt,7552,VN,HO CHI MINH,THANH PHO HO CHI MINH,0,0,|MikroTik v6.38rc15 (testing)|Login: 
3/25/2018 16:27,113.188.199.31,tcp,2323,static.vnpt.vn,telnet-alt,45899,VN,TAY NINH,TAY NINH,0,0,H3C login: 
3/25/2018 16:27,113.183.186.157,tcp,2323,static.vnpt.vn,telnet-alt,45899,VN,LAM DONG,DA LAT,0,0,|||Password: 
3/25/2018 16:27,14.161.20.58,tcp,2323,,telnet-alt,45899,VN,HO CHI MINH,THANH PHO HO CHI MINH,0,0,||||Account:
3/25/2018 16:27,14.161.32.28,tcp,2323,static.vnpt.vn,telnet-alt,45899,VN,HO CHI MINH,THANH PHO HO CHI MINH,0,0,Remote Management Console|login: 
3/25/2018 16:27,45.122.240.18,tcp,2323,static.cmcti.vn,telnet-alt,45903,VN,HA NOI,HANOI,0,0,||login: 
3/25/2018 16:27,113.161.65.101,tcp,2323,static.vnpt.vn,telnet-alt,45899,VN,HO CHI MINH,THANH PHO HO CHI MINH,0,0,||login: 
3/25/2018 16:27,113.161.87.206,tcp,2323,static.vnpt.vn,telnet-alt,45899,VN,HO CHI MINH,THANH PHO HO CHI MINH,0,0,|Account:
3/25/2018 16:27,125.234.111.199,tcp,2323,125.234.111.199.hcm.viettel.vn,telnet-alt,7552,VN,HO CHI MINH,THANH PHO HO CHI MINH,0,0,|||Password: 
3/25/2018 16:27,101.53.17.2,tcp,2323,ci53.17-2.netnam.vn,telnet-alt,24176,VN,HO CHI MINH,THANH PHO HO CHI MINH,0,0,||[2J
3/25/2018 16:27,112.109.88.45,tcp,2323,,telnet-alt,55309,VN,HO CHI MINH,THANH PHO HO CHI MINH,0,0,||Welcome to VyOS||Lotte-Q7 login: 
3/25/2018 16:27,113.160.116.77,tcp,2323,static.vnpt.vn,telnet-alt,45899,VN,HA NOI,HANOI,0,0,TIEUHOC-NGOQUYEN login: 
3/25/2018 16:28,113.161.77.11,tcp,2323,static.vnpt.vn,telnet-alt,45899,VN,HO CHI MINH,THANH PHO HO CHI MINH,0,0,Remote Management Console|login: 
3/25/2018 16:28,113.161.94.135,tcp,2323,static.vnpt.vn,telnet-alt,45899,VN,HO CHI MINH,THANH PHO HO CHI MINH,0,0,|MikroTik v6.41.3 (stable)|Login: 
3/25/2018 16:28,115.75.36.206,tcp,2323,,telnet-alt,7552,VN,HA NOI,HANOI,0,0,||login: 
3/25/2018 16:28,113.161.61.224,tcp,2323,static.vnpt.vn,telnet-alt,45899,VN,HO CHI MINH,THANH PHO HO CHI MINH,0,0,||Welcome to VyOS||OPPO-HVT login: 
3/25/2018 16:28,115.78.9.145,tcp,2323,,telnet-alt,7552,VN,HO CHI MINH,THANH PHO HO CHI MINH,0,0,||Welcome to VyOS||GS25-CMT8 login: 
3/25/2018 16:29,113.161.174.26,tcp,2323,static.vnpt.vn,telnet-alt,45899,VN,HO CHI MINH,THANH PHO HO CHI MINH,0,0,||HOSTNAME login: 
3/25/2018 16:29,14.161.2.32,tcp,2323,static.vnpt.vn,telnet-alt,45899,VN,HO CHI MINH,THANH PHO HO CHI MINH,0,0,||L2SWITCH login: 
3/25/2018 16:29,113.178.116.84,tcp,2323,static.vnpt.vn,telnet-alt,45899,VN,HA NOI,HANOI,0,0,|||Password: 
3/25/2018 16:29,117.6.160.176,tcp,2323,,telnet-alt,7552,VN,BAC GIANG,BAC GIANG,0,0,|||Password: 
3/25/2018 16:29,14.161.32.34,tcp,2323,static.vnpt.vn,telnet-alt,45899,VN,HO CHI MINH,THANH PHO HO CHI MINH,0,0,||Welcome to VyOS||Oppo-NTT login: 
3/25/2018 16:29,113.160.208.171,tcp,2323,static.vnpt.vn,telnet-alt,45899,VN,BAC NINH,BAC NINH,0,0,iGate GW040 wireless ONT|wlctl: wl driver adapter not found|Login: 
3/25/2018 16:29,14.187.133.176,tcp,2323,static.vnpt.vn,telnet-alt,45899,VN,HO CHI MINH,THANH PHO HO CHI MINH,0,0,|Account:|Account:
3/25/2018 16:29,14.187.86.248,tcp,2323,static.vnpt.vn,telnet-alt,45899,VN,HO CHI MINH,THANH PHO HO CHI MINH,0,0,1629048736
3/25/2018 16:29,113.164.241.242,tcp,2323,,telnet-alt,45899,VN,HO CHI MINH,THANH PHO HO CHI MINH,0,0,||HOSTNAME login: 
3/25/2018 16:29,113.161.107.42,tcp,2323,mail.descon.com.vn,telnet-alt,45899,VN,HO CHI MINH,THANH PHO HO CHI MINH,0,0,||login: 
3/25/2018 16:29,113.163.47.103,tcp,2323,static.vnpt.vn,telnet-alt,45899,VN,BA RIA-VUNG TAU,VUNG TAU,0,0,iGate GW040 wireless ONT|wlctl: wl driver adapter not found|Login: 
3/25/2018 16:29,203.205.35.154,tcp,2323,static.cmcti.vn,telnet-alt,45903,VN,HO CHI MINH,THANH PHO HO CHI MINH,0,0,||login: 
3/25/2018 16:29,171.233.98.129,tcp,2323,,telnet-alt,7552,VN,HO CHI MINH,THANH PHO HO CHI MINH,0,0,||DD-WRT v24-sp2 std (c) 2011 NewMedia-NET GmbH|Release: 12/20/11 (SVN revision: 18024)||Buffalo login: 
3/25/2018 16:29,14.169.56.102,tcp,2323,static.vnpt.vn,telnet-alt,45899,VN,HO CHI MINH,THANH PHO HO CHI MINH,0,0,||login: 
3/25/2018 16:29,103.199.8.76,tcp,2323,,telnet-alt,45899,VN,HA NOI,HANOI,0,0,SSH-2.0-OpenSSH_7.2p2 Ubuntu-4ubuntu1|
3/25/2018 16:29,115.78.8.130,tcp,2323,,telnet-alt,7552,VN,HO CHI MINH,THANH PHO HO CHI MINH,0,0,||Welcome to VyOS||NGOINHADUC login: 
3/25/2018 16:29,14.161.31.86,tcp,2323,static.vnpt.vn,telnet-alt,45899,VN,HO CHI MINH,THANH PHO HO CHI MINH,0,0,|||Password: 
3/25/2018 16:29,123.16.246.58,tcp,2323,static.vnpt.vn,telnet-alt,45899,VN,HA NOI,HANOI,0,0,|Account:|Account:
3/25/2018 16:29,113.160.90.182,tcp,2323,static.vnpt.vn,telnet-alt,45899,VN,HA NOI,HANOI,0,0,||login: 
3/25/2018 16:29,14.161.43.53,tcp,2323,static.vnpt.vn,telnet-alt,45899,VN,HO CHI MINH,THANH PHO HO CHI MINH,0,0,|Account:
3/25/2018 16:29,113.161.147.4,tcp,2323,static.vnpt.vn,telnet-alt,45899,VN,DONG NAI,BIEN HOA,0,0,||||Account:
3/25/2018 16:29,203.162.202.114,tcp,2323,static.vnpt.vn,telnet-alt,45899,VN,HO CHI MINH,THANH PHO HO CHI MINH,0,0,Remote Management Console|login: 
3/25/2018 16:29,124.158.14.17,tcp,2323,,telnet-alt,38733,VN,HA NOI,HANOI,0,0,SSH-2.0-OpenSSH_6.6.1|
3/25/2018 16:29,113.161.186.83,tcp,2323,static.vnpt.vn,telnet-alt,45899,VN,LAM DONG,DA LAT,0,0,||Welcome to VyOS||BlockChain-VNPT login: 
3/25/2018 16:29,45.122.240.8,tcp,2323,static.cmcti.vn,telnet-alt,45903,VN,HA NOI,HANOI,0,0,||login: 
3/25/2018 16:30,27.72.101.225,tcp,2323,,telnet-alt,7552,VN,HA NOI,HANOI,0,0,||login: 
3/25/2018 16:30,14.161.45.137,tcp,2323,static.vnpt.vn,telnet-alt,45899,VN,HO CHI MINH,THANH PHO HO CHI MINH,0,0,||||Account:
3/25/2018 16:30,119.17.199.3,tcp,2323,static.netnam.vn,telnet-alt,24173,VN,HA NOI,HANOI,0,0,|||Password: 
3/25/2018 16:30,115.73.19.150,tcp,2323,adsl.viettel.vn,telnet-alt,7552,VN,HO CHI MINH,THANH PHO HO CHI MINH,0,0,||login: 
3/25/2018 16:30,112.109.91.1,tcp,2323,,telnet-alt,55309,VN,HO CHI MINH,THANH PHO HO CHI MINH,0,0,||Welcome to VyOS||BlockChain-VNPT login: 
3/25/2018 16:30,14.177.238.171,tcp,2323,,telnet-alt,45899,VN,HA NOI,HANOI,0,0,||||Account:
3/25/2018 16:30,113.161.166.218,tcp,2323,static.vnpt.vn,telnet-alt,45899,VN,HA NOI,HANOI,0,0,||HOSTNAME login: 
3/25/2018 16:30,222.255.248.212,tcp,2323,static.vnpt.vn,telnet-alt,45899,VN,HA NOI,HANOI,0,0,Remote Management Console|login: 
3/25/2018 16:30,113.160.226.72,tcp,2323,static.vnpt.vn,telnet-alt,45899,VN,DA NANG,DA NANG,0,0,|MikroTik v6.25|Login: 
3/25/2018 16:30,14.161.5.19,tcp,2323,static.vnpt.vn,telnet-alt,45899,VN,HO CHI MINH,THANH PHO HO CHI MINH,0,0,||||Account:
3/25/2018 16:30,115.75.36.195,tcp,2323,,telnet-alt,7552,VN,HA NOI,HANOI,0,0,||login: 
3/25/2018 16:30,117.6.128.23,tcp,2323,,telnet-alt,7552,VN,HO CHI MINH,THANH PHO HO CHI MINH,0,0,|FG100C3G11604759 login: 
3/25/2018 16:30,115.78.226.189,tcp,2323,mail.allwells-mortex.com,telnet-alt,7552,VN,HO CHI MINH,THANH PHO HO CHI MINH,0,0,"|| Gateway Console System|||      CLI session with the system is open.||      To end the CLI session, enter [Exit].|||IP PBX>"
3/25/2018 16:30,14.167.72.160,tcp,2323,static.vnpt.vn,telnet-alt,45899,VN,DA NANG,DA NANG,0,0,|Account:||Password: 
3/25/2018 16:30,113.162.247.9,tcp,2323,dynamic.vdc.vn,telnet-alt,45899,VN,HA NOI,HANOI,0,0,|Account:
3/25/2018 16:30,113.161.89.213,tcp,2323,static.vnpt.vn,telnet-alt,45899,VN,HO CHI MINH,THANH PHO HO CHI MINH,0,0,||Welcome to VyOS||CDHongDuc login: 
3/25/2018 16:30,14.162.146.100,tcp,2323,static.vnpt.vn,telnet-alt,45899,VN,HA NOI,HANOI,0,0,|Account:
3/25/2018 16:30,113.190.240.198,tcp,2323,mail.lipzo.com,telnet-alt,45899,VN,HA NOI,HANOI,0,0,||login: 
3/25/2018 16:31,14.177.238.174,tcp,2323,,telnet-alt,45899,VN,HA NOI,HANOI,0,0,||||Account:
3/25/2018 16:31,113.161.179.149,tcp,2323,static.vnpt.vn,telnet-alt,45899,VN,TAY NINH,TAY NINH,0,0,||H3C login: 
3/25/2018 16:31,14.161.17.170,tcp,2323,static.vnpt.vn,telnet-alt,45899,VN,HO CHI MINH,THANH PHO HO CHI MINH,0,0,|Account:
3/25/2018 16:31,118.70.13.41,tcp,2323,,telnet-alt,18403,VN,HA NOI,HANOI,518111,737401,||login: 
3/25/2018 16:31,101.53.33.162,tcp,2323,ci53.33-162.netnam.vn,telnet-alt,24176,VN,HO CHI MINH,THANH PHO HO CHI MINH,0,0,"|Sorry, the maximum number of telnet sessions are active.  Try again later.||The command: console max-sessions <session number> can be |executed to change the allowable session range.|"
3/25/2018 16:31,14.226.233.30,tcp,2323,static.vnpt.vn,telnet-alt,45899,VN,BA RIA-VUNG TAU,VUNG TAU,0,0,iGate GW040 wireless ONT|wlctl: wl driver adapter not found|Login: 
3/25/2018 16:31,118.70.185.14,tcp,2323,,telnet-alt,18403,VN,HA NOI,HANOI,518111,737401,|MikroTik v6.40.4 (stable)|Login: 
3/25/2018 16:31,113.161.47.9,tcp,2323,static.vnpt.vn,telnet-alt,45899,VN,HO CHI MINH,THANH PHO HO CHI MINH,0,0,|Account:|Account:
3/25/2018 16:31,14.161.30.204,tcp,2323,static.vnpt.vn,telnet-alt,45899,VN,HO CHI MINH,THANH PHO HO CHI MINH,0,0,||Welcome to VyOS||GS25-TD login: 
3/25/2018 16:31,113.161.37.101,tcp,2323,static.vnpt.vn,telnet-alt,45899,VN,HO CHI MINH,THANH PHO HO CHI MINH,0,0,|Account:
3/25/2018 16:31,101.53.33.161,tcp,2323,ci53.33-161.netnam.vn,telnet-alt,24176,VN,HO CHI MINH,THANH PHO HO CHI MINH,0,0,"|Sorry, the maximum number of telnet sessions are active.  Try again later.||The command: console max-sessions <session number> can be |executed to change the allowable session range.|"
3/25/2018 16:31,101.99.55.159,tcp,2323,static.cmcti.vn,telnet-alt,45903,VN,DA NANG,DA NANG,0,0,||login: 
3/25/2018 16:31,222.255.167.85,tcp,2323,static.vnpt.vn,telnet-alt,45899,VN,DA NANG,DA NANG,0,0,<H1>The online users' count exceeds the license's permission. You need to purchase or upgrade your license.</H1>
3/25/2018 16:31,112.109.92.81,tcp,2323,,telnet-alt,55309,VN,HO CHI MINH,THANH PHO HO CHI MINH,0,0,||Welcome to VyOS||Bwaltd login: 
3/25/2018 16:31,171.244.9.36,tcp,2323,,telnet-alt,38731,VN,HA NOI,HANOI,0,0,SSH-2.0-OpenSSH_6.6.1|
3/25/2018 16:31,14.161.31.92,tcp,2323,static.vnpt.vn,telnet-alt,45899,VN,HO CHI MINH,THANH PHO HO CHI MINH,0,0,||Welcome to VyOS||Capella-Lyvanphuc login: 
3/25/2018 16:31,27.74.242.41,tcp,2323,,telnet-alt,7552,VN,HO CHI MINH,THANH PHO HO CHI MINH,0,0,|Account:|Account:
3/25/2018 16:31,118.69.72.16,tcp,2323,,telnet-alt,18403,VN,HA NOI,HANOI,518111,737401,|Account:
3/25/2018 16:32,118.70.81.60,tcp,2323,,telnet-alt,18403,VN,HA NOI,HANOI,518111,737401,||||Account:
3/25/2018 16:32,203.210.244.137,tcp,2323,adsl.hnpt.com.vn,telnet-alt,45899,VN,DA NANG,DA NANG,0,0,||login: 
3/25/2018 16:32,123.30.76.140,tcp,2323,static.vdc.vn,telnet-alt,45899,VN,HO CHI MINH,THANH PHO HO CHI MINH,0,0,|Account:|Account:
3/25/2018 16:32,14.161.12.197,tcp,2323,static.vnpt.vn,telnet-alt,45899,VN,HO CHI MINH,THANH PHO HO CHI MINH,0,0,||||Account:
3/25/2018 16:32,113.161.83.83,tcp,2323,static.vnpt.vn,telnet-alt,45899,VN,HO CHI MINH,THANH PHO HO CHI MINH,0,0,|Account:
3/25/2018 16:32,27.77.83.12,tcp,2323,localhost,telnet-alt,7552,VN,HO CHI MINH,THANH PHO HO CHI MINH,0,0,759285894
3/25/2018 16:32,118.70.186.192,tcp,2323,,telnet-alt,18403,VN,HA NOI,HANOI,518111,737401,||
