timestamp,ip,protocol,port,hostname,tag,header,asn,geo,region,city,systime,cache_control,location,server,search_target,unique_service_name,host,nts,nt,naics,sic,sector
3/25/2018 7:08,14.228.82.78,udp,38872,static.vnpt.vn,ssdp,HTTP/1.1 200 OK,45899,VN,HA NOI,HANOI,"Sun, 25 Mar 2018 14:10:03 GMT",max-age=3600,http://192.168.1.64:49152/upnpdevicedesc.xml,"Linux/3.0.8, UPnP/1.0, Portable SDK for UPnP devices/1.6.19",upnp:rootdevice,uuid:Upnp-DS-2CD2020F-I-1_0-141610069::upnp:rootdevice,,,,0,0,Communications
3/25/2018 7:08,27.2.62.143,udp,38856,,ssdp,HTTP/1.1 200 OK,45543,VN,DA NANG,DA NANG,"Sun, 25 Mar 2018 07:08:39 GMT",max-age=1801,http://192.168.0.254:49152/wps_device.xml,"Unspecified, UPnP/1.0, Unspecified",upnp:rootdevice,uuid:7143599d-98e2-5e66-a094-2e037397f9bd::upnp:rootdevice,,,,0,0,Communications
3/25/2018 7:08,123.26.200.206,udp,34902,localhost,ssdp,HTTP/1.1 200 OK,45899,VN,HAI PHONG,HAI PHONG,"Sun, 25 Mar 2018 14:09:09 GMT",max-age=3600,http://192.168.1.10:49152/upnpdevicedesc.xml,"Linux/3.0.8, UPnP/1.0, Portable SDK for UPnP devices/1.6.19",upnp:rootdevice,uuid:Upnp-DS-2CD2410F-IW-1_0-571151811::upnp:rootdevice,,,,0,0,Communications
3/25/2018 7:08,115.78.128.236,udp,52232,,ssdp,HTTP/1.1 200 OK,7552,VN,HO CHI MINH,THANH PHO HO CHI MINH,"Sun, 25 Mar 2018 07:06:55 GMT",max-age=100,http://192.168.1.32:49152/dvrdevicedesc.xml,"Linux/3.10.0, UPnP/1.0, Portable SDK for UPnP devices/1.6.6",upnp:rootdevice,uuid:Upnp-HDR-16-3c04bf05246e::upnp:rootdevice,,,,0,0,Communications
3/25/2018 7:08,222.254.137.93,udp,35416,static.vnpt.vn,ssdp,HTTP/1.1 200 OK,45899,VN,QUANG TRI,QUANG TRI,"Sun, 25 Mar 2018 14:08:45 GMT",max-age=3600,http://192.168.1.65:49153/upnpdevicedesc.xml,"Linux/3.0.8, UPnP/1.0, Portable SDK for UPnP devices/1.6.19",upnp:rootdevice,uuid:Upnp-DS-2CD2020F-IW-1_0-166386932::upnp:rootdevice,,,,0,0,Communications
3/25/2018 7:08,123.22.245.221,udp,1900,,ssdp,HTTP/1.1 200 OK,45899,VN,TRA VINH,TRA VINH,,max-age=1800,http://192.168.1.1:5431/dyndev/uuid:0000e0d8-20a0-00e0-20a0-4888002808e0,Custom/1.0 UPnP/1.0 Proc/Ver,upnp:rootdevice,uuid:0000e0d8-20a0-00e0-20a0-4888002808e0::upnp:rootdevice,,,,0,0,Communications
3/25/2018 7:08,113.182.189.165,udp,1900,static.vnpt.vn,ssdp,HTTP/1.1 200 OK,45899,VN,TRA VINH,TRA VINH,,max-age=1800,http://192.168.1.1:5431/dyndev/uuid:0000e0d8-20a0-00e0-20a0-4888002808e0,Custom/1.0 UPnP/1.0 Proc/Ver,upnp:rootdevice,uuid:0000e0d8-20a0-00e0-20a0-4888002808e0::upnp:rootdevice,,,,0,0,Communications
3/25/2018 7:08,14.190.96.148,udp,1900,static.vnpt.vn,ssdp,HTTP/1.1 200 OK,45899,VN,HA NOI,HANOI,"Tue, 11 Dec 2007 09:13:18 GMT",max-age=1800,http://192.168.1.223:49152/description.xml,"Linux/2.6.5-it0, UPnP/1.0, Intel SDK for UPnP devices /1.2",upnp:rootdevice,uuid:{59765E24-0C12-4d20-BsdsEE-71578AE02CB9}_e0:61:b2:41:4d:26::upnp:rootdevice,,,,0,0,Communications
3/25/2018 7:09,222.252.6.196,udp,47254,static.vnpt-hanoi.com.vn,ssdp,HTTP/1.1 200 OK,45899,VN,HA NOI,HANOI,"Sun, 25 Mar 2018 14:07:39 GMT",max-age=3600,http://192.168.1.71:49152/upnpdevicedesc.xml,"Linux/3.0.8, UPnP/1.0, Portable SDK for UPnP devices/1.6.19",upnp:rootdevice,uuid:Upnp-DS-2CD2120F-I-1_0-741998777::upnp:rootdevice,,,,0,0,Communications
3/25/2018 7:09,171.249.3.51,udp,1900,,ssdp,HTTP/1.1 200 OK,7552,VN,HO CHI MINH,THANH PHO HO CHI MINH,,max-age=1800,http://192.168.1.1:5431/dyndev/uuid:0000e098-20a0-00e0-20a0-488800e808e0,Custom/1.0 UPnP/1.0 Proc/Ver,upnp:rootdevice,uuid:0000e098-20a0-00e0-20a0-488800e808e0::upnp:rootdevice,,,,0,0,Communications
3/25/2018 7:09,113.168.130.187,udp,1900,static.vnpt.vn,ssdp,HTTP/1.1 200 OK,45899,VN,SON LA,SON LA,,max-age=1800,http://192.168.1.1:5431/dyndev/uuid:c83a355d-f160-60f1-5d35-3ac83a5d600000,Custom/1.0 UPnP/1.0 Proc/Ver,upnp:rootdevice,uuid:c83a355d-f160-60f1-5d35-3ac83a5d600000::upnp:rootdevice,,,,0,0,Communications
3/25/2018 7:09,14.231.38.5,udp,38498,static.vnpt.vn,ssdp,HTTP/1.1 200 OK,45899,VN,HA NOI,HANOI,"Sun, 25 Mar 2018 14:13:24 GMT",max-age=1800,http://192.168.100.233:80/upnpdevicedesc.xml,"Linux/3.0.8, UPnP/1.0, Portable SDK for UPnP devices/1.4.7",upnp:rootdevice,uuid:48343335-3031-3733-3334-8CE7483610BD::upnp:rootdevice,,,,0,0,Communications
3/25/2018 7:09,14.161.148.42,udp,1900,static.vnpt.vn,ssdp,HTTP/1.1 200 OK,45899,VN,DONG NAI,BIEN HOA,"Tue, 11 Dec 2007 09:13:18 GMT",max-age=1800,http://192.168.1.200:49152/description.xml,"Linux/2.6.5-it0, UPnP/1.0, Intel SDK for UPnP devices /1.2",upnp:rootdevice,uuid:{59765E24-0C12-4d20-BsdsEE-71578AE02CB9}_e0:61:b2:03:e3:ac::upnp:rootdevice,,,,0,0,Communications
3/25/2018 7:09,112.72.90.55,udp,1900,,ssdp,HTTP/1.1 200 OK,45539,VN,HA NOI,HANOI,"Sun, 25 Mar 2018 07:09:07 GMT",max-age=1800,http://192.168.1.1:49153/gatedesc.xml,"Linux/2.6.32.11, UPnP/1.0, Portable SDK for UPnP devices/1.6.6",upnp:rootdevice,uuid:75802409-bccb-40e7-8e6c-fa095ecce13e::upnp:rootdevice,,,,0,0,Communications
3/25/2018 7:09,14.177.1.163,udp,3123,static.vnpt.vn,ssdp,HTTP/1.1 200 OK,45899,VN,HA NOI,HANOI,"Sun, 25 Mar 2018 07:09:09 GMT",max-age=100,http://192.168.1.1:49152/description.xml,"Linux/2.6.21, UPnP/1.0, Portable SDK for UPnP devices/1.3.1",upnp:rootdevice,uuid:28802880-2880-1880-a880-00304fa47ae8::upnp:rootdevice,,,,0,0,Communications
3/25/2018 7:09,222.254.52.144,udp,1900,static.vnpt.vn,ssdp,HTTP/1.1 200 OK,45899,VN,HA NOI,HANOI,,max-age=1800,http://192.168.1.1:5431/dyndev/uuid:15fcc86b-70d8-4c99-869d-99568c2045d4,Custom/1.0 UPnP/1.0 Proc/Ver,upnp:rootdevice,uuid:15fcc86b-70d8-4c99-869d-99568c2045d4::upnp:rootdevice,,,,0,0,Communications
3/25/2018 7:09,113.167.46.55,udp,1900,static.vnpt.vn,ssdp,HTTP/1.1 200 OK,45899,VN,HA NOI,HANOI,,max-age=1800,http://192.168.1.1:5431/dyndev/uuid:c83a355d-9fb0-b09f-5d35-3ac83a5db00000,Custom/1.0 UPnP/1.0 Proc/Ver,upnp:rootdevice,uuid:c83a355d-9fb0-b09f-5d35-3ac83a5db00000::upnp:rootdevice,,,,0,0,Communications
3/25/2018 7:09,115.79.231.228,udp,55297,adsl.viettel.vn,ssdp,HTTP/1.1 200 OK,7552,VN,HO CHI MINH,THANH PHO HO CHI MINH,"Fri, 23 Mar 2018 07:17:51 GMT",max-age=3600,http://192.168.1.106:49152/upnpdevicedesc.xml,"Linux/3.0.8, UPnP/1.0, Portable SDK for UPnP devices/1.6.19",upnp:rootdevice,uuid:Upnp-DS-2CD2420F-IW-1_0-746949008::upnp:rootdevice,,,,0,0,Communications
3/25/2018 7:09,171.224.20.8,udp,48384,,ssdp,HTTP/1.1 200 OK,7552,VN,HA NOI,HANOI,"Sun, 25 Mar 2018 14:13:22 GMT",max-age=3600,http://192.168.1.8:49153/upnpdevicedesc.xml,"Linux/3.0.8, UPnP/1.0, Portable SDK for UPnP devices/1.6.19",upnp:rootdevice,uuid:Upnp-DS-2CD2020F-I-1_0-151638980::upnp:rootdevice,,,,0,0,Communications
3/25/2018 7:09,123.23.57.69,udp,1900,,ssdp,HTTP/1.1 200 OK,45899,VN,DONG NAI,BIEN HOA,,max-age=1800,http://192.168.1.1:5431/dyndev/uuid:94fbb287-2f4c-4c2f-87b2-fb94fb874c0000,Custom/1.0 UPnP/1.0 Proc/Ver,upnp:rootdevice,uuid:94fbb287-2f4c-4c2f-87b2-fb94fb874c0000::upnp:rootdevice,,,,0,0,Communications
3/25/2018 7:10,113.170.27.39,udp,57695,static.vnpt.vn,ssdp,HTTP/1.1 200 OK,45899,VN,BINH THUAN,PHAN THIET,"Sun, 25 Mar 2018 14:17:01 GMT",max-age=3600,http://192.168.1.3:49152/upnpdevicedesc.xml,"Linux/3.0.8, UPnP/1.0, Portable SDK for UPnP devices/1.6.19",upnp:rootdevice,uuid:Upnp-HDS-2020IRPW-1_0-746141134::upnp:rootdevice,,,,0,0,Communications
3/25/2018 7:10,42.114.134.12,udp,1900,,ssdp,HTTP/1.1 200 OK,18403,VN,HA NOI,HANOI,"Sun, 25 Mar 2018 07:10:13 GMT",max-age=1800,http://192.168.1.1:49152/gatedesc.xml,"Linux/2.6.32.11, UPnP/1.0, Portable SDK for UPnP devices/1.6.6",upnp:rootdevice,uuid:75802409-bccb-40e7-8e6c-fa095ecce13e::upnp:rootdevice,,,,0,0,Communications
3/25/2018 7:10,27.68.84.218,udp,1900,localhost,ssdp,HTTP/1.1 200 OK,7552,VN,TIEN GIANG,CAI BE,"Tue, 11 Dec 2007 09:13:18 GMT",max-age=1800,http://192.168.1.113:49152/description.xml,"Linux/2.6.5-it0, UPnP/1.0, Intel SDK for UPnP devices /1.2",upnp:rootdevice,uuid:{59765E24-0C12-4d20-BsdsEE-71578AE02CB9}_e0:61:b2:05:e5:01::upnp:rootdevice,,,,0,0,Communications
3/25/2018 7:10,14.229.3.183,udp,58103,static.vnpt.vn,ssdp,HTTP/1.1 200 OK,45899,VN,HA NOI,HANOI,"Sun, 25 Mar 2018 14:16:21 GMT",max-age=3600,http://192.168.1.3:49152/upnpdevicedesc.xml,"Linux/3.0.8, UPnP/1.0, Portable SDK for UPnP devices/1.6.19",upnp:rootdevice,uuid:Upnp-DS-2CD2020F-I-1_0-830351027::upnp:rootdevice,,,,0,0,Communications
3/25/2018 7:10,14.232.22.19,udp,54412,static.vnpt.vn,ssdp,HTTP/1.1 200 OK,45899,VN,HA NOI,HANOI,"Sun, 25 Mar 2018 14:07:07 GMT",max-age=3600,http://192.168.0.210:49152/upnpdevicedesc.xml,"Linux/3.0.8, UPnP/1.0, Portable SDK for UPnP devices/1.6.19",upnp:rootdevice,uuid:Upnp-DS-2CD2420F-IW-1_0-590741185::upnp:rootdevice,,,,0,0,Communications
3/25/2018 7:10,113.184.137.216,udp,56668,static.vnpt.vn,ssdp,HTTP/1.1 200 OK,45899,VN,TIEN GIANG,CAI LAY,,max-age=1800,http://192.168.100.10:2027/,Linux/i686 UPnP/1.0 DLNADOC/1.50 Platinum/1.0.3.0,upnp:rootdevice,uuid:e2db2e8d-776e-7fa5-41cd-ec837b6eeecd::upnp:rootdevice,,,,0,0,Communications
3/25/2018 7:10,123.17.81.187,udp,58627,static.vnpt.vn,ssdp,HTTP/1.1 200 OK,45899,VN,NGHE AN,VINH,"Sun, 25 Mar 2018 14:10:39 GMT",max-age=3600,http://192.168.1.64:49152/upnpdevicedesc.xml,"Linux/3.0.8, UPnP/1.0, Portable SDK for UPnP devices/1.6.19",upnp:rootdevice,uuid:Upnp-HIK-8N8020D-D-1_0-738739528::upnp:rootdevice,,,,0,0,Communications
3/25/2018 7:10,123.28.163.166,udp,1900,localhost,ssdp,HTTP/1.1 200 OK,45899,VN,HO CHI MINH,THANH PHO HO CHI MINH,,max-age=1800,http://192.168.1.1:5431/dyndev/uuid:0000e0d8-20a0-00e0-20a0-4888002808e0,Custom/1.0 UPnP/1.0 Proc/Ver,upnp:rootdevice,uuid:0000e0d8-20a0-00e0-20a0-4888002808e0::upnp:rootdevice,,,,0,0,Communications
3/25/2018 7:10,116.104.56.166,udp,44786,,ssdp,HTTP/1.1 200 OK,7552,VN,HA TINH,HA TINH,"Sun, 25 Mar 2018 14:07:37 GMT",max-age=3600,http://192.168.1.64:49152/upnpdevicedesc.xml,"Linux/3.4.35, UPnP/1.0, Portable SDK for UPnP devices/1.6.19",upnp:rootdevice,uuid:Upnp-HIK-4N8220IW-D-1_0-751392126::upnp:rootdevice,,,,0,0,Communications
3/25/2018 7:10,115.74.13.121,udp,1900,adsl.viettel.vn,ssdp,HTTP/1.1 200 OK,7552,VN,BA RIA-VUNG TAU,VUNG TAU,,max-age=900,http://192.168.1.1:5555/DeviceDescription.xml,Allegro-Software-RomUpnp/4.07 UPnP/1.0 IGD/1.00,upnp:rootdevice,uuid:11111111-0000-c0a8-0101-28285d88c338::upnp:rootdevice,,,,0,0,Communications
3/25/2018 7:10,171.228.232.61,udp,58957,,ssdp,HTTP/1.1 200 OK,7552,VN,LAO CAI,LAO CAI,"Sun, 25 Mar 2018 14:10:03 GMT",max-age=3600,http://192.168.1.64:49153/upnpdevicedesc.xml,"Linux/3.4.35, UPnP/1.0, Portable SDK for UPnP devices/1.6.19",upnp:rootdevice,uuid:Upnp-HDS-PT7220IR-A-1_0-718496918::upnp:rootdevice,,,,0,0,Communications
3/25/2018 7:10,171.252.73.83,udp,1900,,ssdp,HTTP/1.1 200 OK,7552,VN,HA NOI,HANOI,"Tue, 11 Dec 2007 09:13:18 GMT",max-age=1800,http://192.168.1.39:49152/description.xml,"Linux/2.6.5-it0, UPnP/1.0, Intel SDK for UPnP devices /1.2",upnp:rootdevice,uuid:{59765E24-0C12-4d20-BsdsEE-71578AE02CB9}_e0:61:b2:25:03:23::upnp:rootdevice,,,,0,0,Communications
3/25/2018 7:10,183.80.250.253,udp,39407,,ssdp,HTTP/1.1 200 OK,18403,VN,HAI PHONG,HAI PHONG,"Sun, 25 Mar 2018 14:09:45 GMT",max-age=3600,http://192.168.1.200:49153/upnpdevicedesc.xml,"Linux/3.0.8, UPnP/1.0, Portable SDK for UPnP devices/1.6.19",upnp:rootdevice,uuid:Upnp-DS-2CD2420F-IW-1_0-815534096::upnp:rootdevice,,,,518111,737401,Communications
3/25/2018 7:11,117.6.222.241,udp,1900,,ssdp,HTTP/1.1 200 OK,7552,VN,HO CHI MINH,THANH PHO HO CHI MINH,,max-age=1800,http://192.168.1.1:52881/simplecfg.xml,OS 1.0 UPnP/1.0 Realtek/V1.0,upnp:rootdevice,uuid:63041253-1019-2006-1228-000000000000::upnp:rootdevice,,,,0,0,Communications
3/25/2018 7:11,113.167.79.5,udp,33174,static.vnpt.vn,ssdp,HTTP/1.1 200 OK,45899,VN,HA NOI,HANOI,"Sun, 25 Mar 2018 14:15:12 GMT",max-age=3600,http://192.168.1.9:49152/upnpdevicedesc.xml,"Linux/3.0.8, UPnP/1.0, Portable SDK for UPnP devices/1.6.19",upnp:rootdevice,uuid:Upnp-DS-2CD2020F-I-1_0-826845331::upnp:rootdevice,,,,0,0,Communications
3/25/2018 7:11,123.16.19.31,udp,33625,static.vnpt.vn,ssdp,HTTP/1.1 200 OK,45899,VN,HA NOI,HANOI,"Sun, 25 Mar 2018 14:14:02 GMT",max-age=1800,http://192.168.1.20:81/upnpdevicedesc.xml,"Linux/3.0.8, UPnP/1.0, Portable SDK for UPnP devices/1.4.7",upnp:rootdevice,uuid:48343238-3330-3734-3235-8CE7482A604F::upnp:rootdevice,,,,0,0,Communications
3/25/2018 7:11,222.252.64.249,udp,1900,static.vnpt.vn,ssdp,HTTP/1.1 200 OK,45899,VN,HA NOI,HANOI,,max-age=1800,http://192.168.1.1:5431/dyndev/uuid:0000e098-20a0-00e0-20a0-488800e808e0,Custom/1.0 UPnP/1.0 Proc/Ver,upnp:rootdevice,uuid:0000e098-20a0-00e0-20a0-488800e808e0::upnp:rootdevice,,,,0,0,Communications
3/25/2018 7:11,118.68.72.86,udp,1900,,ssdp,HTTP/1.1 200 OK,18403,VN,HA NOI,HANOI,"Sun, 25 Mar 2018 07:11:25 GMT",max-age=1800,http://192.168.1.1:49152/gatedesc.xml,"Linux/2.6.32.11, UPnP/1.0, Portable SDK for UPnP devices/1.6.6",upnp:rootdevice,uuid:75802409-bccb-40e7-8e6c-fa095ecce13e::upnp:rootdevice,,,,518111,737401,Communications
3/25/2018 7:11,14.173.130.128,udp,1900,static.vnpt.vn,ssdp,HTTP/1.1 200 OK,45899,VN,TAY NINH,TAY NINH,,max-age=1800,http://192.168.1.1:5431/dyndev/uuid:0000e0d8-20a0-00e0-20a0-4888002808e0,Custom/1.0 UPnP/1.0 Proc/Ver,upnp:rootdevice,uuid:0000e0d8-20a0-00e0-20a0-4888002808e0::upnp:rootdevice,,,,0,0,Communications
3/25/2018 7:11,113.168.128.216,udp,1900,static.vnpt.vn,ssdp,HTTP/1.1 200 OK,45899,VN,SON LA,SON LA,,max-age=1800,http://192.168.1.1:5431/dyndev/uuid:c83a355d-e910-10e9-5d35-3ac83a5d100000,Custom/1.0 UPnP/1.0 Proc/Ver,upnp:rootdevice,uuid:c83a355d-e910-10e9-5d35-3ac83a5d100000::upnp:rootdevice,,,,0,0,Communications
3/25/2018 7:11,27.3.133.166,udp,38060,,ssdp,HTTP/1.1 200 OK,45543,VN,HAI PHONG,HAI PHONG,"Sun, 25 Mar 2018 07:11:31 GMT",max-age=1800,http://27.3.133.166:9197/dmr,"SHP, UPnP/1.0, Samsung UPnP SDK/1.0",upnp:rootdevice,uuid:a7b36e55-090c-4405-b698-f0babc88006d::upnp:rootdevice,,,,0,0,Communications
3/25/2018 7:11,123.28.168.218,udp,1900,localhost,ssdp,HTTP/1.1 200 OK,45899,VN,HO CHI MINH,THANH PHO HO CHI MINH,,max-age=1800,http://192.168.1.1:5431/dyndev/uuid:0000e0d8-20a0-00e0-20a0-4888002808e0,Custom/1.0 UPnP/1.0 Proc/Ver,upnp:rootdevice,uuid:0000e0d8-20a0-00e0-20a0-4888002808e0::upnp:rootdevice,,,,0,0,Communications
3/25/2018 7:11,14.187.106.128,udp,1900,static.vnpt.vn,ssdp,HTTP/1.1 200 OK,45899,VN,HO CHI MINH,THANH PHO HO CHI MINH,,max-age=1800,http://192.168.1.1:5431/dyndev/uuid:3d631724-9fb1-4fb3-a26e-dddbc824f435,Custom/1.0 UPnP/1.0 Proc/Ver,upnp:rootdevice,uuid:3d631724-9fb1-4fb3-a26e-dddbc824f435::upnp:rootdevice,,,,0,0,Communications
3/25/2018 7:11,113.190.118.43,udp,3075,static.vnpt.vn,ssdp,HTTP/1.1 200 OK,45899,VN,HA NOI,HANOI,"Sat, 01 Jan 2000 16:42:53 GMT",max-age=100,http://192.168.1.1:49152/description.xml,"Linux/2.6.21, UPnP/1.0, Portable SDK for UPnP devices/1.3.1",upnp:rootdevice,uuid:28802880-2880-1880-a880-00304fb98398::upnp:rootdevice,,,,0,0,Communications
3/25/2018 7:11,14.177.29.95,udp,3076,static.vnpt.vn,ssdp,HTTP/1.1 200 OK,45899,VN,HA NOI,HANOI,"Tue, 04 Jan 2000 19:20:30 GMT",max-age=100,http://192.168.1.1:49152/description.xml,"Linux/2.6.21, UPnP/1.0, Portable SDK for UPnP devices/1.3.1",upnp:rootdevice,uuid:28802880-2880-1880-a880-00304fb97a78::upnp:rootdevice,,,,0,0,Communications
3/25/2018 7:11,115.78.134.99,udp,1900,,ssdp,HTTP/1.1 200 OK,7552,VN,HO CHI MINH,THANH PHO HO CHI MINH,,max-age = 180,http://192.168.0.12:80/upnp.jsp,Linux/2.6.15 UPNP/1.0 ZD1012/9.3.4.0,upnp:rootdevice,uuid:893409ad-ac5f-4b24-b3db-001392010101::upnp:rootdevice,,,,0,0,Communications
3/25/2018 7:11,117.6.59.14,udp,1900,,ssdp,HTTP/1.1 200 OK,7552,VN,HO CHI MINH,THANH PHO HO CHI MINH,,max-age=120,http://192.168.1.1:52869/picsdesc.xml,miniupnpd/1.0 UPnP/1.0,upnp:rootdevice,uuid:12342409-1234-1234-5678-ee1234cc5678::upnp:rootdevice,,,,0,0,Communications
3/25/2018 7:11,14.191.211.209,udp,1900,static.vnpt.vn,ssdp,HTTP/1.1 200 OK,45899,VN,HA NOI,HANOI,,max-age=1800,http://192.168.1.1:52881/simplecfg.xml,OS 1.0 UPnP/1.0 Realtek/V1.3,upnp:rootdevice,uuid:63041253-1019-2010-0421-cc5076666b2f::upnp:rootdevice,,,,0,0,Communications
3/25/2018 7:11,171.224.115.249,udp,46279,,ssdp,HTTP/1.1 200 OK,7552,VN,HA NOI,HANOI,"Sun, 25 Mar 2018 14:13:16 GMT",max-age=3600,http://192.168.1.161:49152/upnpdevicedesc.xml,"Linux/3.0.8, UPnP/1.0, Portable SDK for UPnP devices/1.6.19",upnp:rootdevice,uuid:Upnp-HIK-IP6020F-I-1_0-110705398::upnp:rootdevice,,,,0,0,Communications
3/25/2018 7:11,116.98.201.27,udp,1900,,ssdp,HTTP/1.1 200 OK,24086,VN,HA NOI,HANOI,"Tue, 11 Dec 2007 09:13:18 GMT",max-age=1800,http://192.168.1.53:49152/description.xml,"Linux/2.6.5-it0, UPnP/1.0, Intel SDK for UPnP devices /1.2",upnp:rootdevice,uuid:{59765E24-0C12-4d20-BsdsEE-71578AE02CB9}_e0:61:b2:13:fd:2a::upnp:rootdevice,,,,0,0,Communications
3/25/2018 7:12,115.79.147.152,udp,41003,adsl.viettel.vn,ssdp,HTTP/1.1 200 OK,7552,VN,HO CHI MINH,THANH PHO HO CHI MINH,,max-age=1800,http://192.168.1.109:1286/,"Linux/i686 UPnP/1,0 DLNADOC/1.50 LGE WebOS TV/Version 0.9",upnp:rootdevice,uuid:2d2309ba-799e-8c13-3090-2ed5ac917449::upnp:rootdevice,,,,0,0,Communications
3/25/2018 7:12,115.79.70.145,udp,1900,adsl.viettel.vn,ssdp,HTTP/1.1 200 OK,7552,VN,HO CHI MINH,THANH PHO HO CHI MINH,,max-age=1800,http://192.168.1.1:52881/simplecfg.xml,OS 1.0 UPnP/1.0 Realtek/V1.0,upnp:rootdevice,uuid:63041253-1019-2006-1228-000000000000::upnp:rootdevice,,,,0,0,Communications
3/25/2018 7:12,116.118.14.174,udp,1900,,ssdp,HTTP/1.1 200 OK,7602,VN,HO CHI MINH,THANH PHO HO CHI MINH,,max-age=120,http://192.168.0.1:65535/rootDesc.xml,Linux/2.4.22-1.2115.nptl UPnP/1.0 miniupnpd/1.0,upnp:rootdevice,uuid:add181a4-1dd1-11b2-9541-f42cbc8f275e::upnp:rootdevice,,,,0,0,Communications
3/25/2018 7:12,116.99.229.138,udp,1900,,ssdp,HTTP/1.1 200 OK,24086,VN,DA NANG,DA NANG,"Tue, 11 Dec 2007 09:13:18 GMT",max-age=1800,http://192.168.1.10:49152/description.xml,"Linux/2.6.5-it0, UPnP/1.0, Intel SDK for UPnP devices /1.2",upnp:rootdevice,uuid:{59765E24-0C12-4d20-BsdsEE-71578AE02CB9}_e0:61:b2:19:e6:b4::upnp:rootdevice,,,,0,0,Communications
3/25/2018 7:12,113.172.224.225,udp,1900,static.vnpt.vn,ssdp,HTTP/1.1 200 OK,45899,VN,HO CHI MINH,THANH PHO HO CHI MINH,,max-age=1800,http://192.168.1.1:5431/dyndev/uuid:ab0ad64d-b9fe-4f91-bb0b-9eebc4b9ac3e,Custom/1.0 UPnP/1.0 Proc/Ver,upnp:rootdevice,uuid:ab0ad64d-b9fe-4f91-bb0b-9eebc4b9ac3e::upnp:rootdevice,,,,0,0,Communications
3/25/2018 7:12,180.93.7.60,udp,1900,,ssdp,HTTP/1.1 200 OK,7602,VN,HA NOI,HANOI,"Sun, 25 Mar 2018 07:12:07 GMT",max-age=1800,http://192.168.1.1:49152/gatedesc.xml,"Linux/2.6.32.11, UPnP/1.0, Portable SDK for UPnP devices/1.6.6",upnp:rootdevice,uuid:75802409-bccb-40e7-8e6c-fa095ecce13e::upnp:rootdevice,,,,0,0,Communications
3/25/2018 7:12,116.109.3.202,udp,46016,,ssdp,HTTP/1.1 200 OK,24086,VN,HO CHI MINH,THANH PHO HO CHI MINH,"Sun, 25 Mar 2018 07:28:23 GMT",max-age=100,http://192.168.1.160:49152/dvrdevicedesc.xml,"Linux/2.6.37, UPnP/1.0, Portable SDK for UPnP devices/1.6.6",upnp:rootdevice,uuid:Upnp-SVS960S-08-3c04bf0737c8::upnp:rootdevice,,,,0,0,Communications
3/25/2018 7:12,14.168.253.126,udp,1900,static.vnpt.vn,ssdp,HTTP/1.1 200 OK,45899,VN,BINH THUAN,PHAN THIET,,max-age=1800,http://192.168.1.1:5431/dyndev/uuid:c83a353f-9e38-389e-3f35-3ac83a3f380000,Custom/1.0 UPnP/1.0 Proc/Ver,upnp:rootdevice,uuid:c83a353f-9e38-389e-3f35-3ac83a3f380000::upnp:rootdevice,,,,0,0,Communications
3/25/2018 7:12,113.22.116.94,udp,1900,,ssdp,HTTP/1.1 200 OK,18403,VN,HA NOI,HANOI,"Sun, 25 Mar 2018 07:12:17 GMT",max-age=1800,http://192.168.1.1:49152/gatedesc.xml,"Linux/2.6.32.11, UPnP/1.0, Portable SDK for UPnP devices/1.6.6",upnp:rootdevice,uuid:75802409-bccb-40e7-8e6c-fa095ecce13e::upnp:rootdevice,,,,518111,737401,Communications
3/25/2018 7:12,222.253.181.13,udp,1900,static.vnpt.vn,ssdp,HTTP/1.1 200 OK,45899,VN,HA NOI,HANOI,"Tue, 11 Dec 2007 09:13:18 GMT",max-age=1800,http://192.168.1.11:49152/description.xml,"Linux/2.6.5-it0, UPnP/1.0, Intel SDK for UPnP devices /1.2",upnp:rootdevice,uuid:{59765E24-0C12-4d20-BsdsEE-71578AE02CB9}_e0:61:b2:20:7b:9d::upnp:rootdevice,,,,0,0,Communications
3/25/2018 7:12,171.250.151.55,udp,1900,,ssdp,HTTP/1.1 200 OK,7552,VN,BEN TRE,BEN TRE,,max-age=120,http://192.168.1.1:53182/rootDesc.xml,ASUSTeK UPnP/1.0 MiniUPnPd/1.4,upnp:rootdevice,uuid:05e057af-4992-495e-b91f-a14567091d6c::upnp:rootdevice,,,,0,0,Communications
3/25/2018 7:12,116.118.72.205,udp,1900,,ssdp,HTTP/1.1 200 OK,7602,VN,HO CHI MINH,THANH PHO HO CHI MINH,,max-age=1800,http://192.168.1.1:5431/dyndev/uuid:0000e0d8-20a0-00e0-20a0-4888002808e0,Custom/1.0 UPnP/1.0 Proc/Ver,upnp:rootdevice,uuid:0000e0d8-20a0-00e0-20a0-4888002808e0::upnp:rootdevice,,,,0,0,Communications
3/25/2018 7:12,113.175.63.110,udp,1900,static.vnpt.vn,ssdp,HTTP/1.1 200 OK,45899,VN,HA NOI,HANOI,,max-age=120,http://192.168.1.1:65535/rootDesc.xml,Linux/2.4.22-1.2115.nptl UPnP/1.0 miniupnpd/1.0,upnp:rootdevice,uuid:11111111-1111-1111-1111-111111111111::upnp:rootdevice,,,,0,0,Communications
3/25/2018 7:12,14.172.13.144,udp,1900,static.vnpt.vn,ssdp,HTTP/1.1 200 OK,45899,VN,HA NOI,HANOI,,max-age=1800,http://192.168.1.1:5431/dyndev/uuid:c83a353f-8c90-908c-3f35-3ac83a3f900000,Custom/1.0 UPnP/1.0 Proc/Ver,upnp:rootdevice,uuid:c83a353f-8c90-908c-3f35-3ac83a3f900000::upnp:rootdevice,,,,0,0,Communications
3/25/2018 7:12,14.166.79.211,udp,1900,static.vnpt.vn,ssdp,HTTP/1.1 200 OK,45899,VN,HAI PHONG,HAI PHONG,"Tue, 11 Dec 2007 09:13:18 GMT",max-age=1800,http://192.168.1.88:49152/description.xml,"Linux/2.6.5-it0, UPnP/1.0, Intel SDK for UPnP devices /1.2",upnp:rootdevice,uuid:{59765E24-0C12-4d20-BsdsEE-71578AE02CB9}_e0:61:b2:11:c0:31::upnp:rootdevice,,,,0,0,Communications
3/25/2018 7:12,113.184.226.218,udp,1900,static.vnpt.vn,ssdp,HTTP/1.1 200 OK,45899,VN,BINH DINH,QUI NHON,,max-age=1800,http://192.168.1.1:5431/dyndev/uuid:c83a355d-a020-20a0-5d35-3ac83a5d200000,Custom/1.0 UPnP/1.0 Proc/Ver,upnp:rootdevice,uuid:c83a355d-a020-20a0-5d35-3ac83a5d200000::upnp:rootdevice,,,,0,0,Communications
3/25/2018 7:12,117.3.139.131,udp,1900,,ssdp,HTTP/1.1 200 OK,7552,VN,DA NANG,DA NANG,,max-age=120,http://192.168.11.1:40053/etc/linuxigd/gatedesc.xml,Net-OS 5.xx UPnP/1.0,upnp:rootdevice,uuid:fc4ec57e-b051-11db-88f8-0060085db3f6::upnp:rootdevice,,,,0,0,Communications
3/25/2018 7:12,14.228.18.204,udp,42006,static.vnpt.vn,ssdp,HTTP/1.1 200 OK,45899,VN,NGHE AN,VINH,"Sun, 25 Mar 2018 14:14:47 GMT",max-age=3600,http://192.168.1.3:49152/upnpdevicedesc.xml,"Linux/3.0.8, UPnP/1.0, Portable SDK for UPnP devices/1.6.19",upnp:rootdevice,uuid:Upnp-DS-2CD2020F-I-1_0-754351169::upnp:rootdevice,,,,0,0,Communications
3/25/2018 7:12,113.184.213.194,udp,1900,static.vnpt.vn,ssdp,HTTP/1.1 200 OK,45899,VN,HO CHI MINH,THANH PHO HO CHI MINH,,max-age=1800,http://192.168.1.1:5431/dyndev/uuid:c83a353f-9ad0-d09a-3f35-3ac83a3fd00000,Custom/1.0 UPnP/1.0 Proc/Ver,upnp:rootdevice,uuid:c83a353f-9ad0-d09a-3f35-3ac83a3fd00000::upnp:rootdevice,,,,0,0,Communications
3/25/2018 7:12,123.25.139.101,udp,43496,static.vdc.vn,ssdp,HTTP/1.1 200 OK,45899,VN,CAN THO,CAN THO,"Sun, 25 Mar 2018 14:09:33 GMT",max-age=3600,http://192.168.1.201:49152/upnpdevicedesc.xml,"Linux/3.0.8, UPnP/1.0, Portable SDK for UPnP devices/1.6.19",upnp:rootdevice,uuid:Upnp-DS-2CD2420F-IW-1_0-781597387::upnp:rootdevice,,,,0,0,Communications
3/25/2018 7:13,14.188.66.217,udp,1900,static.vnpt.vn,ssdp,HTTP/1.1 200 OK,45899,VN,HA NOI,HANOI,"Tue, 11 Dec 2007 09:13:18 GMT",max-age=1800,http://192.168.2.200:49152/description.xml,"Linux/2.6.5-it0, UPnP/1.0, Intel SDK for UPnP devices /1.2",upnp:rootdevice,uuid:{59765E24-0C12-4d20-BsdsEE-71578AE02CB9}_e0:61:b2:3f:03:5c::upnp:rootdevice,,,,0,0,Communications
3/25/2018 7:13,113.190.200.16,udp,53671,static.vnpt.vn,ssdp,HTTP/1.1 200 OK,45899,VN,HA NOI,HANOI,"Sun, 25 Mar 2018 14:00:01 GMT",max-age=3600,http://192.168.1.125:49152/upnpdevicedesc.xml,"Linux/3.0.8, UPnP/1.0, Portable SDK for UPnP devices/1.6.19",upnp:rootdevice,uuid:Upnp-DS-2CD2420F-IW-1_0-695368616::upnp:rootdevice,,,,0,0,Communications
3/25/2018 7:13,14.226.236.89,udp,60401,static.vnpt.vn,ssdp,HTTP/1.1 200 OK,45899,VN,HO CHI MINH,THANH PHO HO CHI MINH,"Sun, 25 Mar 2018 14:13:11 GMT",max-age=3600,http://192.168.1.64:49152/upnpdevicedesc.xml,"Linux/3.0.8, UPnP/1.0, Portable SDK for UPnP devices/1.6.19",upnp:rootdevice,uuid:Upnp-DS-2CD2120F-IWS-1_0-741993467::upnp:rootdevice,,,,0,0,Communications
3/25/2018 7:13,42.113.171.176,udp,1900,,ssdp,HTTP/1.1 200 OK,18403,VN,HA NOI,HANOI,"Sun, 25 Mar 2018 07:13:11 GMT",max-age=1800,http://192.168.1.1:49152/gatedesc.xml,"Linux/2.6.32.11, UPnP/1.0, Portable SDK for UPnP devices/1.6.6",upnp:rootdevice,uuid:75802409-bccb-40e7-8e6c-fa095ecce13e::upnp:rootdevice,,,,0,0,Communications
3/25/2018 7:13,58.187.190.6,udp,1900,,ssdp,HTTP/1.1 200 OK,18403,VN,HA NOI,HANOI,"Sun, 25 Mar 2018 07:13:09 GMT",max-age=1800,http://192.168.1.1:49152/gatedesc.xml,"Linux/2.6.32.11, UPnP/1.0, Portable SDK for UPnP devices/1.6.6",upnp:rootdevice,uuid:75802409-bccb-40e7-8e6c-fa095ecce13e::upnp:rootdevice,,,,518111,737401,Communications
3/25/2018 7:13,117.1.147.186,udp,52732,localhost,ssdp,HTTP/1.1 200 OK,7552,VN,HA NOI,HANOI,"Sun, 25 Mar 2018 14:15:01 GMT",max-age=3600,http://192.168.1.64:49152/upnpdevicedesc.xml,"Linux/3.0.8, UPnP/1.0, Portable SDK for UPnP devices/1.6.19",upnp:rootdevice,uuid:Upnp-DS-2CD2020F-I-1_0-830351050::upnp:rootdevice,,,,0,0,Communications
3/25/2018 7:13,171.229.195.97,udp,1900,,ssdp,HTTP/1.1 200 OK,7552,VN,HA NOI,HANOI,,max-age=1800,http://192.168.1.1:52881/simplecfg.xml,OS 1.0 UPnP/1.0 Realtek/V1.0,upnp:rootdevice,uuid:63041253-1019-2006-1228-000000000000::upnp:rootdevice,,,,0,0,Communications
3/25/2018 7:13,123.19.210.68,udp,39179,,ssdp,HTTP/1.1 200 OK,45899,VN,QUANG NAM,HOI AN,"Sun, 25 Mar 2018 07:13:42 GMT",max-age=100,http://192.168.1.100:49153/upnp_notify.xml,"Linux/3.10.0, UPnP/1.0, Portable SDK for UPnP devices/1.6.6",upnp:rootdevice,uuid:fd598b0c-1dd1-11b2-ac39-d1aa2d3e2175::upnp:rootdevice,,,,0,0,Communications
3/25/2018 7:13,183.80.5.31,udp,1900,,ssdp,HTTP/1.1 200 OK,18403,VN,HA NOI,HANOI,"Sun, 25 Mar 2018 07:13:49 GMT",max-age=1800,http://192.168.1.1:49152/gatedesc.xml,"Linux/2.6.32.11, UPnP/1.0, Portable SDK for UPnP devices/1.6.6",upnp:rootdevice,uuid:75802409-bccb-40e7-8e6c-fa095ecce13e::upnp:rootdevice,,,,518111,737401,Communications
3/25/2018 7:13,113.174.21.40,udp,51892,static.vnpt.vn,ssdp,HTTP/1.1 200 OK,45899,VN,CAN THO,CAN THO,"Sun, 25 Mar 2018 14:14:33 GMT",max-age=3600,http://192.168.1.160:49153/upnpdevicedesc.xml,"Linux/3.10.73+, UPnP/1.0, Portable SDK for UPnP devices/1.6.19",upnp:rootdevice,uuid:Upnp-DS-2CD2135FWD-I-1_0-793974134::upnp:rootdevice,,,,0,0,Communications
3/25/2018 7:13,113.189.153.48,udp,1900,static.vnpt.vn,ssdp,HTTP/1.1 200 OK,45899,VN,HA NOI,HANOI,,max-age=1800,http://192.168.1.1:5431/dyndev/uuid:0000e0d8-20a0-00e0-20a0-4888002808e0,Custom/1.0 UPnP/1.0 Proc/Ver,upnp:rootdevice,uuid:0000e0d8-20a0-00e0-20a0-4888002808e0::upnp:rootdevice,,,,0,0,Communications
3/25/2018 7:13,116.100.127.220,udp,52750,,ssdp,HTTP/1.1 200 OK,24086,VN,CAN THO,CAN THO,"Sun, 25 Mar 2018 14:17:02 GMT",max-age=3600,http://192.168.0.235:49152/upnpdevicedesc.xml,"Linux/3.0.8, UPnP/1.0, Portable SDK for UPnP devices/1.6.19",upnp:rootdevice,uuid:Upnp-DS-2CD1201D-I3-1_0-726752158::upnp:rootdevice,,,,0,0,Communications
3/25/2018 7:13,113.165.253.81,udp,1900,static.vnpt.vn,ssdp,HTTP/1.1 200 OK,45899,VN,HA NOI,HANOI,,max-age=1800,http://192.168.1.1:5431/dyndev/uuid:0000e0d8-20a0-00e0-20a0-4888002808e0,Custom/1.0 UPnP/1.0 Proc/Ver,upnp:rootdevice,uuid:0000e0d8-20a0-00e0-20a0-4888002808e0::upnp:rootdevice,,,,0,0,Communications
3/25/2018 7:13,14.242.143.158,udp,1900,static.vnpt.vn,ssdp,HTTP/1.1 200 OK,45899,VN,CA MAU,CA MAU,"Tue, 11 Dec 2007 09:13:18 GMT",max-age=1800,http://192.168.1.88:49152/description.xml,"Linux/2.6.5-it0, UPnP/1.0, Intel SDK for UPnP devices /1.2",upnp:rootdevice,uuid:{59765E24-0C12-4d20-BsdsEE-71578AE02CB9}_e0:61:b2:20:8e:94::upnp:rootdevice,,,,0,0,Communications
3/25/2018 7:13,115.76.113.172,udp,1900,adsl.viettel.vn,ssdp,HTTP/1.1 200 OK,7552,VN,HO CHI MINH,THANH PHO HO CHI MINH,,max-age=1800,http://192.168.1.1:52881/simplecfg.xml,OS 1.0 UPnP/1.0 Realtek/V1.0,upnp:rootdevice,uuid:63041253-1019-2006-1228-000000000000::upnp:rootdevice,,,,0,0,Communications
3/25/2018 7:13,113.161.38.120,udp,1900,static.vnpt.vn,ssdp,HTTP/1.1 200 OK,45899,VN,HO CHI MINH,THANH PHO HO CHI MINH,,max-age=120,http://192.168.1.1:35510/etc/linuxigd/gatedesc.xml,Net-OS 5.xx UPnP/1.0,upnp:rootdevice,uuid:fc4ec57e-b051-11db-88f8-0060085db3f6::upnp:rootdevice,,,,0,0,Communications
3/25/2018 7:13,221.132.47.219,udp,1901,static.vnpt.vn,ssdp,HTTP/1.1 200 OK,45899,VN,HA NOI,HANOI,"Sun, 25 Mar 2018 14:13:58 GMT",max-age=100,http://192.168.1.1:1900/igd.xml,ipos/7.0  UPnP/1.0 ADSL2+ Modem Router TD-8840T/4.0,upnp:rootdevice,uuid:060b7353-fca6-4070-85f4-1fbfb9add62c::upnp:rootdevice,,,,0,0,Communications
3/25/2018 7:14,171.242.83.72,udp,1900,,ssdp,HTTP/1.1 200 OK,7552,VN,HA NOI,HANOI,"Tue, 11 Dec 2007 09:13:18 GMT",max-age=1800,http://192.168.1.186:49152/description.xml,"Linux/2.6.5-it0, UPnP/1.0, Intel SDK for UPnP devices /1.2",upnp:rootdevice,uuid:{59765E24-0C12-4d20-BsdsEE-71578AE02CB9}_e0:61:b2:45:8f:b9::upnp:rootdevice,,,,0,0,Communications
3/25/2018 7:14,14.169.84.91,udp,1900,static.vnpt.vn,ssdp,HTTP/1.1 200 OK,45899,VN,HO CHI MINH,THANH PHO HO CHI MINH,"Thu, 30 Jun 2016 05:34:51 GMT",max-age=120,http://192.168.1.10:1900/nobody/Mediadesc_0.xml,Linux/2.x UPnP/1.0 Avtech/1.0,upnp:rootdevice,uuid:upnp-surveillance-1_0-000E5330B64B::upnp:rootdevice,,,,0,0,Communications
3/25/2018 7:14,113.167.144.44,udp,1900,static.vnpt.vn,ssdp,HTTP/1.1 200 OK,45899,VN,HA NOI,HANOI,,max-age=1800,http://192.168.1.1:5431/dyndev/uuid:c83a355d-cd90-90cd-5d35-3ac83a5d900000,Custom/1.0 UPnP/1.0 Proc/Ver,upnp:rootdevice,uuid:c83a355d-cd90-90cd-5d35-3ac83a5d900000::upnp:rootdevice,,,,0,0,Communications
3/25/2018 7:14,222.253.179.129,udp,1900,static.vnpt.vn,ssdp,HTTP/1.1 200 OK,45899,VN,LAM DONG,DA LAT,,max-age=1800,http://192.168.1.1:5431/dyndev/uuid:c83a3540-07b0-b007-4035-3ac83a40b00000,Custom/1.0 UPnP/1.0 Proc/Ver,upnp:rootdevice,uuid:c83a3540-07b0-b007-4035-3ac83a40b00000::upnp:rootdevice,,,,0,0,Communications
3/25/2018 7:14,14.160.39.114,udp,56740,static.vnpt.vn,ssdp,HTTP/1.1 200 OK,45899,VN,HA NOI,HANOI,"Sun, 25 Mar 2018 14:01:07 GMT",max-age=3600,http://192.168.1.3:49152/upnpdevicedesc.xml,"Linux/3.0.8, UPnP/1.0, Portable SDK for UPnP devices/1.6.19",upnp:rootdevice,uuid:Upnp-DS-2CD2120F-IWS-1_0-653185179::upnp:rootdevice,,,,0,0,Communications
3/25/2018 7:14,222.254.250.156,udp,1900,static.vnpt.vn,ssdp,HTTP/1.1 200 OK,45899,VN,BINH DUONG,THU DAU MOT,,max-age=1800,http://192.168.1.1:5431/dyndev/uuid:0000e0d8-20a0-00e0-20a0-4888002808e0,Custom/1.0 UPnP/1.0 Proc/Ver,upnp:rootdevice,uuid:0000e0d8-20a0-00e0-20a0-4888002808e0::upnp:rootdevice,,,,0,0,Communications
3/25/2018 7:14,14.182.231.58,udp,1900,static.vnpt.vn,ssdp,HTTP/1.1 200 OK,45899,VN,HA NOI,HANOI,"Tue, 11 Dec 2007 09:13:18 GMT",max-age=1800,http://192.168.1.88:49152/description.xml,"Linux/2.6.5-it0, UPnP/1.0, Intel SDK for UPnP devices /1.2",upnp:rootdevice,uuid:{59765E24-0C12-4d20-BsdsEE-71578AE02CB9}_e0:61:b2:41:46:7e::upnp:rootdevice,,,,0,0,Communications
3/25/2018 7:14,14.165.161.205,udp,1900,static.vnpt.vn,ssdp,HTTP/1.1 200 OK,45899,VN,HA NOI,HANOI,"Tue, 11 Dec 2007 09:13:18 GMT",max-age=1800,http://192.168.1.50:49152/description.xml,"Linux/2.6.5-it0, UPnP/1.0, Intel SDK for UPnP devices /1.2",upnp:rootdevice,uuid:{59765E24-0C12-4d20-BsdsEE-71578AE02CB9}_e0:61:b2:19:a9:c7::upnp:rootdevice,,,,0,0,Communications
3/25/2018 7:14,116.107.11.170,udp,1900,,ssdp,HTTP/1.1 200 OK,7552,VN,HA NOI,HANOI,,max-age=1800,http://192.168.1.1:52881/simplecfg.xml,OS 1.0 UPnP/1.0 Realtek/V1.0,upnp:rootdevice,uuid:63041253-1019-2006-1228-000000000000::upnp:rootdevice,,,,0,0,Communications
3/25/2018 7:14,183.80.221.119,udp,1900,,ssdp,HTTP/1.1 200 OK,18403,VN,HA NOI,HANOI,"Sun, 25 Mar 2018 07:14:31 GMT",max-age=1800,http://192.168.1.1:49152/gatedesc.xml,"Linux/2.6.32.11, UPnP/1.0, Portable SDK for UPnP devices/1.6.6",upnp:rootdevice,uuid:75802409-bccb-40e7-8e6c-fa095ecce13e::upnp:rootdevice,,,,518111,737401,Communications
3/25/2018 7:14,117.1.132.46,udp,33007,localhost,ssdp,HTTP/1.1 200 OK,7552,VN,HA NOI,HANOI,"Sun, 25 Mar 2018 14:14:27 GMT",max-age=3600,http://192.168.1.122:49153/upnpdevicedesc.xml,"Linux/3.0.8, UPnP/1.0, Portable SDK for UPnP devices/1.6.19",upnp:rootdevice,uuid:Upnp-DS-2CD2420F-IW-1_0-663932970::upnp:rootdevice,,,,0,0,Communications
3/25/2018 7:14,113.161.150.40,udp,36290,static.vnpt.vn,ssdp,HTTP/1.1 200 OK,45899,VN,DONG NAI,BIEN HOA,"Sun, 25 Mar 2018 15:14:31 GMT",max-age=1801,http://192.168.11.1:49152/wps_device.xml,"Unspecified, UPnP/1.0, Unspecified",upnp:rootdevice,uuid:74b6f199-05fb-5a5b-a1d2-20185763aa2f::upnp:rootdevice,,,,0,0,Communications
3/25/2018 7:14,180.93.4.152,udp,1900,,ssdp,HTTP/1.1 200 OK,7602,VN,HA NOI,HANOI,"Sun, 25 Mar 2018 07:14:32 GMT",max-age=1800,http://192.168.1.1:49152/gatedesc.xml,"Linux/2.6.32.11, UPnP/1.0, Portable SDK for UPnP devices/1.6.6",upnp:rootdevice,uuid:75802409-bccb-40e7-8e6c-fa095ecce13e::upnp:rootdevice,,,,0,0,Communications
3/25/2018 7:14,113.23.41.167,udp,1900,,ssdp,HTTP/1.1 200 OK,18403,VN,HA NOI,HANOI,"Sun, 25 Mar 2018 07:14:36 GMT",max-age=1800,http://192.168.1.1:49152/gatedesc.xml,"Linux/2.6.32.11, UPnP/1.0, Portable SDK for UPnP devices/1.6.6",upnp:rootdevice,uuid:75802409-bccb-40e7-8e6c-fa095ecce13e::upnp:rootdevice,,,,518111,737401,Communications
3/25/2018 7:14,117.7.33.48,udp,1900,localhost,ssdp,HTTP/1.1 200 OK,7552,VN,HA NOI,HANOI,,max-age=1800,http://192.168.1.1:52881/simplecfg.xml,OS 1.0 UPnP/1.0 Realtek/V1.0,upnp:rootdevice,uuid:63041253-1019-2006-1228-000000000000::upnp:rootdevice,,,,0,0,Communications
3/25/2018 7:14,14.167.145.116,udp,1900,static.vnpt.vn,ssdp,HTTP/1.1 200 OK,45899,VN,HA NOI,HANOI,,max-age=120,http://192.168.1.1:65535/rootDesc.xml,Linux/2.4.22-1.2115.nptl UPnP/1.0 miniupnpd/1.0,upnp:rootdevice,uuid:11111111-1111-1111-1111-111111111111::upnp:rootdevice,,,,0,0,Communications
3/25/2018 7:14,14.231.191.1,udp,1900,,ssdp,HTTP/1.1 200 OK,45899,VN,HA NOI,HANOI,"Sat, 24 Mar 2018 14:14:43 GMT",max-age=1800,http://192.168.100.112:13537/description.xml,Embedded UPnP/1.0,upnp:rootdevice,uuid:6fb32d99-6064-5992-16ef-266eff65fa42::upnp:rootdevice,,,,0,0,Communications
3/25/2018 7:14,171.238.58.59,udp,1900,,ssdp,HTTP/1.1 200 OK,7552,VN,HAI PHONG,HAI PHONG,,max-age=1800,http://192.168.1.1:52881/simplecfg.xml,OS 1.0 UPnP/1.0 Realtek/V1.0,upnp:rootdevice,uuid:63041253-1019-2006-1228-000000000000::upnp:rootdevice,,,,0,0,Communications
3/25/2018 7:14,1.53.241.237,udp,50094,,ssdp,HTTP/1.1 200 OK,18403,VN,HO CHI MINH,THANH PHO HO CHI MINH,"Sun, 25 Mar 2018 14:14:09 GMT",max-age=3600,http://192.168.1.64:49152/upnpdevicedesc.xml,"Linux/3.0.8, UPnP/1.0, Portable SDK for UPnP devices/1.6.19",upnp:rootdevice,uuid:Upnp-DS-2CD2120F-IWS-1_0-689582243::upnp:rootdevice,,,,0,0,Communications
3/25/2018 7:14,171.228.198.57,udp,53426,,ssdp,HTTP/1.1 200 OK,7552,VN,LAO CAI,LAO CAI,"Sun, 25 Mar 2018 14:16:17 GMT",max-age=3600,http://192.168.1.64:49152/upnpdevicedesc.xml,"Linux/2.6.38.8, UPnP/1.0, Portable SDK for UPnP devices/1.6.19",upnp:rootdevice,uuid:Upnp-HDS-PT7174IR-A-1_0-512813584::upnp:rootdevice,,,,0,0,Communications
3/25/2018 7:14,183.81.118.188,udp,51962,,ssdp,HTTP/1.1 200 OK,18403,VN,NGHE AN,VINH,"Sun, 25 Mar 2018 14:16:02 GMT",max-age=3600,http://192.168.1.200:49152/upnpdevicedesc.xml,"Linux/3.0.8, UPnP/1.0, Portable SDK for UPnP devices/1.6.19",upnp:rootdevice,uuid:Upnp-DS-2CD2020F-I-1_0-141610143::upnp:rootdevice,,,,518111,737401,Communications
3/25/2018 7:14,14.186.24.21,udp,33220,static.vnpt.vn,ssdp,HTTP/1.1 200 OK,45899,VN,HO CHI MINH,THANH PHO HO CHI MINH,"Sun, 25 Mar 2018 14:12:15 GMT",max-age=3600,http://192.168.100.160:49152/upnpdevicedesc.xml,"Linux/3.0.8, UPnP/1.0, Portable SDK for UPnP devices/1.6.19",upnp:rootdevice,uuid:Upnp-HDS-2420IRPW-1_0-139276491::upnp:rootdevice,,,,0,0,Communications
3/25/2018 7:14,115.77.53.35,udp,48751,adsl.viettel.vn,ssdp,HTTP/1.1 200 OK,7552,VN,HO CHI MINH,THANH PHO HO CHI MINH,"Sun, 25 Mar 2018 14:20:51 GMT",max-age=3600,http://192.168.1.200:49152/upnpdevicedesc.xml,"Linux/3.0.8, UPnP/1.0, Portable SDK for UPnP devices/1.6.19",upnp:rootdevice,uuid:Upnp-DS-2CD2010F-I-1_0-618317331::upnp:rootdevice,,,,0,0,Communications
3/25/2018 7:14,113.180.54.238,udp,1900,static.vnpt.vn,ssdp,HTTP/1.1 200 OK,45899,VN,HA NOI,HANOI,"Tue, 11 Dec 2007 09:13:18 GMT",max-age=1800,http://192.168.1.88:49152/description.xml,"Linux/2.6.5-it0, UPnP/1.0, Intel SDK for UPnP devices /1.2",upnp:rootdevice,uuid:{59765E24-0C12-4d20-BsdsEE-71578AE02CB9}_e0:61:b2:17:ab:5d::upnp:rootdevice,,,,0,0,Communications
3/25/2018 7:15,27.72.19.169,udp,1900,,ssdp,HTTP/1.1 200 OK,7552,VN,HA NOI,HANOI,,max-age=1800,http://192.0.1.191:52881/simplecfg.xml,OS 1.0 UPnP/1.0 Realtek/V1.0,upnp:rootdevice,uuid:63041253-1019-2006-1228-000000000000::upnp:rootdevice,,,,0,0,Communications
3/25/2018 7:15,123.24.98.156,udp,3507,dynamic.vdc.vn,ssdp,HTTP/1.1 200 OK,45899,VN,HA NOI,HANOI,"Sat, 08 Jan 2000 11:02:19 GMT",max-age=100,http://192.168.1.1:49152/description.xml,"Linux/2.6.21, UPnP/1.0, Portable SDK for UPnP devices/1.3.1",upnp:rootdevice,uuid:28802880-2880-1880-a880-00304fb1dd00::upnp:rootdevice,,,,0,0,Communications
3/25/2018 7:15,27.76.3.216,udp,44842,localhost,ssdp,HTTP/1.1 200 OK,7552,VN,NGHE AN,VINH,"Sun, 25 Mar 2018 14:13:22 GMT",max-age=3600,http://192.168.1.7:49154/upnpdevicedesc.xml,"Linux/3.0.8, UPnP/1.0, Portable SDK for UPnP devices/1.6.19",upnp:rootdevice,uuid:Upnp-DS-2CD2020F-I-1_0-830350903::upnp:rootdevice,,,,0,0,Communications
3/25/2018 7:15,58.186.0.13,udp,1900,,ssdp,HTTP/1.1 200 OK,18403,VN,KHANH HOA,NHA TRANG,"Sun, 25 Mar 2018 07:15:19 GMT",max-age=1800,http://192.168.1.1:49152/gatedesc.xml,"Linux/2.6.32.11, UPnP/1.0, Portable SDK for UPnP devices/1.6.6",upnp:rootdevice,uuid:75802409-bccb-40e7-8e6c-fa095ecce13e::upnp:rootdevice,,,,518111,737401,Communications
3/25/2018 7:15,171.224.115.146,udp,1900,,ssdp,HTTP/1.1 200 OK,7552,VN,HA NOI,HANOI,"Tue, 11 Dec 2007 09:13:18 GMT",max-age=1800,http://192.168.1.80:49152/description.xml,"Linux/2.6.5-it0, UPnP/1.0, Intel SDK for UPnP devices /1.2",upnp:rootdevice,uuid:{59765E24-0C12-4d20-BsdsEE-71578AE02CB9}_e0:61:b2:07:21:f2::upnp:rootdevice,,,,0,0,Communications
3/25/2018 7:15,113.180.140.69,udp,1900,static.vnpt.vn,ssdp,HTTP/1.1 200 OK,45899,VN,HA NOI,HANOI,,max-age=1800,http://192.168.1.1:5431/dyndev/uuid:c83a3540-0238-3802-4035-3ac83a40380000,Custom/1.0 UPnP/1.0 Proc/Ver,upnp:rootdevice,uuid:c83a3540-0238-3802-4035-3ac83a40380000::upnp:rootdevice,,,,0,0,Communications
3/25/2018 7:15,14.164.103.114,udp,1900,static.vnpt.vn,ssdp,HTTP/1.1 200 OK,45899,VN,HO CHI MINH,THANH PHO HO CHI MINH,,max-age=1800,http://192.168.1.1:5431/dyndev/uuid:c83a353f-a6a8-a8a6-3f35-3ac83a3fa80000,Custom/1.0 UPnP/1.0 Proc/Ver,upnp:rootdevice,uuid:c83a353f-a6a8-a8a6-3f35-3ac83a3fa80000::upnp:rootdevice,,,,0,0,Communications
3/25/2018 7:15,123.25.33.20,udp,46850,static.vdc.vn,ssdp,HTTP/1.1 200 OK,45899,VN,HA NOI,HANOI,"Sun, 25 Mar 2018 14:15:01 GMT",max-age=1800,http://192.168.1.123:80/upnpdevicedesc.xml,"Linux/3.0.8, UPnP/1.0, Portable SDK for UPnP devices/1.4.7",upnp:rootdevice,uuid:48343337-3336-3236-3536-8CE74839B145::upnp:rootdevice,,,,0,0,Communications
3/25/2018 7:15,113.190.44.120,udp,3089,static.vnpt-hanoi.com.vn,ssdp,HTTP/1.1 200 OK,45899,VN,HA NOI,HANOI,"Tue, 04 Jan 2000 02:50:32 GMT",max-age=100,http://192.168.1.1:49152/description.xml,"Linux/2.6.21, UPnP/1.0, Portable SDK for UPnP devices/1.3.1",upnp:rootdevice,uuid:28802880-2880-1880-a880-00304fb97288::upnp:rootdevice,,,,0,0,Communications
3/25/2018 7:15,27.73.111.182,udp,59756,localhost,ssdp,HTTP/1.1 200 OK,7552,VN,HA NOI,HANOI,"Sun, 25 Mar 2018 14:16:33 GMT",max-age=3600,http://192.168.1.64:49152/upnpdevicedesc.xml,"Linux/3.0.8, UPnP/1.0, Portable SDK for UPnP devices/1.6.19",upnp:rootdevice,uuid:Upnp-DS-2CD2120F-I-1_0-815558886::upnp:rootdevice,,,,0,0,Communications
3/25/2018 7:15,123.24.99.49,udp,3190,dynamic.vdc.vn,ssdp,HTTP/1.1 200 OK,45899,VN,HA NOI,HANOI,"Sat, 08 Jan 2000 11:02:50 GMT",max-age=100,http://192.168.1.1:49152/description.xml,"Linux/2.6.21, UPnP/1.0, Portable SDK for UPnP devices/1.3.1",upnp:rootdevice,uuid:28802880-2880-1880-a880-00304fba4a30::upnp:rootdevice,,,,0,0,Communications
3/25/2018 7:15,58.187.151.251,udp,1900,,ssdp,HTTP/1.1 200 OK,18403,VN,HA NOI,HANOI,"Sun, 25 Mar 2018 07:15:51 GMT",max-age=1800,http://192.168.1.1:49153/gatedesc.xml,"Linux/2.6.32.11, UPnP/1.0, Portable SDK for UPnP devices/1.6.6",upnp:rootdevice,uuid:75802409-bccb-40e7-8e6c-fa095ecce13e::upnp:rootdevice,,,,518111,737401,Communications
3/25/2018 7:15,123.28.140.68,udp,1900,localhost,ssdp,HTTP/1.1 200 OK,45899,VN,HA NOI,HANOI,,max-age=1800,http://192.168.1.1:5431/dyndev/uuid:0000e0d8-20a0-00e0-20a0-4888002808e0,Custom/1.0 UPnP/1.0 Proc/Ver,upnp:rootdevice,uuid:0000e0d8-20a0-00e0-20a0-4888002808e0::upnp:rootdevice,,,,0,0,Communications
3/25/2018 7:15,42.113.110.164,udp,53383,,ssdp,HTTP/1.1 200 OK,18403,VN,HA NOI,HANOI,"Sun, 25 Mar 2018 14:16:29 GMT",max-age=3600,http://192.168.1.201:49153/upnpdevicedesc.xml,"Linux/3.0.8, UPnP/1.0, Portable SDK for UPnP devices/1.6.19",upnp:rootdevice,uuid:Upnp-DS-2CD2120F-IWS-1_0-837759815::upnp:rootdevice,,,,0,0,Communications
3/25/2018 7:16,123.22.246.140,udp,1900,,ssdp,HTTP/1.1 200 OK,45899,VN,TRA VINH,TRA VINH,,max-age=1800,http://192.168.1.1:5431/dyndev/uuid:0000e0d8-20a0-00e0-20a0-4888002808e0,Custom/1.0 UPnP/1.0 Proc/Ver,upnp:rootdevice,uuid:0000e0d8-20a0-00e0-20a0-4888002808e0::upnp:rootdevice,,,,0,0,Communications
3/25/2018 7:16,113.172.188.59,udp,56293,static.vnpt.vn,ssdp,HTTP/1.1 200 OK,45899,VN,HO CHI MINH,THANH PHO HO CHI MINH,"Sun, 25 Mar 2018 14:16:11 GMT",max-age=3600,http://192.168.1.220:49153/upnpdevicedesc.xml,"Linux/3.0.8, UPnP/1.0, Portable SDK for UPnP devices/1.6.19",upnp:rootdevice,uuid:Upnp-DS-2CD2120F-I-1_0-725285255::upnp:rootdevice,,,,0,0,Communications
3/25/2018 7:16,123.24.23.164,udp,3075,,ssdp,HTTP/1.1 200 OK,45899,VN,HA NOI,HANOI,"Tue, 04 Jan 2000 12:59:40 GMT",max-age=100,http://192.168.1.1:49152/description.xml,"Linux/2.6.21, UPnP/1.0, Portable SDK for UPnP devices/1.3.1",upnp:rootdevice,uuid:28802880-2880-1880-a880-00304fba4158::upnp:rootdevice,,,,0,0,Communications
3/25/2018 7:16,14.170.119.175,udp,1900,,ssdp,HTTP/1.1 200 OK,45899,VN,HA NOI,HANOI,"Tue, 11 Dec 2007 09:13:18 GMT",max-age=1800,http://192.168.1.88:49152/description.xml,"Linux/2.6.5-it0, UPnP/1.0, Intel SDK for UPnP devices /1.2",upnp:rootdevice,uuid:{59765E24-0C12-4d20-BsdsEE-71578AE02CB9}_e0:61:b2:47:26:c5::upnp:rootdevice,,,,0,0,Communications
3/25/2018 7:16,116.104.244.48,udp,39955,,ssdp,HTTP/1.1 200 OK,7552,VN,BAC NINH,BAC NINH,"Thu, 01 Jan 1970 07:17:14 GMT",max-age=3600,http://192.168.1.5:49153/upnpdevicedesc.xml,"Linux/3.0.8, UPnP/1.0, Portable SDK for UPnP devices/1.6.19",upnp:rootdevice,uuid:Upnp-DS-2CD2020F-IW-1_0-150945123::upnp:rootdevice,,,,0,0,Communications
3/25/2018 7:16,14.160.35.62,udp,1900,,ssdp,HTTP/1.1 200 OK,45899,VN,HA NOI,HANOI,,max-age=1800,http://113.190.47.41:52881/simplecfg.xml,OS 1.0 UPnP/1.0 Realtek/V1.3,upnp:rootdevice,uuid:11223344-5566-7788-99aa-784476940628::upnp:rootdevice,,,,0,0,Communications
3/25/2018 7:16,115.79.155.59,udp,1900,adsl.viettel.vn,ssdp,HTTP/1.1 200 OK,7552,VN,HO CHI MINH,THANH PHO HO CHI MINH,,max-age=1800,http://192.168.1.1:52881/simplecfg.xml,OS 1.0 UPnP/1.0 Realtek/V1.0,upnp:rootdevice,uuid:63041253-1019-2006-1228-000000000000::upnp:rootdevice,,,,0,0,Communications
3/25/2018 7:16,113.23.16.158,udp,47941,,ssdp,HTTP/1.1 200 OK,18403,VN,HA NOI,HANOI,"Sun, 25 Mar 2018 14:17:36 GMT",max-age=1800,http://192.168.1.90:80/upnpdevicedesc.xml,"Linux/3.0.8, UPnP/1.0, Portable SDK for UPnP devices/1.4.7",upnp:rootdevice,uuid:48343338-3036-3237-3732-8CE7483B2FE7::upnp:rootdevice,,,,518111,737401,Communications
3/25/2018 7:16,113.182.163.163,udp,1900,static.vnpt.vn,ssdp,HTTP/1.1 200 OK,45899,VN,TAY NINH,TAY NINH,,max-age=1800,http://192.168.1.1:5431/dyndev/uuid:0000e0d8-20a0-00e0-20a0-4888002808e0,Custom/1.0 UPnP/1.0 Proc/Ver,upnp:rootdevice,uuid:0000e0d8-20a0-00e0-20a0-4888002808e0::upnp:rootdevice,,,,0,0,Communications
3/25/2018 7:16,14.166.86.92,udp,44529,static.vnpt.vn,ssdp,HTTP/1.1 200 OK,45899,VN,HA NOI,HANOI,"Sun, 25 Mar 2018 14:18:26 GMT",max-age=3600,http://192.168.1.64:49152/upnpdevicedesc.xml,"Linux/3.0.8, UPnP/1.0, Portable SDK for UPnP devices/1.6.19",upnp:rootdevice,uuid:Upnp-DS-2CD2020F-I-1_0-826268496::upnp:rootdevice,,,,0,0,Communications
3/25/2018 7:16,112.197.96.124,udp,48180,,ssdp,HTTP/1.1 200 OK,45543,VN,HO CHI MINH,THANH PHO HO CHI MINH,,max-age=1800,http://112.197.96.124:1996/,"Linux/i686 UPnP/1,0 DLNADOC/1.50 LGE WebOS TV/Version 0.9",upnp:rootdevice,uuid:55eadbc6-039a-1bd0-46c6-fb00bebd9cff::upnp:rootdevice,,,,0,0,Communications
3/25/2018 7:16,113.188.49.97,udp,51000,static.vnpt.vn,ssdp,HTTP/1.1 200 OK,45899,VN,HA NOI,HANOI,"Sun, 25 Mar 2018 07:16:41 GMT",max-age=100,http://192.168.1.225:49153/upnp_notify.xml,"Linux/3.10.0, UPnP/1.0, Portable SDK for UPnP devices/1.6.6",upnp:rootdevice,uuid:e75fb25e-1dd1-11b2-bcd6-9fb13e409702::upnp:rootdevice,,,,0,0,Communications
3/25/2018 7:16,14.168.230.125,udp,1900,static.vnpt.vn,ssdp,HTTP/1.1 200 OK,45899,VN,BEN TRE,BEN TRE,,max-age=1800,http://192.168.1.1:5431/dyndev/uuid:94fbb26b-dd1f-1fdd-6bb2-fb94fb6b1f0000,Custom/1.0 UPnP/1.0 Proc/Ver,upnp:rootdevice,uuid:94fbb26b-dd1f-1fdd-6bb2-fb94fb6b1f0000::upnp:rootdevice,,,,0,0,Communications
3/25/2018 7:16,115.72.224.26,udp,33772,adsl.viettel.vn,ssdp,HTTP/1.1 200 OK,7552,VN,HO CHI MINH,THANH PHO HO CHI MINH,"Sun, 25 Mar 2018 14:13:02 GMT",max-age=3600,http://192.168.1.199:49152/upnpdevicedesc.xml,"Linux/3.0.8, UPnP/1.0, Portable SDK for UPnP devices/1.6.19",upnp:rootdevice,uuid:Upnp-DS-2CD2420F-IW-1_0-692916802::upnp:rootdevice,,,,0,0,Communications
3/25/2018 7:17,113.178.115.178,udp,1900,static.vnpt.vn,ssdp,HTTP/1.1 200 OK,45899,VN,HA NOI,HANOI,,max-age=1800,http://192.168.1.1:5431/dyndev/uuid:004aaa4f-32e6-4892-a4ea-cbc0088a20ee,Custom/1.0 UPnP/1.0 Proc/Ver,upnp:rootdevice,uuid:004aaa4f-32e6-4892-a4ea-cbc0088a20ee::upnp:rootdevice,,,,0,0,Communications
3/25/2018 7:17,113.190.118.14,udp,3081,static.vnpt.vn,ssdp,HTTP/1.1 200 OK,45899,VN,HA NOI,HANOI,"Sat, 01 Jan 2000 16:48:13 GMT",max-age=100,http://192.168.1.1:49152/description.xml,"Linux/2.6.21, UPnP/1.0, Portable SDK for UPnP devices/1.3.1",upnp:rootdevice,uuid:28802880-2880-1880-a880-00304fb97ff8::upnp:rootdevice,,,,0,0,Communications
3/25/2018 7:17,171.224.40.58,udp,58374,,ssdp,HTTP/1.1 200 OK,7552,VN,HA NOI,HANOI,"Sun, 25 Mar 2018 14:17:07 GMT",max-age=3600,http://192.168.1.130:49152/upnpdevicedesc.xml,"Linux/3.0.8, UPnP/1.0, Portable SDK for UPnP devices/1.6.19",upnp:rootdevice,uuid:Upnp-DS-2CD2120F-IWS-1_0-784570199::upnp:rootdevice,,,,0,0,Communications
3/25/2018 7:17,203.162.164.218,udp,1900,static.vnpt.vn,ssdp,HTTP/1.1 200 OK,45899,VN,HA NOI,HANOI,,max-age=1800,http://203.162.165.233:52881/simplecfg.xml,OS 1.0 UPnP/1.0 Realtek/V1.3,upnp:rootdevice,uuid:11223344-5566-7788-99aa-78447693f720::upnp:rootdevice,,,,0,0,Communications
3/25/2018 7:17,113.183.87.79,udp,39658,static.vnpt.vn,ssdp,HTTP/1.1 200 OK,45899,VN,HAI PHONG,HAI PHONG,"Sun, 25 Mar 2018 14:16:39 GMT",max-age=3600,http://192.168.1.64:49152/upnpdevicedesc.xml,"Linux/3.0.8, UPnP/1.0, Portable SDK for UPnP devices/1.6.19",upnp:rootdevice,uuid:Upnp-DS-2CD2822FWS-IR-1_0-722388362::upnp:rootdevice,,,,0,0,Communications
3/25/2018 7:17,123.27.253.224,udp,1900,localhost,ssdp,HTTP/1.1 200 OK,45899,VN,HA NOI,HANOI,,max-age=120,http://192.168.0.1:65535/rootDesc.xml,Linux/2.4.22-1.2115.nptl UPnP/1.0 miniupnpd/1.0,upnp:rootdevice,uuid:11111111-1111-1111-1111-111111111111::upnp:rootdevice,,,,0,0,Communications
3/25/2018 7:17,171.228.224.37,udp,53220,,ssdp,HTTP/1.1 200 OK,7552,VN,LAO CAI,LAO CAI,"Sun, 25 Mar 2018 14:19:48 GMT",max-age=3600,http://192.168.1.64:49152/upnpdevicedesc.xml,"Linux/3.4.35, UPnP/1.0, Portable SDK for UPnP devices/1.6.19",upnp:rootdevice,uuid:Upnp-HDS-PT7220IR-A-1_0-724875681::upnp:rootdevice,,,,0,0,Communications
3/25/2018 7:17,112.197.136.159,udp,18000,,ssdp,HTTP/1.1 200 OK,45543,VN,HA NOI,HANOI,,max-age=1800,http://112.197.136.159:55000/dms/ddd.xml,FreeBSD/8.0 UPnP/1.0 Panasonic-MIL-DLNA-SV/1.0,upnp:rootdevice,uuid:4D454930-0000-1000-8001-A81374B5743F::upnp:rootdevice,,,,0,0,Communications
3/25/2018 7:17,103.82.36.71,udp,33167,,ssdp,HTTP/1.1 200 OK,45899,VN,HO CHI MINH,THANH PHO HO CHI MINH,"Sun, 25 Mar 2018 07:17:23 GMT",max-age=1800,http://103.82.36.71:32469/DeviceDescription.xml,UPnP/1.0 DLNADOC/1.50 Platinum/1.0.5.13,upnp:rootdevice,uuid:c5394249-2e97-26fe-7d69-0613bde7c32b::upnp:rootdevice,,,,0,0,Communications
3/25/2018 7:17,113.182.140.202,udp,51249,static.vnpt.vn,ssdp,HTTP/1.1 200 OK,45899,VN,LONG AN,TAN AN,"Tue, 17 Nov 1970 01:10:08 GMT",max-age=3600,http://192.168.1.200:49152/upnpdevicedesc.xml,"Linux/3.0.8, UPnP/1.0, Portable SDK for UPnP devices/1.6.19",upnp:rootdevice,uuid:Upnp-HDS-2020IRP-1_0-738724826::upnp:rootdevice,,,,0,0,Communications
3/25/2018 7:17,42.113.43.250,udp,1900,,ssdp,HTTP/1.1 200 OK,18403,VN,HA NOI,HANOI,"Sun, 25 Mar 2018 07:17:29 GMT",max-age=1800,http://192.168.1.1:49152/gatedesc.xml,"Linux/2.6.32.11, UPnP/1.0, Portable SDK for UPnP devices/1.6.6",upnp:rootdevice,uuid:75802409-bccb-40e7-8e6c-fa095ecce13e::upnp:rootdevice,,,,0,0,Communications
3/25/2018 7:17,112.72.80.79,udp,1900,,ssdp,HTTP/1.1 200 OK,45539,VN,HA NOI,HANOI,"Sun, 25 Mar 2018 07:17:22 GMT",max-age=1800,http://192.168.1.1:49152/gatedesc.xml,"Linux/2.6.32.11, UPnP/1.0, Portable SDK for UPnP devices/1.6.6",upnp:rootdevice,uuid:75802409-bccb-40e7-8e6c-fa095ecce13e::upnp:rootdevice,,,,0,0,Communications
3/25/2018 7:17,14.171.149.212,udp,1900,static.vnpt.vn,ssdp,HTTP/1.1 200 OK,45899,VN,HA NOI,HANOI,"Tue, 11 Dec 2007 09:13:18 GMT",max-age=1800,http://192.168.1.123:49152/description.xml,"Linux/2.6.5-it0, UPnP/1.0, Intel SDK for UPnP devices /1.2",upnp:rootdevice,uuid:{59765E24-0C12-4d20-BsdsEE-71578AE02CB9}_e0:61:b2:05:d0:ac::upnp:rootdevice,,,,0,0,Communications
3/25/2018 7:17,113.167.83.96,udp,48602,static.vnpt.vn,ssdp,HTTP/1.1 200 OK,45899,VN,HA NOI,HANOI,"Sun, 25 Mar 2018 14:17:58 GMT",max-age=3600,http://192.168.1.65:49152/upnpdevicedesc.xml,"Linux/3.0.8, UPnP/1.0, Portable SDK for UPnP devices/1.6.19",upnp:rootdevice,uuid:Upnp-DS-2CD2120F-IW-1_0-801213275::upnp:rootdevice,,,,0,0,Communications
3/25/2018 7:17,115.79.65.169,udp,1900,adsl.viettel.vn,ssdp,HTTP/1.1 200 OK,7552,VN,HO CHI MINH,THANH PHO HO CHI MINH,,max-age=1800,http://192.168.1.1:52881/simplecfg.xml,OS 1.0 UPnP/1.0 Realtek/V1.0,upnp:rootdevice,uuid:63041253-1019-2006-1228-000000000000::upnp:rootdevice,,,,0,0,Communications
3/25/2018 7:17,27.3.86.47,udp,1900,,ssdp,HTTP/1.1 200 OK,45543,VN,HO CHI MINH,THANH PHO HO CHI MINH,,max-age=120,http://192.168.0.1:65535/rootDesc.xml,uClinux/2.6.28.10 UPnP/1.0 MiniUPnPd/1.3,upnp:rootdevice,uuid:1acb72bc-1dd2-11b2-88d7-ca08d7cc570f::upnp:rootdevice,,,,0,0,Communications
3/25/2018 7:17,113.166.195.149,udp,1900,static.vnpt.vn,ssdp,HTTP/1.1 200 OK,45899,VN,HA NOI,HANOI,,max-age=1800,http://192.168.1.1:5431/dyndev/uuid:c83a353f-cba8-a8cb-3f35-3ac83a3fa80000,Custom/1.0 UPnP/1.0 Proc/Ver,upnp:rootdevice,uuid:c83a353f-cba8-a8cb-3f35-3ac83a3fa80000::upnp:rootdevice,,,,0,0,Communications
3/25/2018 7:17,183.80.120.245,udp,59327,,ssdp,HTTP/1.1 200 OK,18403,VN,HA NOI,HANOI,"Sat, 24 Jan 1970 21:27:37 GMT",max-age=3600,http://192.168.1.74:49152/upnpdevicedesc.xml,"Linux/3.0.8, UPnP/1.0, Portable SDK for UPnP devices/1.6.19",upnp:rootdevice,uuid:Upnp-DS-2CD2020F-I-1_0-121493316::upnp:rootdevice,,,,518111,737401,Communications
3/25/2018 7:17,113.174.242.94,udp,42563,static.vnpt.vn,ssdp,HTTP/1.1 200 OK,45899,VN,KON TUM,KON TUM,"Sun, 25 Mar 2018 14:17:40 GMT",max-age=3600,http://192.168.1.5:49153/upnpdevicedesc.xml,"Linux/3.0.8, UPnP/1.0, Portable SDK for UPnP devices/1.6.19",upnp:rootdevice,uuid:Upnp-DS-2CD2420F-IW-1_0-718837935::upnp:rootdevice,,,,0,0,Communications
3/25/2018 7:17,117.3.145.71,udp,1900,,ssdp,HTTP/1.1 200 OK,7552,VN,BINH DINH,QUI NHON,,max-age=1800,http://192.168.1.1:52881/simplecfg.xml,OS 1.0 UPnP/1.0 Realtek/V1.0,upnp:rootdevice,uuid:63041253-1019-2006-1228-000000000000::upnp:rootdevice,,,,0,0,Communications
3/25/2018 7:17,123.18.246.214,udp,44694,,ssdp,HTTP/1.1 200 OK,45899,VN,BAC GIANG,BAC GIANG,"Fri, 16 Mar 2018 14:12:21 GMT",max-age=3600,http://192.168.1.4:49153/upnpdevicedesc.xml,"Linux/3.0.8, UPnP/1.0, Portable SDK for UPnP devices/1.6.19",upnp:rootdevice,uuid:Upnp-DS-2CD2420F-IW-1_0-710765144::upnp:rootdevice,,,,0,0,Communications
3/25/2018 7:17,42.117.31.248,udp,58365,,ssdp,HTTP/1.1 200 OK,18403,VN,HA NOI,HANOI,"Sun, 25 Mar 2018 14:17:41 GMT",max-age=3600,http://192.168.1.200:49153/upnpdevicedesc.xml,"Linux/3.0.8, UPnP/1.0, Portable SDK for UPnP devices/1.6.19",upnp:rootdevice,uuid:Upnp-DS-2CD2120F-I-1_0-694631693::upnp:rootdevice,,,,0,0,Communications
3/25/2018 7:17,123.16.61.134,udp,1900,static.vnpt.vn,ssdp,HTTP/1.1 200 OK,45899,VN,HA NOI,HANOI,"Mon, 22 Feb 2016 14:16:52 GMT",max-age=120,http://192.168.1.10:1900/nobody/Mediadesc_0.xml,Linux/2.x UPnP/1.0 Avtech/1.0,upnp:rootdevice,uuid:upnp-surveillance-1_0-000E533120A1::upnp:rootdevice,,,,0,0,Communications
3/25/2018 7:18,58.186.29.137,udp,1900,,ssdp,HTTP/1.1 200 OK,18403,VN,HA NOI,HANOI,,max-age=3600,http://58.186.29.137:2828/gateway.xml,RouterOS/6.38.5UPnP/1.0 MikroTik UPnP/1.0,upnp:rootdevice,uuid:UUID-MIKROTIK-INTERNET-GATEWAY-DEVICE-HHDA-EEA8::upnp:rootdevice,,,,518111,737401,Communications
3/25/2018 7:18,222.253.6.99,udp,1900,static.vnpt.vn,ssdp,HTTP/1.1 200 OK,45899,VN,HA NOI,HANOI,,max-age=120,http://192.168.1.1:5500/rootDesc.xml,1,upnp:rootdevice,uuid:ec9982fc-9600-11df-b8e5-000c29d32f89::upnp:rootdevice,,,,0,0,Communications
3/25/2018 7:18,14.173.131.162,udp,1900,static.vnpt.vn,ssdp,HTTP/1.1 200 OK,45899,VN,TAY NINH,TAY NINH,,max-age=1800,http://192.168.1.1:5431/dyndev/uuid:0000e0d8-20a0-00e0-20a0-4868002808e0,Custom/1.0 UPnP/1.0 Proc/Ver,upnp:rootdevice,uuid:0000e0d8-20a0-00e0-20a0-4868002808e0::upnp:rootdevice,,,,0,0,Communications
3/25/2018 7:18,113.168.7.176,udp,1900,static.vnpt.vn,ssdp,HTTP/1.1 200 OK,45899,VN,HA NOI,HANOI,,max-age=1800,http://192.168.1.123:1900/cameradesc.xml,Embedded/1.0 UPnP/1.0 IPCamera/1.1,upnp:rootdevice,uuid:4d454930-0000-1000-8000-0080f0a77bcc::upnp:rootdevice,,,,0,0,Communications
3/25/2018 7:18,14.177.157.73,udp,37038,static.vnpt.vn,ssdp,HTTP/1.1 200 OK,45899,VN,HA NOI,HANOI,"Sun, 25 Mar 2018 07:18:08 GMT",max-age=1801,http://192.168.2.1:49153/wps_device.xml,"Unspecified, UPnP/1.0, Unspecified",upnp:rootdevice,uuid:ca0b78d5-9193-0ec7-36fa-91aca5553730::upnp:rootdevice,,,,0,0,Communications
3/25/2018 7:18,183.80.7.36,udp,1900,,ssdp,HTTP/1.1 200 OK,18403,VN,HA NOI,HANOI,"Sat, 24 Mar 2018 07:18:06 GMT",max-age=1800,http://192.168.1.10:13009/description.xml,Embedded UPnP/1.0,upnp:rootdevice,uuid:upnp_NetworkCamera-0002D1093E11::upnp:rootdevice,,,,518111,737401,Communications
3/25/2018 7:18,14.175.85.232,udp,1900,static.vnpt.vn,ssdp,HTTP/1.1 200 OK,45899,VN,HA NOI,HANOI,"Tue, 11 Dec 2007 09:13:18 GMT",max-age=1800,http://192.168.1.88:49152/description.xml,"Linux/2.6.5-it0, UPnP/1.0, Intel SDK for UPnP devices /1.2",upnp:rootdevice,uuid:{59765E24-0C12-4d20-BsdsEE-71578AE02CB9}_e0:61:b2:40:17:96::upnp:rootdevice,,,,0,0,Communications
3/25/2018 7:18,113.165.249.62,udp,1900,static.vnpt.vn,ssdp,HTTP/1.1 200 OK,45899,VN,HA NOI,HANOI,,max-age=1800,http://192.168.1.1:5431/dyndev/uuid:0000e0d8-20a0-00e0-20a0-4888002808e0,Custom/1.0 UPnP/1.0 Proc/Ver,upnp:rootdevice,uuid:0000e0d8-20a0-00e0-20a0-4888002808e0::upnp:rootdevice,,,,0,0,Communications
3/25/2018 7:18,113.186.10.25,udp,34362,static.vnpt.vn,ssdp,HTTP/1.1 200 OK,45899,VN,HA NOI,HANOI,"Sun, 25 Mar 2018 14:18:55 GMT",max-age=3600,http://192.168.1.200:49153/upnpdevicedesc.xml,"Linux/3.0.8, UPnP/1.0, Portable SDK for UPnP devices/1.6.19",upnp:rootdevice,uuid:Upnp-DS-2CD2020F-I-1_0-141610591::upnp:rootdevice,,,,0,0,Communications
3/25/2018 7:18,14.243.172.8,udp,56583,static.vnpt.vn,ssdp,HTTP/1.1 200 OK,45899,VN,QUANG NGAI,QUANG NGAI,"Sun, 25 Mar 2018 13:54:34 GMT",max-age=1800,http://192.168.1.254:85/upnpdevicedesc.xml,"Linux/3.0.8, UPnP/1.0, Portable SDK for UPnP devices/1.4.7",upnp:rootdevice,uuid:48353134-3632-3032-3436-C056E351FC27::upnp:rootdevice,,,,0,0,Communications
3/25/2018 7:18,222.253.189.202,udp,1900,static.vnpt.vn,ssdp,HTTP/1.1 200 OK,45899,VN,DONG NAI,BIEN HOA,,max-age=1800,http://192.168.1.1:5431/dyndev/uuid:c83a353f-f2b0-b0f2-3f35-3ac83a3fb00000,Custom/1.0 UPnP/1.0 Proc/Ver,upnp:rootdevice,uuid:c83a353f-f2b0-b0f2-3f35-3ac83a3fb00000::upnp:rootdevice,,,,0,0,Communications
3/25/2018 7:18,123.24.94.191,udp,57869,dynamic.vdc.vn,ssdp,HTTP/1.1 200 OK,45899,VN,HA NOI,HANOI,"Sun, 25 Mar 2018 14:18:55 GMT",max-age=3600,http://192.168.1.200:49153/upnpdevicedesc.xml,"Linux/3.18.20, UPnP/1.0, Portable SDK for UPnP devices/1.6.21",upnp:rootdevice,uuid:Upnp-DS-2CD2T21G0-I-1_0-148586427::upnp:rootdevice,,,,0,0,Communications
3/25/2018 7:18,183.81.5.108,udp,42509,,ssdp,HTTP/1.1 200 OK,18403,VN,HA NOI,HANOI,"Sun, 25 Mar 2018 13:23:31 GMT",max-age=3600,http://192.168.1.64:49152/upnpdevicedesc.xml,"Linux/3.0.8, UPnP/1.0, Portable SDK for UPnP devices/1.6.19",upnp:rootdevice,uuid:Upnp-DS-2CD2020F-I-1_0-622303328::upnp:rootdevice,,,,518111,737401,Communications
3/25/2018 7:18,180.93.5.178,udp,1900,,ssdp,HTTP/1.1 200 OK,7602,VN,HA NOI,HANOI,"Sun, 25 Mar 2018 07:18:48 GMT",max-age=1800,http://192.168.1.1:49152/gatedesc.xml,"Linux/2.6.32.11, UPnP/1.0, Portable SDK for UPnP devices/1.6.6",upnp:rootdevice,uuid:75802409-bccb-40e7-8e6c-fa095ecce13e::upnp:rootdevice,,,,0,0,Communications
3/25/2018 7:18,42.115.206.22,udp,59970,,ssdp,HTTP/1.1 200 OK,18403,VN,BAC NINH,BAC NINH,"Sun, 25 Mar 2018 14:05:53 GMT",max-age=1800,http://192.168.1.188:81/upnpdevicedesc.xml,"Linux/3.0.8, UPnP/1.0, Portable SDK for UPnP devices/1.4.7",upnp:rootdevice,uuid:48343732-3735-3032-3934-8CE74876ADA8::upnp:rootdevice,,,,0,0,Communications
3/25/2018 7:19,112.72.80.94,udp,1900,,ssdp,HTTP/1.1 200 OK,45539,VN,HA NOI,HANOI,"Sun, 25 Mar 2018 07:19:00 GMT",max-age=1800,http://192.168.1.1:49152/gatedesc.xml,"Linux/2.6.32.11, UPnP/1.0, Portable SDK for UPnP devices/1.6.6",upnp:rootdevice,uuid:75802409-bccb-40e7-8e6c-fa095ecce13e::upnp:rootdevice,,,,0,0,Communications
3/25/2018 7:19,116.108.190.35,udp,36258,,ssdp,HTTP/1.1 200 OK,24086,VN,HO CHI MINH,THANH PHO HO CHI MINH,"Mon, 26 Mar 2018 07:16:24 GMT",max-age=100,http://192.168.1.160:49152/dvrdevicedesc.xml,"Linux/3.0.8, UPnP/1.0, Portable SDK for UPnP devices/1.6.6",upnp:rootdevice,uuid:Upnp-HDS-04-3c04bf01077b::upnp:rootdevice,,,,0,0,Communications
3/25/2018 7:19,113.174.25.43,udp,3912,static.vnpt.vn,ssdp,HTTP/1.1 200 OK,45899,VN,CA MAU,CA MAU,"Sun, 25 Mar 2018 07:19:16 GMT",max-age=1800,http://192.168.1.1:49152/gatedesc.xml,"Linux/2.6.17, UPnP/1.0",upnp:rootdevice,uuid:75802409-bccb-40e7-8e6c-fa095ecce13e::upnp:rootdevice,,,,0,0,Communications
3/25/2018 7:19,123.24.72.59,udp,3647,dynamic.vdc.vn,ssdp,HTTP/1.1 200 OK,45899,VN,HA NOI,HANOI,"Wed, 05 Jan 2000 23:31:19 GMT",max-age=100,http://192.168.1.1:49152/description.xml,"Linux/2.6.21, UPnP/1.0, Portable SDK for UPnP devices/1.3.1",upnp:rootdevice,uuid:28802880-2880-1880-a880-00304fb96a08::upnp:rootdevice,,,,0,0,Communications
3/25/2018 7:19,113.166.66.36,udp,1900,static.vnpt.vn,ssdp,HTTP/1.1 200 OK,45899,VN,THUA THIEN-HUE,HUE,,max-age=1800,http://192.168.1.1:5431/dyndev/uuid:c83a355d-b598-98b5-5d35-3ac83a5d980000,Custom/1.0 UPnP/1.0 Proc/Ver,upnp:rootdevice,uuid:c83a355d-b598-98b5-5d35-3ac83a5d980000::upnp:rootdevice,,,,0,0,Communications
3/25/2018 7:19,116.102.180.39,udp,35460,,ssdp,HTTP/1.1 200 OK,24086,VN,HO CHI MINH,THANH PHO HO CHI MINH,"Sun, 25 Mar 2018 06:57:27 GMT",max-age=100,http://192.168.1.38:49152/description.xml,"Linux/2.6.24-rt1-hi3515v100, UPnP/1.0, Portable SDK for UPnP devices/1.4.6",upnp:rootdevice,uuid:Digital-Video-Recorder-00-24-ed-08-34-70::upnp:rootdevice,,,,0,0,Communications
3/25/2018 7:19,113.182.185.148,udp,1900,static.vnpt.vn,ssdp,HTTP/1.1 200 OK,45899,VN,TRA VINH,TRA VINH,,max-age=1800,http://192.168.1.1:5431/dyndev/uuid:0000e0d8-20a0-00e0-20a0-4888002808e0,Custom/1.0 UPnP/1.0 Proc/Ver,upnp:rootdevice,uuid:0000e0d8-20a0-00e0-20a0-4888002808e0::upnp:rootdevice,,,,0,0,Communications
3/25/2018 7:19,113.162.122.198,udp,50215,static.vnpt.vn,ssdp,HTTP/1.1 200 OK,45899,VN,HO CHI MINH,THANH PHO HO CHI MINH,"Sun, 25 Mar 2018 14:21:50 GMT",max-age=3600,http://192.168.1.64:49152/upnpdevicedesc.xml,"Linux/3.0.8, UPnP/1.0, Portable SDK for UPnP devices/1.6.19",upnp:rootdevice,uuid:Upnp-DS-2CD2020F-I-1_0-652673240::upnp:rootdevice,,,,0,0,Communications
3/25/2018 7:19,42.118.156.163,udp,35240,,ssdp,HTTP/1.1 200 OK,18403,VN,DA NANG,DA NANG,"Sun, 25 Mar 2018 14:19:41 GMT",max-age=3600,http://192.168.1.199:49153/upnpdevicedesc.xml,"Linux/3.0.8, UPnP/1.0, Portable SDK for UPnP devices/1.6.19",upnp:rootdevice,uuid:Upnp-DS-2CD2Q10FD-IW-1_0-795294867::upnp:rootdevice,,,,0,0,Communications
3/25/2018 7:19,113.177.80.165,udp,1900,static.vnpt.vn,ssdp,HTTP/1.1 200 OK,45899,VN,BAC GIANG,BAC GIANG,"Tue, 11 Dec 2007 09:13:18 GMT",max-age=1800,http://192.168.1.88:49152/description.xml,"Linux/2.6.5-it0, UPnP/1.0, Intel SDK for UPnP devices /1.2",upnp:rootdevice,uuid:{59765E24-0C12-4d20-BsdsEE-71578AE02CB9}_e0:61:b2:07:39:d1::upnp:rootdevice,,,,0,0,Communications
3/25/2018 7:19,42.115.32.19,udp,1900,,ssdp,HTTP/1.1 200 OK,131178,VN,HA NOI,HANOI,,max-age=120,http://192.168.1.1:51368/rootDesc.xml,LINUX-2.6 UPnP/1.0 MiniUPnPd/1.5,upnp:rootdevice,uuid:00000000-0000-0000-0000-000000000000::upnp:rootdevice,,,,0,0,Communications
3/25/2018 7:19,116.99.229.152,udp,53684,,ssdp,HTTP/1.1 200 OK,24086,VN,DA NANG,DA NANG,"Sun, 25 Mar 2018 07:19:57 GMT",max-age=100,http://192.168.1.10:49152/upnp_notify.xml,"Linux/3.10.0, UPnP/1.0, Portable SDK for UPnP devices/1.6.6",upnp:rootdevice,uuid:220b73fc-1dd2-11b2-8f3b-fa7d219de176::upnp:rootdevice,,,,0,0,Communications
3/25/2018 7:19,113.176.164.237,udp,1900,static.vnpt.vn,ssdp,HTTP/1.1 200 OK,45899,VN,KON TUM,KON TUM,,max-age=1800,http://192.168.1.3:49152/edevicedesc.xml,Afidus/PH-122F8/6.L.1.20465/169.254.180.220/AH21K2M-AFFFBAA/554/both,upnp:rootdevice,uuid:upnp_NetworkCamera-000EAEA46925::upnp:rootdevice,,,,0,0,Communications
3/25/2018 7:19,171.234.209.1,udp,51631,,ssdp,HTTP/1.1 200 OK,7552,VN,HA NOI,HANOI,"Sun, 25 Mar 2018 13:25:17 GMT",max-age=3600,http://192.168.1.38:49152/upnpdevicedesc.xml,"Linux/3.0.8, UPnP/1.0, Portable SDK for UPnP devices/1.6.19",upnp:rootdevice,uuid:Upnp-DS-2CD2410F-IW-1_0-649881496::upnp:rootdevice,,,,0,0,Communications
3/25/2018 7:20,14.239.127.120,udp,1900,static.vnpt.vn,ssdp,HTTP/1.1 200 OK,45899,VN,BAC GIANG,BAC GIANG,"Tue, 11 Dec 2007 09:13:18 GMT",max-age=1800,http://192.168.1.88:49152/description.xml,"Linux/2.6.5-it0, UPnP/1.0, Intel SDK for UPnP devices /1.2",upnp:rootdevice,uuid:{59765E24-0C12-4d20-BsdsEE-71578AE02CB9}_e0:61:b2:07:2e:af::upnp:rootdevice,,,,0,0,Communications
3/25/2018 7:20,116.118.5.29,udp,1900,,ssdp,HTTP/1.1 200 OK,7602,VN,HO CHI MINH,THANH PHO HO CHI MINH,,max-age=1800,http://192.168.1.1:5431/dyndev/uuid:0000e0d8-20a0-00e0-20a0-4868002808e0,Custom/1.0 UPnP/1.0 Proc/Ver,upnp:rootdevice,uuid:0000e0d8-20a0-00e0-20a0-4868002808e0::upnp:rootdevice,,,,0,0,Communications
3/25/2018 7:20,113.168.130.28,udp,1900,static.vnpt.vn,ssdp,HTTP/1.1 200 OK,45899,VN,SON LA,SON LA,,max-age=1800,http://192.168.1.1:5431/dyndev/uuid:c83a355d-b8f8-f8b8-5d35-3ac83a5df80000,Custom/1.0 UPnP/1.0 Proc/Ver,upnp:rootdevice,uuid:c83a355d-b8f8-f8b8-5d35-3ac83a5df80000::upnp:rootdevice,,,,0,0,Communications
3/25/2018 7:20,58.187.234.172,udp,51396,,ssdp,HTTP/1.1 200 OK,18403,VN,NGHE AN,VINH,"Sun, 25 Mar 2018 14:18:44 GMT",max-age=3600,http://192.168.1.125:49152/upnpdevicedesc.xml,"Linux/3.0.8, UPnP/1.0, Portable SDK for UPnP devices/1.6.19",upnp:rootdevice,uuid:Upnp-DS-2CD2020F-I-1_0-830350878::upnp:rootdevice,,,,518111,737401,Communications
3/25/2018 7:20,171.232.97.218,udp,55946,,ssdp,HTTP/1.1 200 OK,7552,VN,HO CHI MINH,THANH PHO HO CHI MINH,"Sun, 25 Mar 2018 14:20:34 GMT",max-age=3600,http://192.168.1.210:49155/upnpdevicedesc.xml,"Linux/3.0.8, UPnP/1.0, Portable SDK for UPnP devices/1.6.19",upnp:rootdevice,uuid:Upnp-DS-2CD2120F-IWS-1_0-797822493::upnp:rootdevice,,,,0,0,Communications
3/25/2018 7:20,14.170.235.110,udp,1900,static.vnpt.vn,ssdp,HTTP/1.1 200 OK,45899,VN,BAC KAN,BAC KAN,"Tue, 11 Dec 2007 09:13:18 GMT",max-age=1800,http://192.168.1.88:49152/description.xml,"Linux/2.6.5-it0, UPnP/1.0, Intel SDK for UPnP devices /1.2",upnp:rootdevice,uuid:{59765E24-0C12-4d20-BsdsEE-71578AE02CB9}_e0:61:b2:05:59:bd::upnp:rootdevice,,,,0,0,Communications
3/25/2018 7:20,112.197.245.234,udp,35603,,ssdp,HTTP/1.1 200 OK,45543,VN,DA NANG,DA NANG,"Sun, 25 Mar 2018 07:20:32 GMT",max-age=1800,http://112.197.245.234:7677/MainTVServer2/,"SHP, UPnP/1.0, Samsung UPnP SDK/1.0",upnp:rootdevice,uuid:c1fd12b2-d954-4dba-9e92-a697e1558fb4::upnp:rootdevice,,,,0,0,Communications
