timestamp,ip,port,hostname,tag,handshake,asn,geo,region,city,rdp_protocol,cert_length,subject_common_name,issuer_common_name,cert_issue_date,cert_expiration_date,sha1_fingerprint,cert_serial_number,ssl_version,signature_algorithm,key_algorithm,sha256_fingerprint,sha512_fingerprint,md5_fingerprint,naics,sic,sector
3/25/2018 8:30,45.117.77.69,3389,mail.bikelife.com.vn,rdp,,131428,VN,HO CHI MINH,THANH PHO HO CHI MINH,RDP,2048,WIN-7DD21FRCCJH,WIN-7DD21FRCCJH,1/22/2018 17:00,7/24/2018 17:00,1B:BC:58:81:70:F0:AF:AE:88:98:47:85:32:7D:83:43:83:97:8E:2B,2DB0293B3616EBA244713DAA1F23896D,2,sha256WithRSAEncryption,rsaEncryption,2B:B2:B1:05:B6:B8:0E:E3:77:B6:2D:53:23:C7:2A:BB:C7:0C:D7:13:2B:07:B9:07:EC:D8:41:33:2F:D5:0F:64,8B:D0:8E:8F:87:DA:22:94:5E:CA:7C:05:97:F0:E9:C5:63:B5:5D:30:88:81:9D:DA:E9:42:25:86:76:68:74:47:D9:9A:F7:AD:6B:15:0D:A9:83:6F:EB:D7:FD:2E:9B:45:39:78:B7:36:7E:AF:32:E5:9B:63:6C:A1:62:04:E9:D5,CC:10:81:FB:FE:FC:6E:0A:04:32:55:E3:98:47:B6:72,0,0,Communications
3/25/2018 8:30,210.86.224.138,3389,ci224-138.netnam.vn,rdp,,24173,VN,HA GIANG,THUONG BINH,RDP,2048,WEB-BACKUP,WEB-BACKUP,1/5/2018 5:00,7/7/2018 5:00,97:47:24:7E:01:96:5E:7B:7F:AB:EB:A6:31:75:0B:4D:D6:7C:92:81,37313C8CEEED35814DF2367E963214DF,2,sha1WithRSAEncryption,rsaEncryption,DD:F7:2C:D3:44:66:52:CB:FD:46:43:F9:63:82:9A:E9:9D:96:37:16:E3:9E:D3:F9:C4:0D:F0:9D:6C:F1:51:09,1A:06:96:D2:AB:6B:BD:E7:C4:F5:B9:AC:CA:CB:FD:FA:8B:F8:37:A7:67:75:3E:E5:41:E8:E2:31:8B:19:0C:4D:A7:6B:B0:35:7A:49:99:19:24:91:53:4A:F9:2A:B3:78:45:2E:98:50:94:BF:38:C8:13:7F:36:B5:D9:3C:E1:C8,55:FE:2A:63:7F:C1:79:ED:EC:E0:0A:57:8D:A9:1C:78,0,0,Communications
3/25/2018 8:30,45.124.95.179,3389,,rdp,,45899,VN,HA NOI,HANOI,RDP,2048,asewrew,asewrew,3/22/2018 18:58,9/21/2018 18:58,74:44:3D:71:2E:D5:6A:BB:B7:1C:AB:8D:51:69:09:49:24:5D:84:95,7837CCFDC565B891451B99AA71F9FF5C,2,sha1WithRSAEncryption,rsaEncryption,E8:D1:34:0F:08:60:B3:F3:7D:8D:18:AA:16:02:84:EE:00:F0:2A:94:05:1E:A6:AF:51:DE:39:C1:57:75:7A:0D,8D:E4:CC:90:6F:FB:0E:39:26:19:C7:1A:A4:C2:28:A3:A4:C1:BC:AA:E0:BF:7B:CD:67:5A:DC:98:A7:2B:FF:AC:73:A7:4B:E5:16:D0:43:97:94:45:3E:FF:FF:DE:14:EE:76:76:11:E5:BF:26:19:9E:CD:D7:A1:A8:A3:FE:3D:78,F5:E8:0F:D4:3A:29:82:C0:FF:DA:2C:B5:9E:A9:D7:AB,0,0,Communications
3/25/2018 8:30,27.72.44.130,3389,,rdp,,7552,VN,HA NOI,HANOI,RDP,2048,CBS_01711161029,CBS_01711161029,11/15/2017 3:36,5/17/2018 3:36,06:79:F4:B9:0D:A5:AC:9F:EA:D3:C3:4C:D7:62:03:5C:A3:40:42:F8,3AAB13B1A558C8B641585A6EB9B81872,2,sha1WithRSAEncryption,rsaEncryption,90:5C:9A:E8:9B:0E:5F:6B:66:EC:53:44:DE:5A:4B:E5:4D:16:24:81:9B:9B:88:AA:25:08:E8:D7:D0:44:FA:70,D6:81:88:FB:B1:18:9A:92:B2:AA:B7:59:98:18:67:AC:83:64:56:73:C8:C6:61:E6:B5:9E:C5:F6:FA:00:55:F6:EB:58:93:E1:4F:60:4D:29:DA:23:98:EB:E3:62:17:60:E7:96:EF:09:21:0B:6A:FA:B0:69:90:CA:36:1E:00:A2,62:25:C2:25:01:40:46:72:40:DC:ED:34:42:6D:89:C0,0,0,Communications
3/25/2018 8:30,117.3.118.25,3389,,rdp,,7552,VN,GIA LAI,PLEIKU,RDP,2048,SERVER,SERVER,11/2/2017 11:10,5/4/2018 11:10,04:D1:0A:93:D3:DB:5B:7F:07:8E:E6:04:23:A9:C6:67:C9:CF:94:1F,1016A353263A21A1445E71C9F99CDC56,2,sha1WithRSAEncryption,rsaEncryption,C2:59:AE:0F:6B:D2:53:50:C5:A0:7A:FA:E4:46:36:EE:33:D5:D8:C5:96:FA:C9:8C:29:AA:49:8F:BE:A1:09:1A,D1:E1:12:57:F3:18:42:26:D9:82:1D:D2:EF:5A:B8:9D:47:2D:11:31:47:72:BA:B7:E4:C4:97:90:32:EC:B3:2F:63:FC:BE:2B:ED:3D:63:AD:A5:87:EA:92:9D:D6:4E:98:17:F5:2D:8A:D0:07:45:B5:7C:C3:A6:E4:0F:D7:58:2A,69:02:7D:83:B8:9C:14:FD:F2:23:15:79:0B:BF:F7:71,0,0,Communications
3/25/2018 8:30,222.255.130.107,3389,static.vnpt.vn,rdp,,45899,VN,DA NANG,DA NANG,CredSSP_Enforced,2048,WIN-IJ5DF4T2MNT,WIN-IJ5DF4T2MNT,1/17/2018 1:35,7/19/2018 1:35,83:6E:AC:D9:E3:5E:18:35:11:04:FF:E4:CD:23:5F:8B:14:6E:88:C3,4C6A44B17BE7E18F4E54F29C4EE73C1C,2,sha256WithRSAEncryption,rsaEncryption,08:B4:52:D0:0A:77:9A:19:25:2C:7E:86:B2:65:72:DD:B3:61:E4:22:88:BB:24:22:71:62:E5:C1:FC:19:24:F0,E8:50:09:30:5A:74:3D:55:D9:43:4F:D3:EB:92:FD:5F:69:31:41:BB:CD:08:EE:F8:86:8B:3F:50:DF:CC:DE:E7:5D:DC:05:F4:D7:A0:A1:8D:84:6A:BA:59:71:E8:8F:85:A7:06:8F:D9:2E:DA:33:70:24:BF:D9:C3:AE:C9:AE:C0,61:BF:62:7B:34:1A:AA:92:43:8B:71:53:D5:88:05:71,0,0,Communications
3/25/2018 8:30,112.213.84.43,3389,mx8443.superdata.vn,rdp,,45544,VN,HO CHI MINH,THANH PHO HO CHI MINH,RDP,,,,,,,,,,,,,,0,0,Communications
3/25/2018 8:30,14.171.58.227,3389,static.vnpt.vn,rdp,,45899,VN,HA NOI,HANOI,RDP,2048,SVBR_M,SVBR_M,1/28/2018 12:21,7/30/2018 12:21,33:7A:8F:86:E7:E7:70:76:D9:5C:E3:0A:34:F2:C4:55:54:89:6D:B3,24CE5CED5EF0818F4A3587996B5FD076,2,sha1WithRSAEncryption,rsaEncryption,B5:AD:8C:F7:BE:B7:15:21:57:5A:EF:68:85:8D:D1:5B:6D:E8:CD:15:52:0B:85:01:43:5F:E5:C8:1B:C6:AF:C9,31:33:6A:D9:67:31:7D:30:24:F4:F8:AC:92:F0:10:E4:39:77:4A:38:42:AA:AB:5E:08:DD:B8:51:1D:4C:AC:5D:02:8B:51:1E:69:7D:78:31:A3:89:D6:45:87:53:B7:78:07:38:78:60:AA:70:D4:B6:DE:CB:A8:66:B6:A8:93:CD,BE:D0:BC:B2:AE:9F:D7:58:DB:73:8C:05:39:A5:25:11,0,0,Communications
3/25/2018 8:30,103.75.182.227,3389,,rdp,,38733,VN,BAC NINH,BAC NINH,RDP,2048,cus29-PC,cus29-PC,12/15/2017 8:04,6/16/2018 8:04,AA:4C:54:B6:FB:94:B4:C8:03:FF:05:D7:E9:30:FA:73:20:42:B6:2A,60DA70AE6E07A6964EDD094276E49B7C,2,sha1WithRSAEncryption,rsaEncryption,6D:3D:0C:FF:21:CD:D8:47:9D:5E:94:0A:C9:93:7D:20:EE:94:FD:56:FD:0D:ED:86:69:63:B5:81:E2:2E:15:CE,40:BB:E1:FD:E2:DA:CC:3E:42:D8:11:4C:B8:E8:F1:24:9E:E4:90:C7:63:66:14:DA:51:1E:82:51:13:92:5A:36:48:E3:B3:62:23:85:B4:FD:1F:5E:50:F6:53:45:DE:6D:3F:A5:04:C7:B8:C9:31:2C:9A:3C:3B:8F:6F:41:B4:34,B4:5E:0A:82:0D:39:54:90:4D:8E:4A:C1:56:C7:2E:40,0,0,Communications
3/25/2018 8:30,14.186.69.36,3389,static.vnpt.vn,rdp,,45899,VN,HO CHI MINH,THANH PHO HO CHI MINH,RDP,,,,,,,,,,,,,,0,0,Communications
3/25/2018 8:30,123.30.145.173,3389,static.vnpt.vn,rdp,,45899,VN,HA NOI,HANOI,RDP,2048,WIN-M33960RJT48,WIN-M33960RJT48,2/19/2018 14:44,8/21/2018 14:44,85:3E:A9:EB:10:94:2A:67:ED:CA:51:8A:48:6D:30:D8:19:1E:CF:3B,6F3123780F3CDEA84108E616EC14CE6E,2,sha1WithRSAEncryption,rsaEncryption,C7:25:EB:04:77:02:7A:AC:7F:2E:9B:BF:53:89:1C:F8:13:6A:F3:E8:46:8A:5F:A5:50:D4:68:A6:4F:42:BB:DF,DE:C0:03:B4:12:62:CE:0F:CC:7F:16:50:FF:74:DC:C1:D6:81:E9:E0:90:32:A4:9D:E5:B1:53:59:3A:88:FB:54:2B:EC:F2:1E:F0:FB:23:65:F1:4F:46:AF:29:D5:EB:3D:D2:66:4A:D2:A2:75:0D:00:D9:12:96:69:CB:24:51:E1,71:E0:31:38:19:46:C0:45:D1:BF:52:F0:B1:A6:F3:BF,0,0,Communications
3/25/2018 8:30,103.99.2.84,3389,,rdp,,135905,VN,HA NOI,HANOI,CredSSP_Enforced,2048,WIN-67FNMQRVGI3,WIN-67FNMQRVGI3,3/4/2018 3:02,9/3/2018 3:02,C7:72:D7:43:E2:E2:3C:77:B4:3C:10:3C:1A:6F:D2:54:96:BD:E1:F6,40A27331A07B1AA44DBA63905F585640,2,sha1WithRSAEncryption,rsaEncryption,D6:FF:B1:DE:38:E6:C6:97:A4:5A:E4:77:5A:F6:E2:9C:5E:14:5C:34:7E:17:BB:51:EC:0D:1D:9A:24:A3:FD:12,A9:D0:7E:69:E4:97:23:13:1E:AA:B5:2F:CC:20:28:18:65:1D:01:44:A3:86:06:0B:3A:C1:F4:A2:FA:E3:9E:EE:93:9F:CE:36:14:A9:B1:2B:29:3E:DC:9B:CC:50:E1:5B:E0:E0:23:E7:16:9C:5F:8A:A0:C1:B8:A9:D6:30:92:B6,6C:6D:AA:63:0C:C1:D5:BB:86:2D:8B:9C:09:F3:03:09,0,0,Communications
3/25/2018 8:30,14.161.17.90,3389,static.vnpt.vn,rdp,,45899,VN,HO CHI MINH,THANH PHO HO CHI MINH,RDP_negotiation_ignored,,,,,,,,,,,,,,0,0,Communications
3/25/2018 8:30,117.6.99.167,3389,,rdp,,7552,VN,HO CHI MINH,THANH PHO HO CHI MINH,RDP,2048,BRTH,BRTH,11/26/2017 11:26,5/28/2018 11:26,52:90:21:5F:1B:D7:07:D7:BD:4B:A9:95:E4:28:E3:E5:19:C4:62:CB,286D77E2A73E8E9E483A1366A4054E69,2,sha1WithRSAEncryption,rsaEncryption,C8:EB:E4:87:8D:4A:D1:F1:86:94:38:98:DC:C9:63:B4:BD:A2:E5:CA:F6:51:F0:E9:CC:1E:65:E0:63:0C:11:23,C5:F9:1B:8A:73:F6:CA:B3:FF:0D:66:2E:87:77:BD:FD:CD:7E:A3:DC:E9:35:1B:10:39:CA:0C:D3:41:63:21:40:56:66:41:58:51:13:F9:00:A7:82:B5:47:D6:5F:E1:88:0F:8B:68:0F:82:A3:0B:72:8B:C3:9A:C1:1E:AF:59:9D,9E:09:A8:58:09:D6:F4:B8:AB:19:16:23:DE:CF:88:E0,0,0,Communications
3/25/2018 8:30,117.2.123.135,3389,localhost,rdp,,7552,VN,DA NANG,DA NANG,RDP,2048,SERVER,SERVER,1/19/2018 15:34,7/21/2018 15:34,78:7D:B8:2E:5C:22:A0:2A:4A:4C:7E:88:85:A0:00:B9:C2:A7:31:E8,53ABFB0EEF0DB7864F328AE9D54E4A5E,2,sha1WithRSAEncryption,rsaEncryption,D3:04:1F:07:3A:F2:CC:82:75:9C:9A:3E:B9:DD:D9:26:D1:84:41:64:4E:BA:BE:1D:34:53:03:57:F8:1C:07:51,ED:CF:8F:E3:DA:3F:3C:84:DB:8C:B8:46:E5:77:74:23:51:14:DD:10:34:23:0C:EA:EC:4B:8D:2F:A4:D4:A7:CA:BB:9D:D9:C7:83:AA:AD:62:AB:95:45:1B:F7:F0:9A:00:6C:88:94:BA:EC:16:9F:25:A0:C4:89:FD:54:C6:7A:5F,60:B9:E5:16:5A:E1:5B:93:E8:1D:3D:FC:E8:7C:BB:1A,0,0,Communications
3/25/2018 8:30,203.162.42.149,3389,static.vnpt.vn,rdp,,45899,VN,HO CHI MINH,THANH PHO HO CHI MINH,RDP,2048,pixlog,pixlog,3/20/2018 18:00,9/19/2018 18:00,80:2D:B2:09:62:8D:FC:04:F9:B4:2F:59:F2:4C:00:86:D6:5C:8A:CE,242FD609A3FCD2AF4CF8BEC6B261004E,2,sha1WithRSAEncryption,rsaEncryption,04:1D:EA:B6:5F:35:C0:1F:FE:C2:F3:4A:D6:FE:33:4C:F2:EA:2A:31:6C:F1:27:D2:C9:73:FE:C4:A6:70:8C:81,52:CE:42:7A:AA:98:C9:C3:B0:66:81:10:2C:9E:F9:DE:E1:65:75:10:21:6F:DB:D2:A6:14:28:10:50:58:38:94:DA:C3:C1:E9:AC:F4:B0:8F:7F:BC:E8:C2:A8:73:74:32:D1:A0:AC:8A:E6:9B:69:C9:70:9E:77:76:5B:29:B5:EE,97:8A:2C:8F:BB:B3:9F:11:B7:D2:97:67:9B:7E:1E:AC,0,0,Communications
3/25/2018 8:30,103.221.221.128,3389,,rdp,,18403,VN,HA NOI,HANOI,RDP,2048,WIN-G7CPHCGK247,WIN-G7CPHCGK247,3/15/2018 18:29,9/14/2018 18:29,8D:39:17:77:B0:66:5E:56:89:45:24:82:DB:D2:E4:E7:5B:79:00:CE,5557ABCF23F957A44A21E886BB5055C4,2,sha1WithRSAEncryption,rsaEncryption,91:54:8C:5A:0D:5B:9F:E5:32:F7:FF:12:48:9E:63:41:66:EF:3B:1A:9D:F5:A5:C5:04:2C:2D:C1:07:1D:13:69,EF:59:32:29:47:C7:FA:12:92:D6:AC:05:82:0B:EF:67:2E:A9:00:41:DC:2B:2C:06:AD:6D:6C:22:58:14:3D:C0:10:D4:8C:F1:8B:A4:77:64:F2:C8:FF:9C:19:1E:FA:71:BC:D6:14:CB:A8:65:A3:3C:A3:63:A9:26:21:5B:81:66,AC:10:B9:B4:41:8C:8F:48:54:FC:55:6F:FF:4D:0D:50,0,0,Communications
3/25/2018 8:30,103.89.90.71,3389,,rdp,,135905,VN,HA NOI,HANOI,CredSSP_Enforced,2048,WIN-67FNMQRVGI3,WIN-67FNMQRVGI3,2/2/2018 16:03,8/4/2018 16:03,4E:05:EE:E1:83:3C:5D:20:2E:13:80:37:B7:AF:AB:DA:F0:D6:E3:AD,14660D1EED9589A24653D694D9461C40,2,sha1WithRSAEncryption,rsaEncryption,85:57:71:7F:B8:16:52:3A:9C:C0:9B:F3:BE:EB:E3:55:D5:8D:97:8A:A8:38:43:6B:F4:AB:9C:95:D1:86:49:C9,B1:EB:06:7C:4B:98:2C:05:83:17:67:CD:59:4A:2E:64:AA:13:D0:27:25:93:36:43:82:87:8B:82:3A:24:59:C2:6D:AC:51:82:EA:30:95:21:68:08:67:5C:67:FE:78:63:BE:74:13:EC:C9:9A:4D:AB:0F:5B:D1:50:B4:C1:E9:45,DE:0D:26:62:1F:93:29:F9:F2:C0:4D:2D:67:5D:5F:A4,0,0,Communications
3/25/2018 8:30,203.162.13.192,3389,static.vnpt.vn,rdp,,45899,VN,HA NOI,HANOI,RDP,2048,cloud192,cloud192,11/2/2017 9:41,5/4/2018 9:41,B5:7C:81:A8:34:16:27:A4:1A:BA:59:0F:28:A7:ED:32:33:5E:81:D3,152A570013BB2A9445C4FACEEC3C1D3D,2,sha1WithRSAEncryption,rsaEncryption,64:89:F8:00:9A:19:B4:22:73:62:D9:72:EC:45:D9:FE:E5:9F:1D:09:2E:FB:80:13:D4:D3:0E:6F:3A:01:E4:1A,7C:C7:54:D1:20:B4:B3:C3:13:BB:CD:28:36:95:76:C7:D3:7F:60:02:E3:A1:D9:65:93:7E:39:99:5F:3D:A8:45:92:C2:82:1D:87:A1:AC:BD:04:7C:23:19:3D:9B:0C:9C:44:C4:5C:FB:51:17:50:75:47:DB:06:BB:01:33:8D:16,40:0E:73:31:3A:2C:8B:5A:C4:D7:07:EA:7D:36:B2:C6,0,0,Communications
3/25/2018 8:30,27.72.57.47,3389,,rdp,,7552,VN,HA NOI,HANOI,RDP,2048,WIN-I1F0S4LHK1M,WIN-I1F0S4LHK1M,1/16/2018 12:15,7/18/2018 12:15,8D:47:9B:B6:F4:32:8B:F8:AF:12:1D:65:5D:84:9E:1D:F0:86:FC:88,6F7D3CE7FB71EDB54BDB123A04E8EB62,2,sha1WithRSAEncryption,rsaEncryption,31:FE:68:89:B1:90:84:9E:38:68:CA:81:5D:CC:EB:37:77:74:9B:52:6C:59:30:77:F4:C6:7A:9D:09:B0:28:17,E5:AA:93:0D:08:3B:BC:B1:A0:1F:E0:75:3C:E4:23:FC:41:B1:F7:E2:72:29:F6:A8:79:15:A0:6A:9C:19:E2:18:37:DD:51:EE:8D:A3:C9:07:08:0D:6F:3F:FC:E6:E8:6A:1A:95:45:D0:DF:BD:5A:D9:22:12:61:DB:F2:04:97:D8,03:8B:C3:0B:84:BB:57:47:A2:B3:9C:8D:8A:92:6C:F4,0,0,Communications
3/25/2018 8:30,113.161.160.125,3389,static.vnpt.vn,rdp,,45899,VN,HA NOI,HANOI,RDP,2048,Poster-PC,Poster-PC,2/16/2018 0:43,8/18/2018 0:43,24:78:AE:6F:61:1F:7A:5A:34:0A:A4:25:27:91:2A:83:5E:E9:C5:D6,210DD4FF27A4A49F4F0433CBB22A150D,2,sha1WithRSAEncryption,rsaEncryption,E0:78:A3:C2:1B:1A:50:06:DE:FF:5B:60:C6:F5:CB:9E:90:04:7B:31:76:97:1E:15:8D:28:ED:80:DB:6C:A9:9E,70:8F:FB:19:07:97:AE:C8:EE:8B:54:F8:FC:FF:26:D3:C2:1B:98:E4:69:3C:27:7D:B4:34:6B:82:3F:61:F3:8E:CE:2D:A5:75:51:E6:92:B7:13:23:DB:77:C4:7E:10:9B:68:96:80:C6:EA:E1:DD:43:57:D5:8D:2D:7B:18:34:B0,78:8A:8E:20:2C:31:FD:14:A6:E3:20:51:3F:63:C8:64,0,0,Communications
3/25/2018 8:30,113.176.95.191,3389,,rdp,,45899,VN,HO CHI MINH,THANH PHO HO CHI MINH,RDP,2048,WIN-2D3A6395QME,WIN-2D3A6395QME,2/15/2018 21:34,8/17/2018 21:34,D1:F2:74:22:DB:F1:F5:3E:40:8C:62:76:39:73:C5:FA:F9:8D:18:36,2FC02D0A1D7FFEA8426815A8144D1D42,2,sha256WithRSAEncryption,rsaEncryption,C9:83:90:6B:EF:9E:E3:E9:06:AC:C6:94:96:09:C6:26:B3:22:5B:FE:FA:07:E2:E1:7B:A1:03:99:5A:55:86:F8,D3:C5:F7:56:2E:3B:5A:34:EF:7E:A8:B6:A9:79:EC:B6:D9:E7:60:FF:98:9B:AD:18:A4:7C:58:89:C0:26:EB:8C:E4:6A:7A:E2:9B:83:AD:B4:AE:E5:DB:23:9A:84:18:C3:B3:9F:19:8A:7B:89:52:FD:82:1D:6E:9B:46:AC:B1:02,B5:8B:CD:13:AF:8F:E7:17:98:05:3F:23:6F:5D:F0:97,0,0,Communications
3/25/2018 8:30,14.181.206.184,3389,static.vnpt.vn,rdp,,45899,VN,HAI PHONG,HAI PHONG,CredSSP_Enforced,2048,CBS_01608211833,CBS_01608211833,11/16/2017 19:10,5/18/2018 19:10,93:94:8F:28:8F:5E:43:7C:26:3A:6F:70:11:17:1C:73:3E:59:2C:B6,18E18E11B44754874762BBCBD37DD4AC,2,sha1WithRSAEncryption,rsaEncryption,CA:C1:AE:04:A6:26:F3:EF:A5:69:93:0A:8F:F7:2C:77:46:42:27:B9:47:C4:3E:C0:30:6C:45:E8:53:A7:C3:80,EC:35:E1:ED:8E:8A:1F:E0:F6:D9:9E:1D:61:14:F0:A1:A9:7F:18:F0:C6:D8:9F:F1:3F:5C:54:F9:5A:83:F5:B8:30:C2:DE:09:91:EB:20:9E:FD:96:75:05:9A:B2:53:80:AA:9C:A2:38:93:29:CC:96:69:8D:C1:39:CA:56:02:E7,36:05:6A:6A:7A:79:FD:22:40:07:FA:92:EA:3C:FA:94,0,0,Communications
3/25/2018 8:30,103.63.213.139,3389,no-ptr.ehost.vn,rdp,,135920,VN,HA NOI,HANOI,CredSSP_Enforced,2048,WIN-UBA4IKKD22P,WIN-UBA4IKKD22P,1/3/2018 8:00,7/5/2018 8:00,FF:86:90:10:E7:1D:D0:CF:1C:AE:30:90:CF:9A:BA:41:58:1D:4A:90,58572DE915E072B94954A7AC67321355,2,sha1WithRSAEncryption,rsaEncryption,51:60:96:B4:F4:C2:15:FA:7A:46:3D:05:27:45:58:A3:2D:9D:6D:DB:1E:E3:E9:B5:E2:5E:72:AD:BB:59:51:C7,31:30:5E:9C:5A:09:FE:B6:4B:83:8A:2A:70:3E:93:11:46:7B:0D:1D:43:08:1C:C7:42:FA:0A:1F:CA:87:26:57:7C:12:1F:EA:DE:92:CF:A2:6D:8D:90:F9:96:4E:BF:F5:46:21:4A:1E:C8:99:70:3F:4E:41:CE:FE:40:F3:E4:F3,01:2E:E8:47:70:44:FA:F6:4D:CC:94:1E:CC:82:75:A9,0,0,Communications
3/25/2018 8:30,42.115.68.9,3389,,rdp,,131178,VN,HA NOI,HANOI,RDP,2048,WIN-V9U4N406DP4,WIN-V9U4N406DP4,2/22/2018 2:05,8/24/2018 2:05,71:8C:DC:0B:93:AA:78:1E:2C:CE:BF:54:E4:78:93:F7:FE:37:3F:8E,1E00D5A8267A2A8541F1AEC77A167108,2,sha1WithRSAEncryption,rsaEncryption,9F:78:40:F9:4F:2B:01:8B:13:D7:99:DD:C5:53:23:90:C1:10:DE:D4:76:E7:3E:AA:09:92:FF:99:29:3E:70:DE,9F:D5:CD:44:FC:F2:7C:55:3A:C6:15:B1:D4:05:6B:72:B1:A6:BA:62:D2:EE:38:90:16:15:BE:1B:D7:89:7E:33:39:B0:A0:5F:E5:1B:17:F0:19:D8:26:B7:48:90:B2:8F:19:9F:EC:2F:1B:2C:ED:9F:E5:86:C9:5C:1F:00:B9:E0,6E:B2:49:DE:B6:AC:8D:99:9E:C5:40:60:8B:A1:7B:DA,0,0,Communications
3/25/2018 8:30,103.89.90.110,3389,,rdp,,135905,VN,HA NOI,HANOI,CredSSP_Enforced,2048,WIN-67FNMQRVGI3,WIN-67FNMQRVGI3,12/24/2017 23:12,6/25/2018 23:12,57:9A:C5:FE:14:59:02:73:41:A8:81:2D:D8:CF:0B:18:4A:BD:F4:B1,7403EB01D86FFE92428C14348B97F28E,2,sha1WithRSAEncryption,rsaEncryption,76:BA:9C:63:4F:0A:F4:77:C1:2C:03:FA:58:3D:E6:F4:3B:B5:82:3D:9E:89:F2:03:F3:05:BC:79:18:8D:05:DB,36:E8:6A:65:56:8A:36:4A:07:A2:73:B9:CC:28:F0:61:E4:3B:7F:18:81:8C:A1:A6:2D:AD:B7:1F:00:D6:C7:14:59:44:CB:52:39:93:64:7A:78:F6:66:67:6A:E4:75:15:62:EE:D9:AE:65:5A:C3:29:68:1C:AD:8A:7C:92:45:2C,B1:2F:2A:99:29:A7:92:F2:23:48:FD:32:B9:89:C4:F5,0,0,Communications
3/25/2018 8:30,123.30.212.107,3389,static.vnpt.vn,rdp,,45899,VN,HA NOI,HANOI,RDP,2048,WIN-FC6INDHAP7J,WIN-FC6INDHAP7J,11/13/2017 22:10,5/15/2018 22:10,87:0F:86:3C:DE:AA:FC:73:6D:9F:53:67:1A:B1:9E:FD:F3:5E:CB:46,31478BEA7DBD518F42C5A7FE1B43B505,2,sha1WithRSAEncryption,rsaEncryption,88:18:E2:35:80:C1:52:29:20:83:A2:73:7B:FA:61:5F:34:D5:B1:9B:91:19:D6:C3:F6:D1:33:79:EA:97:64:03,0D:E7:D8:4C:8B:51:69:33:07:14:3A:06:88:46:26:FA:86:80:E1:84:E5:68:C7:1F:53:E4:5D:DF:D2:60:62:6B:27:29:18:18:D2:6F:3F:06:4A:6C:24:6E:C7:0C:AD:36:10:EC:83:4D:AA:40:D0:D6:F1:DB:62:A0:C3:F0:97:36,85:2E:BE:77:33:2A:6C:7C:28:F6:A5:13:4C:8D:40:66,0,0,Communications
3/25/2018 8:30,103.28.37.221,3389,,rdp,,131353,VN,HA NOI,HANOI,RDP,2048,WIN-6F5AAA5G978,WIN-6F5AAA5G978,3/21/2018 10:22,9/20/2018 10:22,B4:18:B2:6E:06:C1:AF:22:22:67:70:50:BE:A2:F3:AC:F2:F2:75:0B,03C1149E38EFE7AE4A37435116D8F5BF,2,sha1WithRSAEncryption,rsaEncryption,42:02:EF:43:2C:1C:88:18:57:42:47:E4:E6:4F:17:15:D2:B2:89:76:D6:2B:B0:72:17:CF:96:57:8B:EC:5A:81,4D:AE:80:9C:6E:13:62:99:51:74:EA:8D:EC:4B:BB:36:78:2E:7B:D9:2B:33:FC:B7:10:7B:7A:E4:FF:EF:B3:FB:96:2F:D3:AB:E9:60:4E:57:B3:0E:4E:56:7B:78:67:95:D4:73:DA:1F:6B:4D:84:6D:4A:70:B2:05:3D:AC:33:B7,DE:3C:51:88:64:24:62:88:9B:DA:78:2A:32:A9:D8:8C,0,0,Communications
3/25/2018 8:30,113.160.72.126,3389,static.vnpt.vn,rdp,,45899,VN,HA NOI,HANOI,RDP,2048,admin-PC,admin-PC,3/7/2018 7:38,9/6/2018 7:38,4F:94:B0:C0:BE:98:E2:8D:56:6B:09:D8:7E:5A:83:C6:02:77:4C:89,-6AAE5F46B37274B81C57FA04F57679,2,sha1WithRSAEncryption,rsaEncryption,CB:85:F3:A7:C3:21:30:F3:69:F9:06:54:73:CE:37:AD:FE:97:4E:A3:65:CD:52:20:2A:ED:39:BB:57:7D:C8:B8,CA:F9:4F:EC:DE:96:15:7B:CC:9A:30:5F:AB:7D:A6:80:E3:32:C0:C9:E4:D3:39:02:EA:60:C1:CD:06:FA:4D:93:E1:87:84:5C:A2:46:81:77:DB:C4:F2:7F:74:58:A2:73:A3:A5:6B:06:A0:53:46:0F:C7:73:E6:EF:0F:6A:53:30,CE:E8:C6:02:92:C6:77:C1:CB:75:78:8F:01:6E:A7:85,0,0,Communications
3/25/2018 8:30,142.44.174.180,3389,ip180.ip-142-44-174.net,rdp,,16276,VN,HA NOI,HANOI,RDP,2048,WIN-5FK74N4T6CL,WIN-5FK74N4T6CL,2/12/2018 21:00,8/14/2018 21:00,F1:2B:C2:5C:A5:6E:63:6B:E8:34:77:46:AB:46:D7:C9:87:03:0B:25,581973E9C8385892462E28D12E17F78B,2,sha1WithRSAEncryption,rsaEncryption,6F:8E:3A:DA:59:E6:4D:0F:1C:A6:5F:4C:41:C7:6F:F9:B7:52:F2:A3:E7:0A:F8:17:9A:75:63:3F:A0:01:AB:8E,C2:8D:CE:CB:1C:82:B9:CC:7C:C2:82:63:4D:CF:18:BC:28:9C:F0:E6:15:6A:B6:2C:A6:C4:09:F4:E8:C9:4F:29:66:2D:50:3B:58:52:E6:17:99:8B:AD:FE:D3:9D:E3:1F:45:3D:D1:63:A0:A0:70:9B:13:8D:2E:E4:35:54:71:D4,E7:5A:88:F5:2D:D3:B4:93:EB:B7:B0:B6:0E:B1:CE:A5,518210,737401,Information Technology
3/25/2018 8:30,118.69.55.160,3389,,rdp,,18403,VN,HA NOI,HANOI,RDP_negotiation_ignored,,,,,,,,,,,,,,518111,737401,Communications
3/25/2018 8:30,222.255.148.246,3389,static.vnpt.vn,rdp,,45899,VN,HA NOI,HANOI,CredSSP_Enforced,2048,webtrungtam-server,webtrungtam-server,3/4/2018 19:45,9/3/2018 19:45,DC:B4:7E:3A:92:FC:54:3C:7D:B4:7B:22:3F:00:5A:8E:33:5C:BC:00,6B5261EF8DB5EDAC499653C78D219DA0,2,sha256WithRSAEncryption,rsaEncryption,BC:B8:AC:24:48:64:59:7B:F5:D7:45:F2:94:A3:E6:E3:9E:50:94:8B:70:0A:23:23:F2:AF:8D:73:8C:C7:FD:6B,5C:01:22:29:2A:73:87:6D:7A:69:EE:D5:CC:CF:75:AC:E1:AE:79:E1:6E:6E:F3:43:C1:67:B1:63:11:6F:D1:8B:FD:C1:8D:2C:6F:67:4C:BF:DB:86:C0:99:46:25:CF:10:C9:85:65:93:63:A5:91:2B:BC:4F:F6:83:7E:48:3F:15,C6:7C:9E:CC:80:D0:F8:26:21:56:95:2F:4C:2F:8C:D6,0,0,Communications
3/25/2018 8:30,117.3.101.54,3389,,rdp,,7552,VN,DA NANG,DA NANG,RDP,2048,SONGPHUONG,SONGPHUONG,1/22/2018 12:09,7/24/2018 12:09,4A:E5:70:F1:2F:80:6A:B4:E2:CA:5F:AF:AB:4B:C5:3E:A1:2F:9D:FF,26CC6E07123A1DA7419375FC8BDCF6F1,2,sha1WithRSAEncryption,rsaEncryption,A9:11:BD:90:EB:01:BF:36:E9:88:83:D1:6E:93:98:29:4A:BD:8F:E1:08:BE:AE:C4:29:F6:74:3F:A3:C5:4C:71,50:EF:D2:85:E4:38:35:DD:AF:42:83:28:C3:AD:EF:89:45:68:DA:ED:B6:A0:7E:C3:2B:11:3F:AE:44:37:51:02:AD:E8:0F:44:4E:0F:6E:52:5F:2B:12:82:0F:59:B3:FF:52:03:C6:4F:B7:97:F8:72:75:F7:C5:31:AD:E2:71:B7,11:79:97:2E:EB:69:68:5D:11:D4:2C:2C:4E:01:8C:3C,0,0,Communications
3/25/2018 8:30,203.162.1.200,3389,www.hanoiseiyu.com.vn,rdp,,45899,VN,HA NOI,HANOI,RDP,2048,WIN-XVBVMWID7QU,WIN-XVBVMWID7QU,11/9/2017 20:14,5/11/2018 20:14,29:4C:BD:40:51:7B:A9:66:40:45:2C:F6:D3:C8:D8:3A:EB:37:E1:6F,19C14321D779AA45AF8EBE8B0A2437,2,sha1WithRSAEncryption,rsaEncryption,AF:36:CF:89:E3:CD:3C:1E:16:97:77:F0:30:CF:44:01:F7:E0:33:06:C4:2B:44:C6:D0:6E:59:F8:27:4A:2D:EA,E5:6F:2C:8B:A4:1C:C5:4F:2D:93:C8:97:FD:AF:78:C5:13:B4:BF:43:5E:4E:15:71:F6:70:5F:17:17:28:13:FB:3A:83:F3:D7:02:8F:3E:B6:AA:D5:A2:70:90:0A:86:A9:80:4F:49:EF:7F:22:CE:5B:BF:AD:28:BB:33:84:94:D0,C7:CF:CC:FC:3E:8B:3C:45:7C:1D:65:16:EE:3F:03:13,0,0,Communications
3/25/2018 8:30,113.186.47.147,3389,static.vnpt.vn,rdp,,45899,VN,VINH PHUC,VINH YEN,RDP,2048,CIHNKKXZ3DJUWEX,CIHNKKXZ3DJUWEX,1/2/2018 12:01,7/4/2018 12:01,DA:F3:A3:2E:A3:65:7B:67:EB:5E:DC:78:23:43:32:02:14:DC:F3:C1,318A894D8207BAAE42280FEB7E2FFFB3,2,sha1WithRSAEncryption,rsaEncryption,37:C8:E7:95:4D:3F:53:43:C0:6D:29:38:5C:10:15:93:DB:53:88:C7:46:72:F0:E2:3D:9C:A0:78:E3:01:BA:07,A4:5F:E8:F5:F3:1D:FF:4A:B3:34:88:1C:42:AB:BE:2F:CE:61:70:E6:5D:14:80:9D:18:08:68:14:D0:FB:7C:16:40:FB:3D:92:67:3B:74:22:1F:77:CF:56:6D:54:0A:69:61:0D:93:1F:5E:15:CC:49:C6:E6:4A:6D:F3:71:07:A0,1F:0F:64:62:5D:BC:C6:42:79:F6:49:02:D2:B1:70:44,0,0,Communications
3/25/2018 8:30,113.160.208.93,3389,static.vnpt.vn,rdp,,45899,VN,BAC NINH,BAC NINH,CredSSP_Enforced,2048,AULAC-S01,AULAC-S01,3/16/2018 3:41,9/15/2018 3:41,C9:AD:3C:C3:EA:5B:D5:78:1D:E0:36:ED:7B:2B:0F:1A:C1:83:FF:21,3B0729910829578F4C434092E7CC759B,2,sha1WithRSAEncryption,rsaEncryption,9F:FD:E9:6A:C9:CD:F1:AB:A3:3D:E2:64:85:E4:FC:D2:E1:F5:BA:F0:15:B2:22:67:4C:6A:7E:BC:DA:67:67:45,87:C9:E4:9A:B7:84:BF:40:5C:86:6B:02:99:FD:76:88:0C:DF:B2:9A:A7:1E:2A:CF:0E:27:8F:3E:48:34:24:88:92:FC:47:31:11:FC:5A:68:90:E3:42:8A:5E:D8:D1:40:61:F4:43:28:A3:37:E0:6F:2B:0A:28:A0:91:32:65:42,50:39:71:A9:AE:82:11:5A:1B:5C:4A:C0:D9:BB:3B:7F,0,0,Communications
3/25/2018 8:30,103.92.24.181,3389,,rdp,,135915,VN,HO CHI MINH,THANH PHO HO CHI MINH,RDP,2048,TLINKVN-24181,TLINKVN-24181,12/12/2017 1:38,6/13/2018 1:38,B7:A7:D9:CF:69:01:C8:51:BD:40:D8:F8:D5:94:E3:34:44:92:5B:A0,2575843610B351884B81097E07418156,2,sha1WithRSAEncryption,rsaEncryption,75:5C:4B:44:6E:B5:8F:02:E5:18:8D:67:3B:03:7D:D7:F7:17:CF:6C:95:29:77:0D:FB:38:31:E2:76:09:FD:06,DB:3E:C4:5E:8F:83:5D:82:83:62:59:73:D1:A8:31:F4:6C:86:D6:88:AB:30:10:21:5D:CD:76:CD:DE:11:C2:46:99:92:65:7E:B7:3D:6E:16:0C:AB:30:F8:F1:0E:5C:D3:35:E8:41:BC:1C:F2:50:8A:3C:1F:DC:1A:1E:D8:FE:E1,97:52:A3:85:A4:DD:07:88:5A:7F:A2:B7:43:2C:B5:DD,0,0,Communications
3/25/2018 8:30,103.21.148.141,3389,mail.srtech.asia,rdp,,38732,VN,HA NOI,HANOI,CredSSP_Enforced,2048,WIN-KCL4V6D01I4,WIN-KCL4V6D01I4,12/10/2017 21:25,6/11/2018 21:25,EB:E7:66:83:E7:5D:7D:8A:AE:7E:CD:26:EC:14:D4:A2:E2:9A:B4:9C,5BB01F230C888C9149AE955BB3747B70,2,sha1WithRSAEncryption,rsaEncryption,51:A0:63:89:41:8A:6E:81:5B:FE:E4:58:71:E8:0E:DB:F0:6A:BD:C4:9C:59:8D:BC:06:3E:6A:18:9A:9B:36:E0,79:5B:0C:D5:CB:35:88:F6:04:73:CB:57:2B:BB:0B:74:13:43:15:13:87:A4:83:05:05:F0:3B:0B:10:49:F8:45:0B:F1:AB:95:43:47:D2:75:63:C7:AD:15:82:CF:62:C2:A8:7F:BB:28:27:A0:F4:5F:C9:5E:80:68:00:5D:D3:CF,8A:98:B6:44:BE:AA:2F:15:59:86:FA:DD:90:3F:3D:AE,0,0,Communications
3/25/2018 8:30,113.161.79.109,3389,static.vnpt.vn,rdp,,45899,VN,HO CHI MINH,THANH PHO HO CHI MINH,SSL_Enforced,2048,HO-CNTT-CTHIEN.SAIGONPAPER.VN,HO-CNTT-CTHIEN.SAIGONPAPER.VN,3/14/2018 10:58,9/13/2018 10:58,A5:03:90:30:4E:A1:C9:0D:35:40:CE:09:6A:BF:F6:D1:94:0F:2D:6E,47E7791821BD598A4DE2247973C2BF50,2,sha256WithRSAEncryption,rsaEncryption,0D:8A:C8:1F:95:1F:36:52:91:23:A9:5C:6F:62:86:AE:BD:D5:BA:FD:90:7E:A8:EA:2D:04:9B:69:0B:3F:5C:8C,55:81:C3:A9:4B:6B:61:B0:75:43:86:50:B3:6B:51:4B:F5:E0:D1:43:DA:26:94:D9:CA:49:5A:49:C9:77:31:47:85:5D:41:CE:63:16:2B:BF:6B:F0:41:E2:BE:DF:96:39:06:FB:01:25:1A:C2:11:2A:76:9D:62:40:58:30:D6:84,8A:C2:97:1B:A5:F0:F5:FF:35:3A:9B:B6:0C:AA:69:E1,0,0,Communications
3/25/2018 8:30,14.182.198.223,3389,static.vnpt.vn,rdp,,45899,VN,HAI PHONG,HAI PHONG,RDP,2048,CBS_01707290914,CBS_01707290914,2/26/2018 7:45,8/28/2018 7:45,41:A5:FD:37:DD:28:2B:7F:B9:17:1A:5C:B4:36:4C:F1:F2:64:75:EC,7C3446E878EAA98046B6E4AA6E72D98F,2,sha1WithRSAEncryption,rsaEncryption,50:30:1F:A6:3C:D5:AC:F5:65:66:CB:31:0E:33:42:10:58:AC:AB:E9:7C:BA:20:4E:F6:FC:47:21:45:24:44:89,9D:2D:68:11:5A:65:71:FB:D4:D3:BC:BD:BA:C2:83:5E:06:CD:19:1F:98:F7:0B:9E:B8:D4:6A:B6:C7:DF:CA:2C:0A:C9:63:65:12:4C:DB:50:ED:88:BE:95:5D:D0:04:0D:33:7D:BD:55:D3:C9:BA:94:C8:94:B0:F1:B3:67:16:E9,7C:D5:A3:C3:58:C5:9E:D3:E0:1D:89:D3:F2:3C:B3:88,0,0,Communications
3/25/2018 8:30,103.207.39.76,3389,,rdp,,45899,VN,HA NOI,HANOI,CredSSP_Enforced,2048,WIN-67FNMQRVGI3,WIN-67FNMQRVGI3,12/25/2017 0:10,6/26/2018 0:10,EA:FE:29:76:A0:00:B4:4E:59:9E:5C:E3:9E:4E:EC:01:44:5F:D1:C0,7A8BAF76BE09C2B14ED85E656ED03DEC,2,sha1WithRSAEncryption,rsaEncryption,70:B0:B4:63:3C:7B:44:AE:AC:5C:6A:63:90:93:75:FF:70:E7:FE:99:23:8F:DA:8A:54:A7:42:8C:73:20:FF:E1,94:6D:47:5E:E3:8D:BA:EC:F4:EB:CE:C7:A8:0A:DA:C4:1F:4B:12:A4:75:B9:59:06:E7:ED:52:DA:EF:B4:93:F0:4B:B2:AE:BE:7D:75:FF:99:19:1A:EB:3C:24:7F:56:40:F7:DF:67:16:20:CE:27:FF:A0:31:77:79:C2:20:F8:F1,C7:6C:F8:2E:20:E9:96:D0:1B:44:86:2E:9B:1E:A9:E3,0,0,Communications
3/25/2018 8:30,123.27.192.11,3389,localhost,rdp,,45899,VN,HO CHI MINH,THANH PHO HO CHI MINH,RDP,2048,BLUEWAVEHOTEL,BLUEWAVEHOTEL,2/10/2018 4:32,8/12/2018 4:32,27:B3:94:EF:81:61:49:09:91:65:A0:41:94:C6:13:80:18:51:03:2B,6CFDE2039F778B984EE545E27A996F6F,2,sha256WithRSAEncryption,rsaEncryption,2A:75:67:E3:EB:DA:6C:30:84:32:1E:57:D4:B9:A9:C4:1B:DB:77:3C:7B:B0:64:A1:1F:65:75:D9:37:C5:16:36,EC:D1:C3:96:65:2B:6A:7C:4F:8D:79:CB:57:B4:CB:48:FE:A1:B3:97:F3:7A:91:6E:89:FE:EF:5B:FB:C8:BE:36:D8:4B:94:B7:0C:5C:7B:1E:BE:51:3F:FE:31:E0:12:A6:01:FB:6A:93:FC:5C:A9:44:2D:0E:B3:BE:96:EE:90:24,0F:05:7B:4E:5E:43:20:9B:3F:D2:F7:B8:1C:B8:F6:DA,0,0,Communications
3/25/2018 8:30,112.78.1.156,3389,toanser.google-vn.com,rdp,,45538,VN,HO CHI MINH,THANH PHO HO CHI MINH,RDP,2048,WEB-156,WEB-156,3/18/2018 18:00,9/17/2018 18:00,D2:7A:BB:7B:FE:09:03:3A:8D:5B:7A:B4:2E:03:DD:D3:6B:B6:8C:5D,44511DB88339C38949F08E75E987E8D3,2,sha1WithRSAEncryption,rsaEncryption,4C:04:9F:B4:F9:4A:7C:D8:A1:1B:D8:BC:64:76:7E:AB:A4:12:36:5F:B8:20:1B:F6:E1:A7:01:81:2E:F7:CA:9F,A3:A5:04:BB:D6:81:F6:02:55:4A:71:0C:44:BD:0B:E6:2F:24:AD:45:DE:00:FC:7F:C2:BF:7A:CC:5B:A4:60:F0:A3:BD:C7:5B:3C:E1:30:BD:E8:4C:95:19:7A:BA:8A:4C:D8:13:28:29:39:39:78:CD:55:32:C4:AF:2B:FE:3C:2A,BE:8E:C5:C6:5B:68:83:D8:2B:23:2B:66:4E:52:A5:9B,0,0,Communications
3/25/2018 8:30,113.161.144.99,3389,static.vnpt.vn,rdp,,45899,VN,DONG NAI,BIEN HOA,RDP,2048,NEWEDI,NEWEDI,1/25/2018 17:00,7/27/2018 17:00,78:FF:38:DB:AF:DC:F5:A6:34:9D:21:6B:6B:7F:6F:AD:1B:51:32:81,712F7B0E3A8FEF9545D16F7E30845420,2,sha1WithRSAEncryption,rsaEncryption,E7:87:79:02:4A:84:9C:43:41:7E:B6:BE:88:CD:67:53:4B:37:C6:66:E2:0F:76:68:81:B8:2C:89:A8:A7:66:8B,9E:DD:C6:1A:22:83:B2:4A:77:DD:B4:30:D2:61:14:1B:98:CA:AE:A3:46:68:DD:AC:4F:9D:A0:22:C0:F3:14:05:61:93:9B:EC:89:1D:08:5F:50:3C:AA:13:0C:95:A4:CB:CA:38:ED:66:0A:A4:C5:E4:67:01:1F:88:0C:DF:B2:D3,A9:4F:B5:CB:B5:51:85:DA:AA:B9:C4:E0:60:99:56:4A,0,0,Communications
3/25/2018 8:30,125.212.233.200,3389,,rdp,,7552,VN,HA NOI,HANOI,RDP,2048,WIN-A4C7I9RB6G6,WIN-A4C7I9RB6G6,2/21/2018 18:00,8/23/2018 18:00,4D:51:AA:B7:E5:7B:11:4B:4A:6C:BE:05:FB:A2:FC:C0:1A:C5:69:5B,1EC1CE98E5E70DB14668D3C8C1C2891E,2,sha1WithRSAEncryption,rsaEncryption,0E:BC:9D:50:4D:A2:4F:C0:98:30:52:CC:FB:5E:ED:AF:2B:9E:3A:4F:E3:24:AB:F8:E2:F4:F5:7A:88:89:54:5F,D5:27:5B:43:7D:E9:97:B6:40:A0:1C:92:BD:D8:01:20:03:0D:7E:2D:55:B8:63:51:8B:8D:91:10:FA:78:9E:D6:70:1A:48:FF:EC:AD:D1:51:86:06:B8:06:87:ED:06:15:16:DF:E5:1E:25:F0:F6:7F:42:0D:D6:D3:17:5C:C4:2F,48:DD:B4:F7:4D:F6:ED:14:0F:16:61:42:17:8C:22:DF,0,0,Communications
3/25/2018 8:30,117.2.1.130,3389,localhost,rdp,,7552,VN,THUA THIEN-HUE,HUE,CredSSP_Enforced,2048,GCAFEGC-MJJTBJA,GCAFEGC-MJJTBJA,12/10/2017 3:21,6/11/2018 3:21,6B:3D:7B:DF:5B:2E:C8:09:0C:97:1C:44:35:5A:B8:D8:20:A9:02:D5,4C294497CFBF209848B146582458A190,2,sha1WithRSAEncryption,rsaEncryption,2F:07:B5:52:E2:0D:EB:AF:3A:F1:BB:9F:1C:CB:2D:59:1A:02:BD:53:DF:48:7D:34:F6:13:C5:9D:1F:C8:89:79,3D:62:59:77:CB:2E:96:22:4C:21:64:E1:C2:05:EF:AA:FB:3F:08:44:8B:B0:C3:21:E0:50:B8:40:3B:9A:AE:F1:FA:25:56:3C:EE:35:14:FD:81:5C:56:D4:14:8F:C8:32:FA:2D:6E:72:6D:49:C2:87:67:05:C0:19:1B:85:47:87,26:4C:97:AE:07:BE:BD:67:6F:A6:58:2A:A2:C9:4A:D8,0,0,Communications
3/25/2018 8:30,103.28.37.160,3389,,rdp,,131353,VN,HA NOI,HANOI,RDP,2048,WIN-VQQ1S5F35BV,WIN-VQQ1S5F35BV,10/30/2017 22:23,5/1/2018 22:23,D1:B6:F5:09:7E:B4:67:99:55:17:F6:71:EE:CB:78:F0:1C:D1:93:68,467E0D76F4D3A1AE4545D9ACC12773AE,2,sha1WithRSAEncryption,rsaEncryption,0F:B3:0C:8B:E1:56:2C:36:7D:90:7E:B0:82:B6:57:5F:CD:08:99:F7:1A:FA:E5:AA:47:54:43:3E:6C:83:E7:2B,14:D1:E9:97:9A:DA:AE:F0:BC:24:BA:A6:F4:6F:FA:D2:56:16:D4:3E:BF:CC:A2:35:E3:19:D0:EE:E6:DB:E4:65:B8:F9:4F:5D:97:AF:32:70:40:06:6B:5E:AB:7B:AF:DE:34:60:85:2E:FE:AA:9F:36:E3:2D:B5:CA:6E:52:4D:10,99:45:B6:7D:A7:2E:03:1E:E7:DF:D5:4E:28:5E:48:74,0,0,Communications
3/25/2018 8:30,123.30.173.34,3389,static.vnpt.vn,rdp,,45899,VN,HA NOI,HANOI,RDP,2048,WIN-OF0VTHMUAA9,WIN-OF0VTHMUAA9,11/20/2017 18:00,5/22/2018 18:00,A4:BB:D4:4F:45:64:94:A0:BC:CC:B1:AF:89:01:24:A7:2F:36:B6:4B,6AA1070222DA10B54AA77D3C652413B5,2,sha1WithRSAEncryption,rsaEncryption,C7:A3:AA:7B:78:73:F8:5A:63:F2:EF:5A:38:4F:F9:0A:41:2F:5A:35:AE:65:CB:2C:4A:40:B6:6E:A9:C9:E8:18,35:5E:1E:15:21:E0:4E:6D:3C:94:DC:AC:9E:F0:21:C7:94:7F:07:82:E7:9E:AD:EF:25:F2:6C:1B:48:FF:A3:FE:C1:7F:32:99:91:5F:E6:67:FE:03:1F:AE:02:CC:D1:D3:7B:07:9D:53:6F:07:56:F5:7A:2F:0B:39:02:92:90:4F,11:C5:CB:3B:78:28:32:53:93:D0:C4:35:35:3D:D9:8F,0,0,Communications
3/25/2018 8:30,113.163.216.24,3389,static.vnpt.vn,rdp,,45899,VN,BA RIA-VUNG TAU,VUNG TAU,RDP,2048,SVR-EOFFICE,SVR-EOFFICE,11/27/2017 9:04,5/29/2018 9:04,27:32:6E:96:1E:11:F6:9E:7B:08:DE:71:81:74:11:8E:44:FF:C1:DC,424F36B73D30A6B14CB555AC25879354,2,sha256WithRSAEncryption,rsaEncryption,A1:F5:60:48:F4:79:AD:E4:93:87:05:97:B0:97:C0:41:3E:65:AC:0E:D1:D8:FD:AB:E2:41:FA:C5:10:92:13:A3,7A:EF:70:86:7A:95:7A:11:13:AE:29:D5:AD:BE:68:81:00:5A:CA:A0:59:86:5A:CE:B8:29:40:53:83:E7:A8:79:11:0A:E6:76:ED:A0:53:37:F0:BF:EE:7A:2A:15:34:51:3A:EE:A3:76:C3:C2:92:6E:27:33:C4:61:17:82:90:B0,9A:72:5D:7B:63:80:89:A6:AE:8B:37:66:0B:74:47:69,0,0,Communications
3/25/2018 8:30,118.69.224.33,3389,118-69-224-33-static.hcm.fpt.vn,rdp,,18403,VN,HA NOI,HANOI,RDP,,,,,,,,,,,,,,518111,737401,Communications
3/25/2018 8:30,42.113.204.95,3389,,rdp,,18403,VN,HA NOI,HANOI,RDP,2048,Z67LL8ESHA97Q44,Z67LL8ESHA97Q44,2/18/2018 18:00,8/20/2018 18:00,74:3E:4E:5E:EC:12:9C:A1:B7:82:60:D3:ED:5A:31:13:5B:EC:88:33,2A4BCA005DB731BF4E31A5F3EB8ED8E8,2,sha1WithRSAEncryption,rsaEncryption,FC:8E:41:D0:71:E5:55:4D:7C:DF:AD:EF:85:4F:9C:8B:34:A4:53:A7:F6:95:DC:14:67:00:E2:39:0B:89:71:05,5C:8B:2D:07:E1:44:32:C3:4F:85:BA:42:F3:13:08:69:6F:18:DC:F3:00:67:7E:42:CF:3F:70:44:58:9F:DD:88:DE:53:C4:BC:A3:A5:22:CF:C7:01:23:DA:FC:8D:F1:AA:64:8C:00:54:3E:7D:2D:C7:31:73:D3:79:BB:57:1E:02,CD:AA:EC:27:73:49:21:06:AA:C3:8E:9E:19:DB:F2:99,0,0,Communications
3/25/2018 8:30,42.113.207.208,3389,,rdp,,18403,VN,HA NOI,HANOI,RDP,2048,K8FIMMVCUDLLI6T,K8FIMMVCUDLLI6T,3/16/2018 18:00,9/15/2018 18:00,59:87:9E:B7:8C:6F:AD:0D:2D:E6:A1:0B:26:D3:D9:D0:9E:54:B0:F0,13F9D35689C44BAF490553C07796536E,2,sha1WithRSAEncryption,rsaEncryption,2D:B4:92:D4:9B:C7:D1:F9:BF:99:A3:DE:77:CB:11:3E:0D:96:0F:1F:6A:CF:74:D4:09:D3:AC:E3:F4:D6:3C:D3,F7:C3:60:51:2E:4D:B7:7A:40:41:63:F7:44:19:46:E4:16:FE:DD:39:A9:F2:53:42:BF:44:45:1B:20:06:1A:5E:16:8B:E2:ED:53:E3:5F:31:0B:17:1C:15:30:EE:53:11:E4:00:2E:F6:EF:AE:0B:6B:82:00:8A:D8:BD:D7:EA:D7,77:6A:11:1C:AF:3B:A0:FB:E9:E9:B4:A1:E6:E0:45:EF,0,0,Communications
3/25/2018 8:30,113.161.174.111,3389,static.vnpt.vn,rdp,,45899,VN,HO CHI MINH,THANH PHO HO CHI MINH,RDP,2048,FIREWALL,FIREWALL,2/28/2018 6:00,8/30/2018 6:00,D2:0F:3D:AC:EE:E6:97:4E:18:7F:7D:D3:A0:53:30:7C:7F:E5:20:12,1C314A5A1095E881434214BDFEA676C0,2,sha1WithRSAEncryption,rsaEncryption,AB:93:9A:84:8C:08:C0:01:8A:F3:71:C0:B4:90:74:4B:CF:EB:A1:2A:CF:59:B0:00:FE:93:CB:EB:F8:C2:75:45,CC:C2:C6:7A:15:DA:28:A4:72:97:9E:B9:3B:33:AD:09:3E:EB:D3:13:AE:3B:FE:31:A2:3F:34:81:22:32:B0:9B:57:65:8B:05:49:73:A0:6F:D1:93:2A:4C:8B:27:CB:8B:FE:3F:5E:87:2C:B0:5A:3B:80:2C:5D:A0:25:7A:52:80,88:02:6D:92:62:82:B5:E7:F7:52:A5:D1:10:F5:EA:F0,0,0,Communications
3/25/2018 8:30,103.27.238.158,3389,,rdp,,131386,VN,QUANG NGAI,BINH THANH,RDP,2048,WINDOWS2012-001,WINDOWS2012-001,2/12/2018 13:48,8/14/2018 13:48,77:77:DF:28:9A:3E:E1:A8:D3:71:C6:22:AC:D3:2D:63:3F:D1:7C:BE,4817EE9B5040C9BA4A55ED11C4F10CB7,2,sha256WithRSAEncryption,rsaEncryption,DC:65:E9:74:61:5E:4C:91:0D:1F:19:A3:20:95:FD:47:51:46:A3:CF:9E:3C:0A:54:A7:7E:C4:45:ED:D4:7B:51,DA:75:7C:BB:A2:66:42:2E:56:99:7E:13:64:83:36:51:D6:24:A8:2F:0F:B5:B2:E9:91:02:D5:7F:2F:9A:C8:F5:F9:B8:83:05:DE:EA:1C:84:27:A9:E0:76:4C:1F:13:D5:2A:81:C7:9D:58:F9:F5:3F:58:A8:11:5D:05:7A:15:09,BA:F2:E1:51:29:01:2D:59:DF:2C:8B:E9:91:F4:2F:03,0,0,Communications
3/25/2018 8:30,222.255.46.4,3389,static.vnpt.vn,rdp,,45899,VN,HA NOI,HANOI,RDP,2048,WIN-QLN14HH1QE6,WIN-QLN14HH1QE6,12/19/2017 6:00,6/20/2018 6:00,2B:78:9E:15:D0:1C:D7:17:09:E1:0E:05:EA:24:1A:C9:7C:BF:0E:68,3E23C941EE7CF1BC48391DE69E592C04,2,sha1WithRSAEncryption,rsaEncryption,62:A8:34:3D:82:CF:DA:8C:79:57:8E:F9:38:F6:9F:AF:42:B9:8A:95:79:2E:9C:76:94:F4:0A:E3:02:5E:5D:A4,64:3D:94:B6:2C:A8:AE:93:24:34:BA:EE:5D:AB:DF:2B:8F:A9:4E:AF:77:2C:19:78:F5:4E:C4:B8:00:06:46:E6:5B:4C:18:45:0F:7A:01:86:4B:70:00:85:03:A0:08:BE:2E:96:3D:5E:71:3A:3A:F9:A3:20:35:AA:6D:99:7C:E9,91:9F:1E:25:54:41:41:9B:30:57:EE:BC:80:87:A0:55,0,0,Communications
3/25/2018 8:30,210.245.22.169,3389,mail.songhuong.com.vn,rdp,,18403,VN,DONG NAI,BIEN HOA,RDP,2048,SONGHUONG,SONGHUONG,1/24/2018 6:00,7/26/2018 6:00,12:66:B5:2E:FC:F6:E5:A1:83:DF:80:4F:11:1F:3E:67:E5:22:25:06,1ADDFAAA08BD2CA9485DB68146F9315C,2,sha1WithRSAEncryption,rsaEncryption,C6:E5:1F:D8:18:2F:61:D7:1D:22:27:63:84:59:AB:0A:18:46:EC:FF:BA:EA:9F:B5:98:D7:98:25:7D:51:50:7E,F6:5D:2D:18:B2:A1:53:A2:3F:34:F0:DD:C7:01:86:00:7D:F5:70:DD:F8:4D:97:28:8E:8A:D0:35:19:17:28:32:63:CE:D7:33:31:56:E0:0D:0B:A0:F0:3F:FB:E6:9E:6C:85:8F:D0:A1:0C:C0:B0:D2:77:32:C5:07:A3:DD:9A:3B,11:EA:7B:4F:AF:AB:5B:90:6A:0D:68:E1:38:B6:7D:34,518111,737401,Communications
3/25/2018 8:30,117.6.134.203,3389,,rdp,,7552,VN,HO CHI MINH,THANH PHO HO CHI MINH,CredSSP_Enforced,2048,ESS,ESS,12/31/2017 2:08,7/2/2018 2:08,35:16:90:78:DF:D9:E5:0B:9C:B6:9E:E7:CF:80:50:B2:19:F4:90:8D,179DBB3AEA3D38804FD592B696922A85,2,sha1WithRSAEncryption,rsaEncryption,3E:99:E3:CC:EA:28:DA:77:1C:9C:C1:48:EE:75:7A:7F:AB:36:0D:84:18:5E:CF:70:06:0B:95:39:DD:12:89:C7,16:4A:21:01:7C:DC:BC:A4:F6:31:DE:F4:1B:05:2B:10:6B:88:5F:CC:3A:83:0E:E8:76:5E:6D:1D:7A:03:60:EE:00:0A:05:14:DD:E7:94:8A:17:F1:14:88:A9:B6:86:4C:2A:20:30:E7:9A:C8:CD:97:40:56:38:83:CF:62:A2:01,20:F4:81:32:AF:CD:4A:02:77:C7:05:50:92:A1:B5:E5,0,0,Communications
3/25/2018 8:30,14.161.3.67,3389,static.vnpt.vn,rdp,,45899,VN,HO CHI MINH,THANH PHO HO CHI MINH,RDP,2048,WIN-UC6MOTKBQ8F,WIN-UC6MOTKBQ8F,1/22/2018 6:18,7/24/2018 6:18,0F:6F:56:40:1A:76:DF:46:98:00:3E:51:21:F3:70:70:B5:92:D1:52,462FD323FF453B98415DB4280232F71A,2,sha1WithRSAEncryption,rsaEncryption,A0:A3:0E:1E:B4:B1:A1:CB:07:1B:BC:87:9B:82:3C:EA:2B:57:07:D5:6F:4F:96:97:17:1E:89:99:F6:44:C4:91,36:D0:BF:2E:B2:00:2F:54:63:50:81:11:3B:E4:FC:7A:9B:F9:E5:FE:21:2C:21:68:F3:B6:1B:16:69:8E:4F:52:32:0D:F6:E6:1E:7C:44:73:FE:0F:45:B6:8A:01:68:9D:43:68:48:E4:56:8C:17:8D:FD:FC:9C:84:14:98:23:19,62:E9:74:5D:E4:9E:1D:CA:57:32:16:63:9C:B3:90:1C,0,0,Communications
3/25/2018 8:30,103.90.225.205,3389,,rdp,,135905,VN,HO CHI MINH,THANH PHO HO CHI MINH,CredSSP_Enforced,2048,vps_nguyenduy,vps_nguyenduy,11/19/2017 2:56,5/21/2018 2:56,0D:6A:DF:1C:2B:EF:50:B8:8E:EB:53:26:3E:82:A4:96:39:72:68:15,25E1BD6D77A3F2B2452FF17C8A88AE53,2,sha1WithRSAEncryption,rsaEncryption,05:F9:C1:8D:80:D5:02:13:8A:A1:45:27:63:1D:59:79:79:81:05:85:A3:F8:06:89:27:D3:64:1E:00:61:4F:3C,CB:8B:30:7F:33:CB:37:78:A3:19:5C:D6:61:34:61:DB:D6:C1:CA:01:66:82:9B:BB:1E:CC:74:30:A2:84:E5:0B:9F:18:F6:DC:E2:98:58:69:0A:70:EE:6C:D3:D3:35:0B:22:42:89:1B:EB:A9:FC:AF:46:CC:8C:98:F5:B6:59:BD,87:FC:6A:FC:66:11:15:85:53:81:BB:FB:0A:8A:16:92,0,0,Communications
3/25/2018 8:30,117.4.90.188,3389,localhost,rdp,,7552,VN,HAI PHONG,HAI PHONG,RDP,2048,THUONGSV,THUONGSV,3/11/2018 8:07,9/10/2018 8:07,8B:0F:3C:90:39:0B:D8:80:39:23:CC:87:30:D0:8D:D0:26:D0:8B:71,1AE7AC924D51F3AB42BD5C71CDC95A3D,2,sha256WithRSAEncryption,rsaEncryption,4F:2F:33:64:67:8C:96:35:D9:29:5E:55:D4:5E:0A:16:BC:E0:57:E6:22:55:56:86:72:88:C2:8D:B7:A8:3F:67,4F:72:FD:00:E5:AD:E6:66:13:EF:F1:58:8C:43:5C:FF:29:47:5D:4C:AA:93:09:76:A2:09:B9:8B:13:43:5D:CD:33:AF:97:E8:B7:A0:4D:46:6A:BE:70:9E:63:CA:54:D4:EE:E7:21:94:FD:FB:6C:B4:18:F9:74:8B:62:F8:B0:D6,DE:A1:C9:E0:36:54:C2:90:AA:F6:60:A6:B7:94:E7:D2,0,0,Communications
3/25/2018 8:30,198.50.186.156,3389,,rdp,,16276,VN,HA NOI,HANOI,RDP,2048,WIN-5FK74N4T6CL,WIN-5FK74N4T6CL,2/12/2018 21:00,8/14/2018 21:00,B6:71:D3:72:E2:2A:64:D2:E7:7F:25:7C:76:8D:58:57:14:56:96:66,7E0C895563B6C4AC45F21B9A7131F84D,2,sha1WithRSAEncryption,rsaEncryption,0F:26:0B:15:BB:24:34:92:D4:75:F4:5B:B5:33:E6:58:7B:0A:E0:E5:FF:F0:02:57:9B:D9:3B:3F:51:59:41:AC,0B:22:0A:4C:C5:75:21:C2:47:A5:25:62:ED:2C:88:FD:1D:C7:CA:39:50:8D:A5:8C:40:D9:FC:57:4A:BD:AA:A7:E5:54:21:52:AE:31:31:1D:C0:F6:5E:D5:1F:E1:49:79:AF:86:93:BC:80:CF:7F:17:63:D6:6A:E2:92:74:49:17,98:4C:47:1A:08:1A:74:D5:D7:97:F0:6C:EE:C7:C0:49,518210,737401,Other
3/25/2018 8:30,115.76.120.190,3389,adsl.viettel.vn,rdp,,7552,VN,HO CHI MINH,THANH PHO HO CHI MINH,RDP,,,,,,,,,,,,,,0,0,Communications
3/25/2018 8:30,103.99.2.9,3389,,rdp,,135905,VN,HA NOI,HANOI,CredSSP_Enforced,2048,WIN-67FNMQRVGI3,WIN-67FNMQRVGI3,3/2/2018 10:12,9/1/2018 10:12,79:EC:70:60:DF:92:82:86:B6:16:D1:12:24:38:78:2A:30:C4:FA:6C,52B6316CC650438948AD4C75398C7D81,2,sha1WithRSAEncryption,rsaEncryption,1B:AC:67:A9:CA:3D:99:9D:56:44:97:44:C8:96:8A:B9:8E:CA:16:AD:FD:00:80:C6:6D:84:F3:32:57:A1:12:0F,AE:A4:7B:9D:1E:17:5B:5F:20:5B:76:15:C8:2D:37:07:F7:25:DD:33:62:44:DB:1F:A5:D2:D3:B7:35:28:A5:F8:BD:86:9E:51:91:25:C7:2E:FD:82:5C:29:48:3F:DD:91:B4:C2:BC:13:5C:BD:41:46:6D:5C:6E:05:D6:A2:7E:89,C7:DB:41:DD:F0:2B:72:1E:3C:F7:24:A0:5C:98:C3:E6,0,0,Communications
3/25/2018 8:30,103.99.0.171,3389,,rdp,,135905,VN,LAM DONG,DA LAT,CredSSP_Enforced,2048,WIN-67FNMQRVGI3,WIN-67FNMQRVGI3,12/25/2017 1:05,6/26/2018 1:05,BD:20:40:48:77:0C:E5:6C:96:91:5F:2F:E8:A6:DC:FC:A3:E9:C0:0D,3867B02FE9887BB94AE096C54D03C442,2,sha1WithRSAEncryption,rsaEncryption,76:D0:64:6F:7E:FB:83:48:AE:46:61:D8:1A:60:02:67:0B:2F:89:07:DF:4F:3E:D6:BF:B6:8D:A5:EE:86:20:1E,87:77:95:0B:6F:62:E6:F9:D5:18:70:02:42:0B:3E:B6:89:3F:50:B5:DC:FC:19:C5:31:00:F6:75:1D:4B:DA:EB:84:75:F2:FD:CC:72:1C:E5:0E:53:AD:35:5B:FF:7B:05:5B:11:AB:76:52:8E:DB:B8:A2:93:83:07:0F:C4:C5:76,D1:0A:39:10:85:EF:8B:92:E4:11:D5:98:FF:E5:2C:03,0,0,Communications
3/25/2018 8:30,103.207.36.122,3389,,rdp,,135905,VN,HA NOI,HANOI,CredSSP_Enforced,2048,WIN-67FNMQRVGI3,WIN-67FNMQRVGI3,3/21/2018 11:26,9/20/2018 11:26,F7:8C:56:7F:05:F9:29:0F:49:A6:1A:40:20:8F:8B:FA:DA:26:8F:A7,12770F8F6EF526BF474473168E6CA771,2,sha1WithRSAEncryption,rsaEncryption,93:C9:B5:F8:D2:9C:E4:E0:16:A7:76:9D:F3:95:7C:68:C5:BF:8F:28:6C:DB:87:ED:DE:44:3D:36:3D:B7:98:46,22:44:B6:9C:A3:95:43:9F:6A:5D:8A:07:2A:58:BE:BC:52:51:7E:3E:76:92:B0:A4:A7:DF:AF:E3:33:11:24:91:A3:4F:FF:FE:31:E1:CB:CF:43:B2:CD:C7:2C:F8:F2:4C:A3:B6:AF:B5:01:D4:E7:F7:64:15:92:AC:63:19:48:42,2F:FF:0E:6D:D9:C6:06:B0:8C:37:91:93:25:2D:CA:EE,0,0,Communications
3/25/2018 8:30,103.7.40.104,3389,mx40104.superdata.vn,rdp,,45544,VN,HA NOI,HANOI,RDP,2048,VPS40104,VPS40104,12/7/2017 4:54,6/8/2018 4:54,D8:6D:CA:05:BC:DB:62:20:7C:FB:35:48:58:FD:CB:F9:93:21:FB:12,50314FCF491DEC8D43658AB773746068,2,sha1WithRSAEncryption,rsaEncryption,BD:D6:20:F7:B9:C4:E7:57:7C:31:91:60:B5:B1:99:EF:11:FF:CE:A6:8E:3B:F7:40:C0:AC:72:98:EE:00:FF:C6,11:E0:07:EE:DE:44:57:29:E3:69:92:8E:0A:F7:92:8A:C7:6D:84:60:29:D2:B3:E0:F4:B8:8A:F9:AE:1C:48:53:0B:1D:35:B3:5E:EB:26:D7:E7:F8:D9:81:06:B2:E6:F6:BC:6F:C3:CA:3B:8C:EF:EE:2A:91:EA:22:8A:38:B6:E8,E4:FC:BD:0C:54:53:D3:87:42:7B:23:C8:77:CD:38:B4,0,0,Communications
3/25/2018 8:30,101.99.52.105,3389,static.cmcti.vn,rdp,,45903,VN,DA NANG,DA NANG,CredSSP_Enforced,2048,GCAFEGC-ITR0BC5,GCAFEGC-ITR0BC5,11/17/2017 6:57,5/19/2018 6:57,D8:B0:4E:2A:1A:9A:D6:F5:C0:85:98:83:B2:4F:CB:E3:B2:69:2D:D6,10FD683B9942358F4E54920604440A83,2,sha1WithRSAEncryption,rsaEncryption,0E:5B:64:C9:FA:55:2B:8B:46:AD:14:AA:5E:4F:B0:57:5B:0C:0A:D2:A6:3D:7E:10:26:4F:D5:A0:2B:8C:25:DD,9B:DD:44:56:D5:7D:09:5E:A7:33:CD:90:8F:B1:6B:75:2F:B3:1A:A9:CA:36:5D:81:48:83:E7:68:18:77:8C:98:C9:58:34:CF:4E:AF:8A:DC:3F:6A:DA:AE:6D:18:C7:41:D8:BD:25:E3:39:64:27:E9:E3:53:D1:2A:82:9E:56:45,32:C9:0B:6E:8F:7E:D0:6B:BA:77:E2:03:9B:9D:2E:56,0,0,Communications
3/25/2018 8:30,113.161.95.218,3389,static.vnpt.vn,rdp,,45899,VN,HO CHI MINH,THANH PHO HO CHI MINH,RDP,2048,server01,server01,2/4/2018 18:00,8/6/2018 18:00,44:F7:63:63:C7:F1:A4:BE:1D:CD:01:7D:1E:4C:E6:BB:3C:A6:4F:5D,13A38893879080B74CFA9881CE441A54,2,sha1WithRSAEncryption,rsaEncryption,2A:2D:D1:41:7F:DF:D8:0A:9E:98:A2:5A:F4:9E:4F:41:B7:05:6A:F0:41:35:59:F6:EE:D2:A6:5C:FC:86:43:FB,F9:1E:FF:5E:97:39:1B:63:D1:01:10:87:B5:2E:9B:A0:5E:40:E0:DC:D9:F5:DD:E3:35:EA:22:BD:B9:F9:8A:08:9F:12:B7:CD:71:44:40:F7:C4:A2:56:26:29:D0:21:D0:A7:DE:41:3D:B6:19:C9:91:A8:C7:64:89:19:7D:E4:93,5C:CD:4C:2F:05:E0:8E:43:09:42:1E:CA:6D:CB:4B:AD,0,0,Communications
3/25/2018 8:30,123.30.129.176,3389,rs176-129.v-1000.com,rdp,,7643,VN,HA NOI,HANOI,RDP,2048,HNT-PC,HNT-PC,11/9/2017 19:19,5/11/2018 19:19,C8:04:12:64:D6:CF:E8:00:55:44:75:4A:47:A2:05:5E:7C:9B:6A:4A,2771CCBC7DA395904B418C572F80D724,2,sha1WithRSAEncryption,rsaEncryption,86:15:85:DF:10:D2:08:84:8D:68:6C:18:DF:81:58:EA:95:7E:74:6B:5A:E6:67:24:3E:9D:8A:37:9B:57:CC:56,B2:71:68:AB:F7:AE:6C:AA:2D:7E:16:42:0E:95:1A:40:9D:89:E0:02:D0:5B:5E:9A:43:3C:82:D6:7A:37:FE:B7:CC:79:EF:EB:AD:45:DF:E2:37:0C:BC:61:18:F6:E6:2F:E4:33:E1:5E:34:F2:7F:FE:B7:52:70:77:A2:D6:77:99,CF:AE:C5:86:E3:EE:84:BA:51:5A:C4:C0:58:8C:5A:8D,0,0,Communications
3/25/2018 8:30,103.27.238.124,3389,,rdp,,131386,VN,QUANG NGAI,BINH THANH,RDP,2048,WINDOWS2012,WINDOWS2012,1/29/2018 7:01,7/31/2018 7:01,0C:D3:C7:50:59:DC:78:75:15:BC:C7:9F:7D:11:A0:9F:EF:E9:AD:0C,78798E9CB1BB10A5443D5258F884CC97,2,sha1WithRSAEncryption,rsaEncryption,BF:96:C6:2E:69:1C:9F:F3:79:B3:60:4F:4E:74:1F:FE:21:80:66:EE:92:35:FC:CD:78:1A:1E:7B:5E:2E:8C:38,CA:33:49:43:73:D7:E8:84:59:0D:11:45:BB:30:4F:C5:8C:7F:DE:88:5C:71:0D:E4:90:21:53:5A:C8:F5:68:18:F8:AD:69:6A:D6:54:B4:62:85:A7:AC:F7:52:73:51:6B:68:DB:77:77:FE:9D:C1:BA:D1:00:2C:AD:25:7C:12:06,92:C9:A3:98:7E:CF:F8:03:46:31:4E:0C:F4:88:84:23,0,0,Communications
3/25/2018 8:30,45.117.162.144,3389,,rdp,,38731,VN,HA NOI,HANOI,RDP,2048,admin-PC,admin-PC,1/3/2018 8:00,7/5/2018 8:00,9F:A5:BC:54:B2:50:38:FD:39:56:84:4C:73:81:D4:E6:9E:50:7E:D8,3247157DBEF64DB94FC294AA87644542,2,sha1WithRSAEncryption,rsaEncryption,FF:E6:DC:AB:31:D0:C2:9C:E2:96:08:0D:B6:AA:61:2F:B7:07:8D:DE:FE:12:11:1A:55:9B:E1:91:C8:38:4D:5E,DE:B0:42:B8:D9:5F:4C:F9:23:25:A6:47:65:D6:18:A9:25:41:29:1E:D1:6C:1C:4C:56:04:0B:04:D7:B9:EC:31:0F:E4:0E:77:36:A5:9E:A3:62:02:AD:B5:41:A5:3B:5C:E8:A1:9C:CA:EA:F9:55:26:74:7D:EB:A0:38:1F:96:2B,5A:BD:49:C1:A0:59:B8:B1:64:76:78:01:70:EA:82:04,0,0,Communications
3/25/2018 8:30,115.78.89.135,3389,,rdp,,7552,VN,HO CHI MINH,THANH PHO HO CHI MINH,RDP,2048,NGOCTRANPQ,NGOCTRANPQ,3/12/2018 4:59,9/11/2018 4:59,63:9B:73:EB:CB:A4:1C:90:0A:3F:AD:E5:19:66:7F:47:B9:AB:17:43,5446B97F1E0B7EA9478909BE77555464,2,sha1WithRSAEncryption,rsaEncryption,EC:1C:DF:74:E1:29:76:26:D7:32:33:31:6F:A0:93:EB:1D:DC:7D:64:B5:79:9A:4C:48:AE:FA:67:73:E2:0E:72,AD:E2:29:8C:DA:DE:A6:6F:F1:36:66:75:12:9C:D0:D1:38:9C:F9:E6:0A:3E:0D:CF:6C:23:64:59:8C:5C:03:E7:D4:A8:95:C7:18:74:1A:EA:D7:E0:47:2D:A2:52:91:AD:D7:09:C6:1F:B8:E8:47:B0:03:8E:A4:32:E1:1B:8B:12,FA:2A:3A:9F:68:B7:71:65:39:81:7F:8F:34:81:8F:96,0,0,Communications
3/25/2018 8:30,134.119.177.55,3389,,rdp,,29066,VN,HA NOI,HANOI,RDP,2048,WIN-L6BUPB5SQBC,WIN-L6BUPB5SQBC,3/19/2018 17:29,9/18/2018 17:29,B4:FC:76:EA:5D:75:13:CA:70:EA:95:C8:B6:4A:E6:71:5A:BF:33:CF,76B4D0C1D6DEF1A847D8C5BB07875049,2,sha256WithRSAEncryption,rsaEncryption,CB:6D:30:89:80:16:23:68:CF:B5:15:C5:F2:86:80:0B:70:EA:57:DD:70:12:5A:71:A1:5E:DB:30:8A:18:9C:B0,C0:54:3F:FB:FD:1A:69:02:4E:97:ED:1C:8C:13:31:BD:B8:23:83:2B:43:01:9D:9D:42:8C:57:69:47:06:EC:08:CC:5D:F3:91:AD:9E:9E:15:DC:5F:05:0C:87:50:6E:C8:57:02:CA:29:DE:1F:E5:E2:1F:43:D6:64:23:81:9B:03,52:83:89:21:D7:F0:D4:53:3C:13:92:7D:9C:27:EB:44,518210,737401,Information Technology
3/25/2018 8:30,113.161.194.206,3389,static.vnpt.vn,rdp,,45899,VN,CAN THO,CAN THO,CredSSP_Enforced,2048,SERVER,SERVER,11/19/2017 6:50,5/21/2018 6:50,E7:6F:7A:2A:5C:C3:84:B3:09:C3:DC:64:3A:EC:87:BD:6F:5E:C9:27,1981E792189A6AA0468F5FD303E71762,2,sha1WithRSAEncryption,rsaEncryption,DD:13:AA:2C:43:AF:CC:35:FF:DB:79:62:02:AA:EC:2E:8D:35:1F:F6:8A:A3:7C:9F:C2:AE:01:E2:BD:34:1C:40,11:86:A6:5E:4F:A4:FC:49:C7:9F:9C:7A:46:22:AF:97:A8:93:35:94:9C:E1:B5:D3:EC:A9:22:41:7A:4A:20:F3:96:80:B0:4F:9A:52:32:E3:89:3D:FE:3E:9C:3B:78:88:62:39:B7:15:9D:E3:DD:D9:98:59:D3:95:5B:C7:73:C3,F5:69:22:0A:78:D8:9D:FA:CB:1E:1E:6D:5F:80:DF:FB,0,0,Communications
3/25/2018 8:30,113.190.234.200,3389,static.vnpt-hanoi.com.vn,rdp,,45899,VN,HA NOI,HANOI,RDP,2048,POS_Srv,POS_Srv,2/5/2018 20:16,8/7/2018 20:16,87:34:DA:DF:E5:BA:A0:32:64:51:4B:C3:18:BB:CE:32:B5:3F:2D:D2,70292495D35ACFB44E276967C6D9764B,2,sha1WithRSAEncryption,rsaEncryption,A8:BD:39:A1:9D:03:8F:E1:72:6C:67:75:91:E7:3E:8A:28:DD:DE:16:62:03:A5:05:11:8C:92:91:E4:BE:62:C3,EB:C4:F0:9A:41:80:21:9A:4C:FF:39:CD:99:D5:42:46:D7:65:C1:35:A2:7B:CF:F1:0D:B5:ED:8E:3F:16:F5:F2:9C:B7:6F:E9:11:92:9B:3C:A7:F7:79:B6:6C:4B:E5:11:CA:9F:1A:E1:91:7D:78:AC:B7:27:84:81:4D:04:86:AE,06:30:85:7A:2B:0E:53:FB:B0:55:CF:3D:E1:4A:1F:6B,0,0,Communications
3/25/2018 8:30,14.230.72.24,3389,static.vnpt.vn,rdp,,45899,VN,BINH DUONG,THU DAU MOT,RDP,,,,,,,,,,,,,,0,0,Communications
3/25/2018 8:30,113.161.173.153,3389,static.vnpt.vn,rdp,,45899,VN,HO CHI MINH,THANH PHO HO CHI MINH,CredSSP_Enforced,2048,Sv_DC.charmingvn.local,Sv_DC.charmingvn.local,1/17/2018 5:00,7/19/2018 5:00,F8:3E:F3:3E:F9:E5:AB:87:2C:37:F1:E9:13:1D:C6:F5:C9:3A:D8:BE,7E8FD01FC64CCA834F0281DA5AE1775D,2,sha256WithRSAEncryption,rsaEncryption,D0:29:3F:F8:55:87:DA:F3:6E:A1:A2:CF:91:46:44:92:96:3E:F9:FE:1E:ED:E2:BA:DD:8A:1D:D6:43:B9:28:A5,26:B4:31:D7:3D:C8:1A:92:99:CD:D9:AB:C4:3A:EF:05:86:34:5B:8D:C4:B1:CC:76:14:F9:96:8A:48:4D:CA:3A:64:57:03:66:DF:03:09:8F:3F:BE:D6:C3:50:85:07:D4:01:4B:EB:F6:30:85:20:EF:70:43:E0:11:EF:83:90:8C,65:76:B3:74:F4:5E:40:F7:5B:80:47:F5:1A:92:FB:D1,0,0,Communications
3/25/2018 8:30,103.53.229.27,3389,,rdp,,131427,VN,HO CHI MINH,THANH PHO HO CHI MINH,CredSSP_Enforced,2048,AHV-PC,AHV-PC,2/28/2018 2:09,8/30/2018 2:09,A1:62:92:47:A9:8A:81:CD:21:9B:78:B9:33:B2:41:19:B2:D4:9B:1B,40CD43376F7606A44D49979D47253F6D,2,sha1WithRSAEncryption,rsaEncryption,9D:A4:15:2C:1C:2D:26:13:18:75:C0:39:E4:0A:A1:0E:82:48:FD:E1:14:3C:E7:29:24:C9:D7:EC:03:23:9C:08,79:9E:05:73:A1:E2:40:5D:D1:90:0A:6F:81:92:67:F0:E1:06:98:20:C5:30:E0:18:E5:6A:B3:06:4E:47:23:42:57:0E:49:99:01:FC:1B:01:14:31:DE:6A:C8:51:28:13:C0:D7:55:D2:EC:48:1B:62:AD:49:53:8B:BE:E5:50:DD,11:4B:79:49:59:95:F7:8E:B8:F1:E3:1F:00:1A:DF:DC,0,0,Communications
3/25/2018 8:30,58.186.90.24,3389,,rdp,,18403,VN,HO CHI MINH,THANH PHO HO CHI MINH,CredSSP_Enforced,2048,DESKTOP-OVDGE25,DESKTOP-OVDGE25,1/3/2018 15:07,7/5/2018 15:07,86:EC:BA:97:43:D5:F7:07:67:F0:0B:71:19:18:93:4A:EC:D8:4E:9B,34C63E18F980C89B4268B9E71119DFDD,2,sha256WithRSAEncryption,rsaEncryption,57:D1:C4:AC:76:04:87:2B:1E:53:88:91:07:0D:08:C7:9B:4C:B0:3A:9E:E0:A4:EA:85:2A:4F:EA:A2:52:A7:1F,08:90:39:DB:CA:FE:90:6A:DF:7A:06:F6:01:84:0B:2F:BC:7A:ED:90:3F:8C:55:A4:73:76:19:0F:C4:F9:82:70:1B:10:3F:B8:F9:7D:74:89:89:7F:18:BB:3E:71:8B:36:DF:47:B2:50:43:94:2A:16:22:3A:58:67:A1:4A:2B:95,2D:87:FC:39:60:2F:B6:AE:D5:DC:B0:4D:50:15:0D:D8,518111,737401,Communications
3/25/2018 8:30,167.114.83.91,3389,,rdp,,16276,VN,HA NOI,HANOI,RDP,2048,ns501164,ns501164,11/28/2017 10:12,5/30/2018 10:12,03:01:84:F7:C7:64:7C:CC:30:04:54:52:53:33:CD:F3:C7:1C:F3:98,72315A303E9AE6AE46C4AC3F2DD36BCA,2,sha256WithRSAEncryption,rsaEncryption,71:18:FE:B4:93:6E:8E:7E:2A:21:2D:B4:64:2B:54:19:07:01:93:D5:2C:FC:D4:A6:87:0D:D8:FC:21:86:00:0F,77:5F:91:9F:08:8A:C1:26:B8:12:C8:72:D5:D3:1B:FF:C5:9D:E8:E5:38:8A:A1:F8:58:50:96:FA:78:91:5D:CA:58:8E:FF:2E:E5:4F:CA:1C:25:8E:3D:2F:4D:4A:C2:62:78:2A:4F:48:97:03:5F:98:29:53:15:33:B6:18:07:9C,74:D3:9F:A3:70:19:CD:C3:79:94:D6:9D:E9:6A:8C:65,518210,737401,Other
3/25/2018 8:30,115.78.11.63,3389,,rdp,,7552,VN,HO CHI MINH,THANH PHO HO CHI MINH,RDP,2048,DOMAIN.dongnaiport.com,DOMAIN.dongnaiport.com,11/19/2017 5:30,5/21/2018 5:30,5C:0C:63:08:BC:C7:CA:22:E2:7F:E5:C4:9E:7C:34:B7:07:DB:51:9B,40C36A38BB50B9BD439FC339B434F2D2,2,sha1WithRSAEncryption,rsaEncryption,A6:07:C3:C4:F7:E1:F0:6E:B3:F4:EC:CD:91:C4:D6:7F:51:A6:5F:AA:BF:08:C3:15:36:1B:ED:96:4E:43:05:C2,91:E7:D8:CE:9C:BC:E1:89:15:DC:AC:EB:1C:E7:EA:E7:1E:F7:D4:3C:0B:AB:7B:87:9F:FC:C1:72:15:38:2C:90:0A:45:FB:49:42:6C:23:23:1E:AB:0B:78:C2:FC:B8:00:A9:F8:AF:96:C2:83:4C:0A:CF:0E:36:A4:1F:36:16:02,C4:D5:D2:BB:F6:27:6E:91:87:72:A9:A2:52:DF:77:D3,0,0,Communications
3/25/2018 8:30,118.69.197.9,3389,mail.ippds.vn,rdp,,18403,VN,HA NOI,HANOI,RDP,2048,ex2010.ippds.vn,ex2010.ippds.vn,1/4/2018 5:00,7/6/2018 5:00,6D:49:BA:AD:2F:E1:CE:F7:07:F9:9D:E0:B5:CB:22:90:AB:1D:73:5F,77BAE041E01E119F4C8C5AA6BB8319D3,2,sha1WithRSAEncryption,rsaEncryption,ED:EB:F9:F8:41:9D:E8:B6:A4:41:BA:D4:E2:82:1C:20:E4:18:A2:28:3F:5E:70:55:6F:AF:4B:95:2F:24:AB:11,69:7F:18:A0:EA:8F:1B:12:2A:B5:5E:FF:BE:E1:32:C6:60:28:EB:84:7F:F5:1E:F5:F9:77:33:B1:01:0B:F1:E5:EF:AA:41:33:47:A0:2A:43:22:5B:17:F4:71:06:7A:0C:30:64:A2:33:3D:EE:FB:9B:DB:F7:13:55:EF:12:77:39,69:9B:8F:CD:60:98:1C:03:2D:49:2A:B6:F3:F1:C4:CD,518111,737401,Communications
3/25/2018 8:30,103.61.44.130,3389,,rdp,,131434,VN,HA NOI,HANOI,RDP,2048,WIN-D5MOHP0A0Z6,WIN-D5MOHP0A0Z6,11/17/2017 8:13,5/19/2018 8:13,45:82:B4:89:3A:4B:0C:67:E8:71:2B:B6:A2:16:02:0F:C8:AD:E3:42,7A2D6998B98A799B4FB49ED22DD2F8A4,2,sha1WithRSAEncryption,rsaEncryption,87:5B:B3:88:EB:C3:CC:24:EE:B6:FC:49:D6:22:5E:90:E1:AA:E1:81:B3:1E:ED:7F:FE:5A:A5:2B:27:23:97:B4,42:F1:A1:4B:9D:BE:D3:F6:1C:36:AE:2B:DA:DE:36:C3:1D:B2:6B:2B:69:A0:FC:3D:51:0E:5F:27:DD:64:63:D6:FA:0A:60:85:4E:91:DF:85:34:DC:73:6B:62:AD:D4:2A:98:AD:C8:2D:9D:B1:AB:53:E5:F0:03:7F:9A:54:8D:16,F7:A1:CC:59:1A:C8:45:FE:76:68:4D:ED:D3:FC:81:6D,0,0,Communications
3/25/2018 8:30,222.255.19.251,3389,static.vnpt.vn,rdp,,45899,VN,HA NOI,HANOI,RDP,,,,,,,,,,,,,,0,0,Communications
3/25/2018 8:30,125.212.254.34,3389,,rdp,,38731,VN,HO CHI MINH,THANH PHO HO CHI MINH,RDP,2048,ductutranqua,ductutranqua,2/8/2018 8:17,8/10/2018 8:17,64:67:8D:57:C0:4B:C0:D3:8F:70:5F:E8:7F:D4:4E:A0:BF:9F:FD:E7,5049423520F8479847E2ED012F9EDC14,2,sha1WithRSAEncryption,rsaEncryption,CB:23:37:5E:9A:DC:A3:0D:2D:D5:D6:5A:90:68:31:FE:E2:B0:89:F9:3A:68:43:50:01:00:BE:B7:CC:B2:14:F8,9F:35:87:3B:72:3A:43:50:A5:10:82:E6:61:BC:09:90:ED:E5:4A:C5:49:4F:42:1B:54:97:6D:5D:EB:D9:4B:0C:AB:B1:3C:33:6E:6B:88:CD:66:E0:10:91:F2:3B:6F:3D:1D:F3:80:2A:CD:4D:EB:EA:86:05:1D:1B:D5:CA:FC:0E,1F:F8:B2:F7:9D:2C:8F:2A:38:6B:F6:D2:DE:91:50:61,0,0,Communications
3/25/2018 8:30,1.55.145.3,3389,,rdp,,18403,VN,HA NOI,HANOI,RDP,2048,WINDOWS-NRIE4RD,WINDOWS-NRIE4RD,12/11/2017 10:47,6/12/2018 10:47,F1:54:6F:C5:FF:AF:DF:F8:DF:40:C5:68:88:F4:B4:5A:EB:84:0E:60,5FD3E5BA4049C4BD48A2BF39F28A6B3A,2,sha256WithRSAEncryption,rsaEncryption,8F:06:56:67:41:7F:85:0D:A0:B1:C1:D9:AD:1E:90:C7:2B:CD:8C:8A:4A:0D:F1:07:9D:E8:84:57:77:F9:58:CE,43:CD:21:F7:4D:89:3F:DD:7E:A0:F7:25:D4:3C:89:D0:83:3D:F2:6D:2F:EE:A3:11:F1:02:B6:34:29:F1:BE:AE:C5:C2:5C:B6:FC:43:22:D1:D0:B1:DB:99:27:ED:64:4A:0A:FE:E1:FA:C8:60:9E:2A:54:83:7F:09:0C:39:A1:1A,EB:C0:18:35:2B:F2:9A:27:2B:97:76:CA:B3:9D:8D:D3,0,0,Communications
3/25/2018 8:30,113.160.112.182,3389,static.vnpt.vn,rdp,,45899,VN,HA NOI,HANOI,CredSSP_Enforced,2048,WIN-NOKN7NMNFV1,WIN-NOKN7NMNFV1,11/8/2017 13:12,5/10/2018 13:12,18:F8:E7:B8:6F:85:90:04:18:86:C6:C7:FB:FE:74:56:C8:99:EF:81,3355D37FA269C9A14EE4DF9EAF10B190,2,sha256WithRSAEncryption,rsaEncryption,00:56:BD:9C:3C:A6:99:C2:D2:B8:41:A4:09:B2:79:8A:36:97:1D:0E:F4:92:E1:11:48:39:BE:96:A1:E5:71:61,48:95:1B:C0:99:1B:34:27:17:13:36:97:E3:D7:18:1B:52:F5:A3:4F:F7:29:56:BE:91:C7:41:95:C3:82:BC:DA:72:09:22:8C:F6:A4:AE:D7:AE:D8:AA:C8:FD:0E:77:50:42:50:91:DA:F0:A5:D9:CF:D9:D2:67:D2:7D:DC:49:2C,A7:76:9B:B1:89:FE:BB:69:57:34:C7:46:EF:3D:35:29,0,0,Communications
3/25/2018 8:30,183.91.7.211,3389,static.cmcti.vn,rdp,,45903,VN,HA NOI,HANOI,CredSSP_Enforced,2048,SV-PROXY.prochiro.vn,SV-PROXY.prochiro.vn,12/26/2017 1:10,6/27/2018 1:10,12:F4:17:61:83:45:1E:FE:29:9E:31:90:09:03:92:C7:71:C0:F4:DF,6E4CEDBBB5E90DA04C7267E107497E8F,2,sha1WithRSAEncryption,rsaEncryption,E3:B0:24:13:97:FD:C4:B0:95:76:FF:CD:5D:CD:A9:83:49:C0:38:6A:3E:FB:BE:E1:BF:AC:A8:99:08:CE:CA:B9,21:12:B3:F8:4A:16:06:03:C4:44:A9:98:F5:0B:EE:A2:D5:6C:4D:D7:3A:C3:40:A3:25:34:31:D2:C5:D5:91:81:9D:62:E1:38:4A:E4:F9:E8:2E:72:51:B8:E1:04:57:C5:F2:7A:34:07:72:7B:92:AF:8A:10:5C:3E:59:97:A0:A9,9B:6A:83:D6:57:33:60:1D:A9:AC:24:D9:9A:9F:83:2A,0,0,Communications
3/25/2018 8:30,113.175.200.119,3389,static.vnpt.vn,rdp,,45899,VN,HA NOI,HANOI,RDP,2048,7D70XMBJHPKSQQ3,7D70XMBJHPKSQQ3,12/15/2017 6:00,6/16/2018 6:00,31:F5:F1:E5:E1:64:68:BB:3C:A7:A8:2D:3E:8B:FC:99:2A:A9:45:E4,114E7893885D61B34B50AC1D978F8C9C,2,sha1WithRSAEncryption,rsaEncryption,D2:B1:79:7C:4A:66:52:0E:23:40:37:9A:D4:89:CB:3F:09:F7:0C:47:A8:9B:48:FB:DC:5E:CB:77:97:69:47:5E,2A:E5:E1:02:7E:31:10:10:65:EA:EB:17:42:56:EF:3F:6F:2E:CD:7E:11:E3:DA:E2:6B:9D:8A:4E:90:7D:D7:47:1D:7C:40:FC:03:DA:44:56:10:95:DA:A4:4A:15:4D:9B:3B:C1:B9:E6:BB:CC:5B:40:A1:CA:EF:90:0B:B8:BA:2E,2A:D9:DA:56:66:3B:13:C1:47:08:FF:5F:49:A5:ED:E3,0,0,Communications
3/25/2018 8:30,45.122.220.192,3389,,rdp,,56150,VN,HA NOI,HANOI,RDP,2048,win7-pro-x64,win7-pro-x64,12/13/2017 10:34,6/14/2018 10:34,B1:E9:96:4A:D0:40:77:69:AF:9D:FF:A6:52:05:2B:BB:89:AC:75:E2,199E8DBC40A10CBC486D144049CD89AD,2,sha1WithRSAEncryption,rsaEncryption,B8:03:16:B6:66:AB:5D:5E:93:F9:70:E2:DC:C4:09:C7:97:94:8A:17:66:1E:3F:90:57:15:02:68:CC:51:20:C0,45:97:0B:47:18:66:B4:82:BF:00:BA:E2:6D:E6:E9:22:6C:36:74:E4:DD:3F:E5:2A:B5:4F:38:1F:43:A4:A3:67:39:28:81:4C:7A:6F:FE:9B:60:8C:EA:85:7D:49:E1:AD:21:F2:1A:AC:68:67:EA:BE:DF:41:A0:76:7B:66:96:98,EF:9F:58:ED:CB:4C:02:06:38:5B:7D:E0:1C:0F:55:55,0,0,Communications
3/25/2018 8:30,115.73.181.94,3389,adsl.viettel.vn,rdp,,7552,VN,HO CHI MINH,THANH PHO HO CHI MINH,CredSSP_Enforced,2048,DESKTOP-R4E39PQ,DESKTOP-R4E39PQ,3/10/2018 9:49,9/9/2018 9:49,A4:14:87:C4:3E:BC:3F:82:7F:48:14:3E:43:B6:75:B6:BC:72:E3:CE,77AD9CBE530A279343FAB7249D7D153B,2,sha256WithRSAEncryption,rsaEncryption,06:B1:9E:B9:88:96:D2:DA:CC:09:75:3D:65:E3:59:7E:1C:C3:EB:EA:64:42:D8:04:DD:0C:B7:0F:7C:D6:D8:71,95:2D:2B:62:E7:3A:16:D5:C2:68:C4:5B:76:A7:01:06:70:50:3F:FB:AB:6F:DB:4C:4B:BF:3B:A9:D7:1C:35:C7:62:9F:9B:5D:45:CD:0C:E8:28:ED:3C:C6:BF:44:65:D3:CE:43:BA:8D:14:EC:78:9A:98:82:D0:98:9C:81:29:B1,68:39:78:2D:C2:37:01:90:46:9A:65:A8:92:21:96:3A,0,0,Communications
3/25/2018 8:30,118.99.13.213,3389,,rdp,,38186,VN,CAO BANG,THANG LOI,RDP,,,,,,,,,,,,,,0,0,Communications
3/25/2018 8:30,103.27.237.210,3389,,rdp,,131386,VN,QUANG NGAI,BINH THANH,RDP,2048,hkgh,hkgh,3/19/2018 9:52,9/18/2018 9:52,33:69:77:D4:77:5F:75:7B:7E:23:D8:62:C6:60:D0:BC:86:22:D2:A4,7353205627DE91BE49617A673975A35C,2,sha1WithRSAEncryption,rsaEncryption,C7:48:DC:DC:3A:36:4D:1E:A8:AB:87:10:94:E9:3A:6D:4C:75:31:39:58:C6:E2:C8:3F:BB:98:1E:43:F5:BA:27,83:9C:E7:D1:FB:12:CB:51:39:E7:5C:71:AD:69:7A:29:43:F2:3E:D4:F6:CD:98:44:B2:10:88:8A:C6:15:0B:79:FF:14:B7:51:AC:2F:25:A6:83:B1:80:54:DF:95:22:A7:79:26:0B:1B:DD:7B:46:87:4D:1E:E2:C9:CE:3F:87:8D,02:01:1C:65:AF:7A:9D:01:D5:18:87:6A:8E:0C:6E:3E,0,0,Communications
3/25/2018 8:30,125.234.133.8,3389,125.234.133.8.hcm.viettel.vn,rdp,,7552,VN,HO CHI MINH,THANH PHO HO CHI MINH,RDP,2048,PMS,PMS,12/4/2017 9:24,6/5/2018 9:24,8C:BE:A1:C1:96:AF:0E:31:64:73:BF:28:1C:E4:22:54:9A:94:10:AB,6252933E636541AF45C7FA1446B4640E,2,sha1WithRSAEncryption,rsaEncryption,83:07:AF:9C:A4:1C:8D:BF:91:C8:3B:83:6D:5D:9B:C0:D7:FB:6E:A2:29:27:C5:23:09:72:E1:80:ED:2A:7E:1A,AB:95:9F:4E:25:E4:1A:9A:87:E7:6A:52:43:95:05:BF:EC:8A:AF:CB:10:DB:29:86:D3:61:C3:F2:4C:F3:08:BF:E8:1B:F2:53:C1:88:86:4B:FC:7A:21:39:7F:41:89:FA:43:1D:EA:25:62:16:BD:F9:29:2B:E5:A3:05:69:AF:5A,28:02:B0:D4:3E:BD:2A:05:99:A8:56:01:56:3C:A2:D7,0,0,Communications
3/25/2018 8:30,14.226.41.8,3389,static.vnpt.vn,rdp,,45899,VN,HA NOI,HANOI,RDP,2048,EL9GHXGLTDTEW5P,EL9GHXGLTDTEW5P,2/13/2018 3:52,8/15/2018 3:52,15:C8:32:E5:6A:F3:4B:23:3C:1C:6F:8A:ED:D3:56:F7:2C:82:DF:36,5EBC5AF619087B854282228746C0B06E,2,sha1WithRSAEncryption,rsaEncryption,99:53:CF:6F:6C:63:A9:31:BE:13:2B:4D:62:45:A4:44:59:83:2F:B1:A7:A0:BA:57:D1:2A:83:5F:F0:81:A1:1F,FA:5C:CF:2B:61:4E:4D:FF:44:19:34:17:A3:5B:9C:08:3C:2E:17:34:12:F8:7B:7F:75:47:E4:0B:D8:5B:4B:52:4E:A5:A5:EF:8D:5A:52:7C:83:D3:46:C2:C7:AE:E2:48:53:66:7D:95:73:37:09:A3:95:6C:91:00:FF:07:3E:F8,0E:08:5F:62:90:F8:0E:14:C0:BC:86:44:C6:FD:35:C0,0,0,Communications
3/25/2018 8:30,171.245.217.91,3389,,rdp,,7552,VN,AN GIANG,LONG AN,RDP,2048,NET27.NET27,NET27.NET27,3/13/2018 0:50,9/12/2018 0:50,11:BD:85:37:0E:34:9A:D5:25:BD:BE:68:83:20:DF:B0:AE:9C:D6:5E,4CD600229B1923A1480BA3E50D52819C,2,sha1WithRSAEncryption,rsaEncryption,4F:A2:47:DB:B4:5A:14:FB:B7:36:5F:31:6D:00:41:69:81:88:B8:D9:57:C3:D6:7A:6C:FF:61:5F:B0:52:7B:9C,A5:BD:3D:34:49:3E:26:98:26:80:67:44:2A:DF:F8:10:F1:2C:F1:71:E8:B0:C5:3B:99:AE:68:18:C4:98:E6:F1:44:98:93:F7:43:FC:10:BC:44:6C:8E:DC:AF:06:51:1F:C6:4B:60:54:C8:81:37:91:F4:81:8D:2D:A3:4C:A9:1C,22:6C:1C:C5:EC:6A:12:D9:C6:76:D5:18:00:6E:55:38,0,0,Communications
3/25/2018 8:30,113.161.25.234,3389,static.vnpt.vn,rdp,,45899,VN,GIA LAI,PLEIKU,RDP,2048,SERVER04,SERVER04,3/13/2018 8:27,9/12/2018 8:27,B1:56:3C:FB:7D:21:17:DC:6D:F5:3D:BE:C7:A9:FC:95:08:33:6A:35,45E6D5F018C4A5894CD1FADDF852952D,2,sha256WithRSAEncryption,rsaEncryption,83:DE:EC:68:40:A0:A6:80:00:EA:1A:6F:20:B9:A0:52:A7:FD:03:F5:F2:84:5A:00:3A:50:22:70:B1:DA:28:CA,2B:F4:F5:64:88:E8:E8:A3:95:33:9F:D1:CF:FB:C4:A8:EC:6D:E2:0A:41:54:54:6A:C5:9B:C5:EE:BF:D0:66:C7:96:7E:05:A5:5E:66:0B:A5:DA:58:E6:22:0A:27:D3:0F:17:83:84:78:B7:EC:65:B8:6A:B9:74:AD:7B:CB:17:91,C0:D6:F4:F6:E6:E0:B0:9E:47:EB:8B:CC:67:DF:55:27,0,0,Communications
3/25/2018 8:30,14.171.163.53,3389,static.vnpt.vn,rdp,,45899,VN,HA NOI,HANOI,CredSSP_Enforced,2048,CBS_01801301600,CBS_01801301600,1/29/2018 9:03,7/31/2018 9:03,24:EF:CD:76:C3:E0:1A:D1:8B:89:8B:CA:47:A6:2C:31:19:05:EC:02,7A539B367D37B9BD471DCE4C10735B39,2,sha1WithRSAEncryption,rsaEncryption,8F:19:85:12:9C:0C:3A:FE:B7:F4:63:F4:DF:DA:25:31:BF:CB:B2:D8:86:0B:38:20:32:A7:BC:4D:D4:B0:D9:FB,B9:46:73:59:4B:4F:25:93:CE:BC:92:14:D2:D5:F5:99:04:74:48:E8:D0:C5:3A:69:4F:DF:E4:D2:74:A9:03:CC:D1:7D:C7:9F:52:45:22:FA:59:A9:B9:99:23:3D:0D:1E:D6:DA:C3:65:FF:C7:D3:4E:00:32:72:05:E0:77:08:25,31:AD:F1:8E:E7:C6:4D:58:73:A1:84:61:43:90:86:1F,0,0,Communications
3/25/2018 8:30,103.89.88.158,3389,,rdp,,135905,VN,HA NOI,HANOI,CredSSP_Enforced,2048,WIN-OTUOK3LQL52,WIN-OTUOK3LQL52,10/30/2017 1:47,5/1/2018 1:47,46:50:34:BE:94:9F:87:8C:74:CC:41:19:04:A2:43:C2:4B:91:A3:EF,143579E45DFF7B924752400F79296F7C,2,sha1WithRSAEncryption,rsaEncryption,F6:56:33:10:8B:5B:0E:15:A9:37:49:24:3B:43:88:3D:44:50:C3:DC:CA:1F:E5:56:EC:CD:4F:18:BB:92:8A:F1,49:FE:D6:D8:3D:06:66:57:8E:B5:92:81:C6:A2:F2:57:6E:C5:7F:4C:F5:7D:0A:F0:E5:2B:63:27:58:8F:5A:4B:EE:63:7F:58:82:38:16:CE:74:43:B0:02:02:42:E1:A3:94:2D:4F:C2:40:4A:6A:8D:71:9A:D4:D3:D7:83:08:BC,B3:39:E0:E8:2E:A6:C2:C0:69:DD:C3:0B:B7:AB:91:42,0,0,Communications
3/25/2018 8:30,103.92.25.103,3389,,rdp,,135915,VN,HO CHI MINH,THANH PHO HO CHI MINH,RDP,2048,TLINKVN-25103,TLINKVN-25103,3/24/2018 7:51,9/23/2018 7:51,AC:23:83:A4:FD:54:D8:C7:85:24:EE:A6:1A:9B:E5:70:70:F6:57:09,1F48352F9DA569A34B47EF7A8649EAD5,2,sha1WithRSAEncryption,rsaEncryption,15:D0:F9:26:32:28:2A:37:EA:A8:FA:1E:FB:90:D2:2B:FC:C5:EC:46:71:8C:DC:76:58:7D:9C:E8:5C:8B:06:F5,E5:BB:1C:EE:B8:A4:00:38:8C:A8:55:09:CF:FB:6F:F0:F1:57:32:45:4F:0B:DE:C8:63:5B:14:74:A0:8A:C6:91:53:EE:3A:3A:49:59:EC:B6:45:74:87:E2:74:63:82:94:58:A5:29:DD:CF:5F:81:62:87:BD:FF:E7:92:5F:D3:9C,EF:29:9B:F4:65:01:E4:23:F3:4D:91:3F:C6:FD:B3:6A,0,0,Communications
3/25/2018 8:30,118.69.68.245,3389,,rdp,,18403,VN,HA NOI,HANOI,RDP,2048,AMRSERVER,AMRSERVER,11/27/2017 23:04,5/29/2018 23:04,B8:6C:B5:12:BC:A7:B8:D3:5E:F7:40:DD:93:86:20:39:31:BE:1C:FC,16C10DBC184467AA4A99E6F9759A2EBE,2,sha1WithRSAEncryption,rsaEncryption,D2:AC:C4:77:B3:C0:12:0A:C5:BF:26:4A:5C:62:D0:D4:1E:F3:DD:47:7C:5B:42:B5:04:82:E3:3A:EB:4F:E8:67,18:EB:D3:55:A9:CA:E5:52:61:50:A6:00:4B:DD:6B:AB:CB:E1:D1:5B:F1:EB:91:33:BC:84:C8:7F:16:41:47:9F:BF:BE:0E:53:61:ED:18:9C:B6:D8:25:84:98:A2:21:2A:AB:C8:72:84:D1:79:53:A9:04:AE:76:FB:B4:C0:B5:06,61:00:DC:1E:F9:B6:D3:D0:57:CF:72:BE:44:7C:97:ED,518111,737401,Communications
3/25/2018 8:30,45.122.253.207,3389,static.cmcti.vn,rdp,,45903,VN,HAI PHONG,HAI PHONG,CredSSP_Enforced,2048,WIN-4E7VS7NQ9U3,WIN-4E7VS7NQ9U3,3/5/2018 4:59,9/4/2018 4:59,E6:C7:CD:BC:D6:01:98:01:B7:F5:41:A9:35:CC:6D:47:71:92:6A:A8,155B426427600AA7452CA9A11C34F2DC,2,sha1WithRSAEncryption,rsaEncryption,26:B9:29:EC:DA:A5:CF:18:C7:03:AE:C5:EF:9D:E8:8E:99:E1:57:75:3A:60:27:70:5C:E9:FE:74:7F:A8:07:CA,B8:6B:CE:F9:73:92:65:FC:12:67:D1:AB:79:CA:38:BD:F5:04:CD:2B:AC:EA:52:C3:D9:95:A5:D3:51:74:D8:2E:34:7B:95:E3:20:AD:C4:02:42:B8:7B:29:CE:2E:5D:19:94:36:94:26:3C:69:7F:5C:3F:20:38:E6:D4:28:7D:99,1F:11:8D:E0:D8:CA:FC:4D:AC:EC:CD:57:59:81:96:BE,0,0,Communications
3/25/2018 8:30,167.114.83.16,3389,,rdp,,16276,VN,HA NOI,HANOI,RDP,2048,WIN-BHRTE19B8IK,WIN-BHRTE19B8IK,11/23/2017 8:23,5/25/2018 8:23,C7:60:8D:F1:6A:2D:F1:81:96:2F:18:13:55:29:44:9D:85:FA:8C:0A,135488706D5971B44EB2F508230D3EFD,2,sha1WithRSAEncryption,rsaEncryption,C0:2B:51:9F:28:3D:5C:28:95:FE:1D:A8:CF:E5:5E:AE:19:59:EA:69:81:FC:1C:12:F5:07:2B:7B:5D:85:D8:61,3C:CA:89:96:D3:A6:15:31:66:82:22:CE:BB:71:EA:26:EF:54:4E:25:52:BA:DF:22:F4:34:44:DD:3E:B7:F7:EE:CE:FE:F9:30:C5:4F:CC:83:F1:3E:3E:6F:8D:54:26:4A:0D:41:AF:DD:9F:F0:4A:C0:D8:EF:77:69:06:B7:F8:B9,39:ED:24:8F:2B:D0:CC:90:28:D8:0F:78:DE:56:79:D6,518210,737401,Other
3/25/2018 8:30,123.18.237.75,3389,,rdp,,45899,VN,HAI PHONG,HAI PHONG,RDP,2048,15-258DN,15-258DN,3/14/2018 16:59,9/13/2018 16:59,2B:C3:E1:2F:CD:EF:D9:8C:A1:6C:9E:CC:37:7F:E8:05:C8:BD:FB:E9,14D1809F638E3B864B615CA2B9DB9FB3,2,sha1WithRSAEncryption,rsaEncryption,79:28:38:B3:6E:11:10:82:20:CD:5B:5A:ED:B1:C4:72:EF:7B:87:89:5A:07:0F:A9:72:71:86:6A:88:DC:78:55,B0:FF:20:C4:C2:DD:67:CE:96:9A:30:11:C0:DC:DE:7D:07:D6:48:05:8A:ED:A1:BD:B1:43:FA:5B:97:4B:F1:7E:CF:B1:FB:34:B2:0E:B0:5C:46:88:FD:2C:9E:9D:DB:72:00:B3:A9:70:2D:DF:4F:EE:20:B9:D7:AD:03:B7:5E:5C,C1:AA:E7:7E:07:F7:A8:56:29:1E:70:44:61:FD:CE:5B,0,0,Communications
3/25/2018 8:30,113.161.92.87,3389,static.vnpt.vn,rdp,,45899,VN,HO CHI MINH,THANH PHO HO CHI MINH,CredSSP_Enforced,2048,VPC-DC-02.VIPHA.CO,VPC-DC-02.VIPHA.CO,1/14/2018 1:50,7/16/2018 1:50,C9:ED:29:EB:39:41:60:25:5D:D0:8C:A4:FF:18:25:43:34:D4:29:CB,652BD46BB3E021A7438DD20C65D9DDDA,2,sha256WithRSAEncryption,rsaEncryption,12:35:4F:C5:D1:9D:FC:01:57:B2:B2:00:16:84:75:3E:F7:2A:93:88:D6:2E:7F:57:0B:E2:6C:8D:03:AF:9F:34,CB:86:50:7B:88:B1:B9:F5:E3:A2:86:A5:E9:C1:7F:7B:6B:16:C6:D1:E9:06:DE:60:F1:07:C4:A3:97:8E:D8:5C:0A:71:A3:BD:05:EA:A7:12:BC:C9:EA:41:85:6F:0D:52:F0:CD:E9:EB:A9:2D:48:57:F0:E4:24:4D:45:85:A8:D3,4A:82:E6:7E:3C:45:12:73:88:45:A8:9E:E0:77:8F:18,0,0,Communications
3/25/2018 8:30,117.6.86.170,3389,,rdp,,7552,VN,HO CHI MINH,THANH PHO HO CHI MINH,RDP,2048,HGG-GPLX,HGG-GPLX,11/7/2017 8:53,5/9/2018 8:53,86:73:E8:44:FC:B3:A0:94:CB:C7:74:7C:E5:F2:7E:EF:1A:41:EC:59,1A687D2E79C5B59A4891090D959E5A16,2,sha1WithRSAEncryption,rsaEncryption,96:2F:CE:15:23:3E:FF:C3:04:4D:D2:68:3F:4F:D9:72:6D:9D:A1:A1:45:EF:5E:B9:8F:F1:8F:33:5D:44:F7:1D,AF:73:59:D6:E0:77:D3:B8:80:52:9B:25:F5:A2:12:24:86:AB:BC:12:9C:CA:78:98:2F:2F:78:84:7F:70:77:27:D4:C7:EE:7E:7A:36:1B:9D:E9:14:40:33:FD:D2:6A:C2:DD:70:CD:85:0B:92:8B:72:3D:72:26:95:7B:DB:5B:17,60:BA:BD:2F:ED:54:7C:6F:94:6F:DA:FC:19:C8:55:31,0,0,Communications
3/25/2018 8:30,103.89.88.183,3389,,rdp,,135905,VN,HA NOI,HANOI,CredSSP_Enforced,2048,WIN-67FNMQRVGI3,WIN-67FNMQRVGI3,3/6/2018 10:04,9/5/2018 10:04,9E:D5:E9:D7:09:F8:94:04:D2:36:9E:59:86:85:B7:5B:EE:E0:4B:BC,2B2C5F9FC7E93F9C46CBEC65C991A0C1,2,sha1WithRSAEncryption,rsaEncryption,3D:59:12:7C:1A:AF:7B:51:35:8D:AA:47:19:49:E8:25:0F:22:A9:E4:54:C5:B5:5C:33:6F:F2:41:DD:16:34:99,65:73:EB:FA:C7:DC:B5:14:E6:B0:24:80:8F:63:4D:15:7E:C2:35:02:0B:51:0C:B2:CA:95:DA:38:D1:D1:09:AC:71:EE:82:A1:A0:04:CA:DC:F4:04:F2:31:E4:81:0A:D9:9F:0D:EE:88:5D:AD:C7:C0:69:70:76:1D:1A:84:39:01,DF:44:BC:FB:02:5E:BC:E1:E8:E3:33:E0:DE:DF:6B:F6,0,0,Communications
3/25/2018 8:30,14.169.104.231,3389,static.vnpt.vn,rdp,,45899,VN,HO CHI MINH,THANH PHO HO CHI MINH,RDP_negotiation_ignored,,,,,,,,,,,,,,0,0,Communications
3/25/2018 8:30,103.90.228.90,3389,,rdp,,63731,VN,HO CHI MINH,THANH PHO HO CHI MINH,CredSSP_Enforced,2048,WIN-DGHG0743B4U,WIN-DGHG0743B4U,3/13/2018 16:25,9/12/2018 16:25,04:88:C0:FE:AE:25:7C:7B:C8:38:B6:11:8A:28:A7:65:48:A4:9A:23,6FA94D5D9C87F685470E11E65F0ED369,2,sha256WithRSAEncryption,rsaEncryption,79:BB:5A:18:44:8B:6E:5C:8E:C2:51:E3:EC:54:39:F7:C1:EE:A3:C2:CF:A5:79:EB:95:E1:8B:F4:F7:63:0E:C6,30:DE:E7:AD:22:91:3B:29:55:3F:BD:3F:35:9E:13:ED:20:96:61:22:29:B9:BA:3D:81:A1:D1:08:61:C8:FA:4E:B3:9B:6B:0A:75:BA:22:10:5B:E3:0B:36:5A:4B:5A:AE:DC:87:73:FA:B6:07:9E:24:E2:DC:31:13:E9:91:80:8F,15:BB:AE:D5:E1:0B:5F:3B:AC:83:0F:73:54:7D:F7:80,0,0,Communications
3/25/2018 8:30,14.175.99.228,3389,static.vnpt.vn,rdp,,45899,VN,HA NOI,HANOI,RDP,2048,TQ0M8GOH22PI4HO,TQ0M8GOH22PI4HO,12/12/2017 5:16,6/13/2018 5:16,CC:86:D9:5D:BE:27:1A:A2:CC:19:1C:C1:7C:6D:26:D9:E9:67:69:12,1DA2CE4BBF6FAFA44556D03C82BEE13A,2,sha1WithRSAEncryption,rsaEncryption,D0:CB:0C:DE:58:DB:4C:08:C0:93:A7:8E:B9:C3:52:25:A3:82:08:CA:E4:18:65:65:3A:2A:B5:54:A2:69:01:FF,22:04:A5:08:3B:04:F1:18:CF:E6:57:D9:68:D1:D0:EA:A2:2A:6D:5F:9A:20:72:48:91:F8:21:9D:40:34:79:68:C6:51:D1:BD:92:71:6D:E3:76:DD:0F:BE:25:CD:A9:DE:46:50:DB:7E:E8:02:F7:95:B8:5C:7F:9F:1A:AA:E9:18,2A:92:3E:DC:29:80:D9:E7:46:A0:57:BF:B6:11:08:A7,0,0,Communications
3/25/2018 8:30,171.244.10.94,3389,,rdp,,38731,VN,HA NOI,HANOI,RDP,2048,admin,admin,3/18/2018 8:29,9/17/2018 8:29,06:BE:76:17:47:36:E8:3C:FD:61:04:F1:3D:7A:E7:A5:8D:13:94:C8,43D3D7ECFF50D8A4499B951A0B21398B,2,sha256WithRSAEncryption,rsaEncryption,23:73:D5:72:02:18:53:65:0F:C6:E8:70:2D:33:7A:85:DC:4C:A0:09:34:48:1B:23:81:87:26:AA:9F:FA:23:45,F7:5C:0C:62:35:00:1C:92:FE:93:88:67:14:E7:DA:75:C7:F0:E4:30:B3:75:7D:FC:65:F0:FF:4B:1C:9E:01:23:D9:A4:40:F8:D7:30:8A:87:11:85:A5:D6:1D:DD:90:59:B9:99:E9:B4:D1:DF:96:5C:25:61:73:31:B0:70:12:A8,F7:45:0A:0E:E1:EC:B6:1F:2C:E4:D6:BE:7E:3F:1A:EE,0,0,Communications
3/25/2018 8:30,103.95.197.105,3389,,rdp,,135918,VN,DA NANG,DA NANG,CredSSP_Enforced,2048,WIN-TNROIELC394,WIN-TNROIELC394,12/16/2017 22:43,6/17/2018 22:43,66:F9:0A:4F:9C:C3:4B:19:CE:AE:03:37:7A:BD:61:A0:48:68:6C:3A,71A00AFDD83C1BAD461E820C912AFF3F,2,sha1WithRSAEncryption,rsaEncryption,A2:1F:83:D3:A2:39:FE:3D:85:10:21:14:54:52:85:38:FE:C0:44:25:94:61:E9:32:8C:EE:E8:F6:CF:CB:47:0A,46:52:DB:8F:0B:71:81:28:AD:EB:DE:FC:4A:4E:79:06:B6:22:7B:A8:EC:EB:85:61:26:79:CF:9E:A3:62:2E:3A:15:EA:A5:25:E9:72:57:4D:5C:E1:61:8C:1C:53:E5:01:14:80:CB:7F:F8:C6:14:8D:89:FD:42:F8:64:A6:26:96,E5:7A:24:56:8B:37:80:A0:56:50:02:05:25:A6:36:E9,0,0,Communications
3/25/2018 8:30,103.90.228.19,3389,,rdp,,63731,VN,HO CHI MINH,THANH PHO HO CHI MINH,RDP,2048,WIN-1P5QE87A34T,WIN-1P5QE87A34T,11/27/2017 23:18,5/29/2018 23:18,41:57:A7:52:92:8F:48:91:91:9E:BB:01:34:45:50:A9:C2:4A:CC:9A,415B2E04AC00419A492E84DD60D36EB9,2,sha1WithRSAEncryption,rsaEncryption,A8:4B:C6:62:6A:36:A9:74:F3:1D:4B:1E:C5:FE:0A:D9:EE:E0:FD:E4:8C:6F:59:F4:AC:84:56:01:24:DB:DE:08,F4:DA:D5:AB:C4:7D:C3:35:28:3F:BD:3B:FE:35:1A:66:11:1A:42:A1:48:6A:06:BA:10:F9:46:45:A1:52:4D:BA:11:77:E2:ED:9F:1A:7F:D8:56:62:5A:75:09:8D:60:68:24:25:9D:A3:A7:1F:F3:C5:20:70:92:0F:68:5A:28:AD,DC:2F:98:21:80:82:15:0B:60:37:5A:47:B1:ED:04:29,0,0,Communications
3/25/2018 8:30,103.99.2.210,3389,,rdp,,135905,VN,HA NOI,HANOI,CredSSP_Enforced,2048,WIN-67FNMQRVGI3,WIN-67FNMQRVGI3,3/9/2018 13:14,9/8/2018 13:14,B0:C2:50:D2:4B:E0:B8:4E:8B:CC:3C:06:89:A7:5F:2B:9D:27:B4:F3,43D6C3A3100D20A843F66EC56EDE41DF,2,sha1WithRSAEncryption,rsaEncryption,5F:BA:3E:A1:FF:FF:80:34:C2:FF:57:2C:05:04:9B:16:2E:D9:90:BC:C6:AB:F7:4C:76:D9:D8:49:4D:26:F0:27,E8:B8:B4:FC:FC:17:21:17:1D:77:FD:DA:BA:3F:A3:A1:E5:39:43:43:0B:06:26:0C:A3:FC:01:3D:E5:BB:27:08:89:FF:D9:20:CF:AA:75:B3:72:79:24:6D:33:E3:8F:2F:1B:78:2F:54:DA:06:3E:E9:59:24:18:CB:C4:05:B6:F6,96:38:C9:39:5E:07:5F:84:50:AB:AE:84:6B:D7:11:E3,0,0,Communications
3/25/2018 8:30,14.169.75.40,3389,static.vnpt.vn,rdp,,45899,VN,HO CHI MINH,THANH PHO HO CHI MINH,RDP,2048,V14SERVER,V14SERVER,3/23/2018 5:43,9/22/2018 5:43,77:D5:5D:CC:F9:C4:58:4C:AB:6F:10:CC:BF:0B:D2:D5:E2:42:89:9C,1637A74A856DD0924D2F8B39327511B4,2,sha1WithRSAEncryption,rsaEncryption,AF:93:AE:64:5A:5C:D1:2C:41:F0:94:C3:6C:51:E5:88:4F:47:2A:3D:04:9F:9E:65:D9:F4:F2:D7:C4:2E:17:8E,93:43:58:DE:0F:44:1A:1F:24:1D:5A:10:98:91:13:64:43:7D:D8:96:50:8B:3F:34:D6:82:A4:17:1A:93:E5:E9:C7:AA:3A:81:06:45:9E:3C:BC:B4:B0:BA:8D:89:57:49:1C:60:59:64:DC:0D:8D:A9:39:47:18:F8:7F:A0:09:20,27:6E:82:86:2C:A5:0A:E3:3B:CB:93:54:75:DE:FA:7A,0,0,Communications
3/25/2018 8:30,171.244.32.204,3389,,rdp,,38731,VN,HA NOI,HANOI,CredSSP_Enforced,2048,WIN-66QCHR5T396,WIN-66QCHR5T396,3/3/2018 6:28,9/2/2018 6:28,CC:30:3C:81:C7:BD:2E:95:35:F4:66:C2:B9:53:D3:A3:A6:58:31:13,6CD4760D8EC619944B9AEFED77D9CE68,2,sha1WithRSAEncryption,rsaEncryption,0E:3F:74:76:7A:E4:1E:C5:B7:2A:B7:A2:81:79:01:52:61:39:AC:1A:37:A7:DA:9E:BF:6F:6B:73:AD:41:6C:32,2E:64:99:D9:80:5A:E1:D0:F8:73:D0:25:31:C0:03:FE:CA:F7:E0:72:64:02:68:8D:CA:54:22:FF:12:C9:AC:5F:AF:A7:CA:96:EE:0D:33:F3:E8:0A:FD:52:1A:1D:FB:8F:8D:65:E6:64:97:67:57:34:DD:58:B9:C2:D0:DE:D4:D8,3F:7A:BC:A3:12:C3:EF:01:C7:08:BB:04:E7:83:4C:D3,0,0,Communications
3/25/2018 8:30,101.99.15.109,3389,static.cmcti.vn,rdp,,45903,VN,HA NOI,HANOI,RDP,2048,ISSUEV3-UAT.pgbank.com.vn,ISSUEV3-UAT.pgbank.com.vn,1/10/2018 16:50,7/12/2018 16:50,00:DA:E2:EB:7B:D5:C8:7C:EC:58:AB:A4:46:5A:38:BC:EF:10:19:E7,727D4F8BC4C5A6A2423075922168368A,2,sha1WithRSAEncryption,rsaEncryption,BE:99:58:95:AC:99:69:C1:E1:29:BA:7F:D8:DE:F9:A6:6B:C9:C5:F8:BA:97:2A:1D:E8:78:93:FF:5E:49:5A:28,B2:53:04:D1:41:CD:04:09:F9:9E:30:1E:D4:30:EB:B5:5E:E7:FC:09:3B:B3:5E:3D:27:CD:8C:41:84:E3:1E:B1:D6:D3:E2:88:7E:D9:89:7B:5E:F7:94:F0:FC:A6:4B:74:E5:FF:72:4D:DD:AE:A0:BA:EA:80:0B:AB:C6:1B:8B:AC,14:86:7D:70:95:5F:71:23:8C:C7:55:B2:76:7D:5A:C7,0,0,Communications
3/25/2018 8:30,103.90.226.73,3389,,rdp,,135905,VN,HO CHI MINH,THANH PHO HO CHI MINH,RDP,2048,WIN-78EKCMOKKK0,WIN-78EKCMOKKK0,1/13/2018 3:42,7/15/2018 3:42,7F:63:E5:ED:C0:D0:BC:99:B7:FA:FC:4C:21:50:5B:A7:BB:40:3C:5C,4954B80DB945F19540514A44318E4A95,2,sha1WithRSAEncryption,rsaEncryption,C4:F2:7B:BD:C1:40:1D:7A:C6:0B:E1:4C:27:10:53:B1:9D:55:C8:CC:E9:74:ED:AE:06:80:7A:5E:E3:E5:04:22,B2:34:18:B1:0F:63:B9:CD:96:62:CA:A4:8A:FC:1D:E0:B3:51:3E:74:97:B0:B4:1B:52:E0:F2:39:AE:04:71:F1:F7:74:3D:0B:A2:07:65:12:4A:6F:A3:98:19:58:56:4C:E6:92:9B:73:3F:1A:8D:82:27:62:90:15:6B:A0:5F:9B,95:03:DA:4F:CB:B6:CA:52:3D:7A:1B:54:49:AE:E8:64,0,0,Communications
3/25/2018 8:30,45.117.77.60,3389,45-117-77-60.bizmac.vn,rdp,,131428,VN,HO CHI MINH,THANH PHO HO CHI MINH,RDP,2048,VN-7760,VN-7760,1/22/2018 6:00,7/24/2018 6:00,1C:2C:90:87:1F:9C:D3:1B:1D:21:66:C0:E8:DF:93:1F:C4:56:78:62,325F1FF66E57A18A4A9F145FDC17CAB6,2,sha1WithRSAEncryption,rsaEncryption,75:5C:26:33:14:33:38:71:66:F0:B4:F3:B7:F3:65:71:2A:04:03:E5:55:36:17:FD:23:07:03:04:0A:06:68:09,1E:45:F5:0F:D3:8C:60:4F:E6:FF:53:23:74:69:B5:59:62:42:00:2E:A3:F0:11:91:41:86:61:D6:9A:28:AC:F1:83:1C:B9:13:0F:33:62:0D:DD:B2:A4:DE:C9:1C:0A:7F:90:63:4E:BC:D9:70:34:FE:78:18:9C:5E:F0:17:63:7E,E5:4F:BD:A6:03:AF:6C:BA:C8:0C:32:FD:48:15:2A:E4,0,0,Communications
3/25/2018 8:30,103.79.142.104,3389,,rdp,,135905,VN,HA NOI,HANOI,RDP,2048,WIN-FCE89M0IIPO,WIN-FCE89M0IIPO,11/16/2017 22:00,5/18/2018 22:00,21:28:A2:4A:2C:EF:13:23:1E:3E:CF:5E:E5:78:C0:A1:AC:EF:FB:93,6B2F73E09DF215B647C53CF0922FE7CE,2,sha1WithRSAEncryption,rsaEncryption,50:B7:77:AA:F6:B3:80:30:B0:37:6A:75:9A:91:1F:AB:B0:EF:F8:8A:34:3B:E5:E9:E5:53:3C:C8:42:A8:99:32,68:06:02:92:79:38:0B:29:77:D8:28:AF:20:C0:C8:54:06:AC:C5:76:FB:F3:88:EF:F3:9D:FC:B6:4B:BF:64:24:88:55:31:F1:77:22:EA:00:7A:89:C0:5B:36:09:B9:FC:C8:46:BD:1C:1F:80:A8:73:E4:D1:40:C0:7E:4D:5A:EE,09:FC:C6:93:7B:4E:BD:42:5B:B3:69:D6:30:3C:C2:7E,0,0,Communications
3/25/2018 8:30,125.253.113.4,3389,,rdp,,45538,VN,BA RIA-VUNG TAU,VUNG TAU,RDP,2048,SRV2012_02,SRV2012_02,11/4/2017 4:14,5/6/2018 4:14,F6:2B:91:FF:19:7A:D5:DA:61:3C:C5:02:5D:61:97:AD:A5:F3:C0:47,2599346162906EA94EDAA376BA65E6CC,2,sha1WithRSAEncryption,rsaEncryption,95:17:C0:5B:08:00:E1:03:8E:16:F5:44:18:0E:71:FE:44:A4:AB:74:F5:61:A5:91:84:97:FB:56:0E:74:71:66,2D:94:3E:21:B6:0E:23:09:07:1E:8F:0D:DE:09:23:98:8D:A6:4B:4F:6F:5D:B7:17:AC:E7:17:3C:E6:91:0A:54:8E:35:A3:CA:92:D7:BE:9B:04:76:DE:C3:89:56:79:27:D4:AF:6D:C9:21:E3:19:BE:38:24:46:F2:D7:73:55:34,C4:5A:3D:03:9B:C1:7A:27:41:EC:5A:D6:7D:89:B5:63,0,0,Communications
3/25/2018 8:30,125.234.251.138,3389,125.234.251.138.hcm.viettel.vn,rdp,,7552,VN,HO CHI MINH,THANH PHO HO CHI MINH,RDP,,,,,,,,,,,,,,0,0,Communications
