timestamp,ip,protocol,port,hostname,tag,version,asn,geo,region,city,naics,sic,pid,pointer_size,uptime,time,curr_connections,total_connections,sector
3/24/2018 7:15,115.146.121.232,tcp,11211,,memcached,1.4.4,38732,VN,HA NOI,HANOI,0,0,3113,64,2393616,15:37.0,13,14205485,Communications
3/24/2018 7:15,103.27.61.88,tcp,11211,,memcached,1.4.4,56150,VN,VINH LONG,TAN BINH,0,0,575,64,20031988,15:38.0,10,6543,Communications
3/24/2018 7:15,103.75.177.110,tcp,11211,,memcached,1.5.6,63762,VN,HO CHI MINH,THANH PHO HO CHI MINH,0,0,10894,64,14480,00:00.0,284,31585,Communications
3/24/2018 7:15,115.84.179.105,tcp,11211,,memcached,1.4.17,38731,VN,HA NOI,HANOI,0,0,25043,64,1832314,15:45.0,10,116,Communications
3/24/2018 7:15,103.75.177.116,tcp,11211,,memcached,1.5.6,63762,VN,HO CHI MINH,THANH PHO HO CHI MINH,0,0,10894,64,14480,00:00.0,284,31586,Communications
3/24/2018 7:15,45.125.236.171,tcp,11211,static.ftech.vn,memcached,1.4.4,45538,VN,HA NOI,HANOI,0,0,4472,64,10732893,15:38.0,10,1872069,Communications
3/24/2018 7:15,45.117.162.137,tcp,11211,,memcached,1.4.15,38731,VN,HA NOI,HANOI,0,0,881,64,27761872,13:36.0,10,605,Communications
3/24/2018 7:15,103.75.177.118,tcp,11211,,memcached,1.5.6,63762,VN,HO CHI MINH,THANH PHO HO CHI MINH,0,0,10894,64,14482,00:00.0,286,31589,Communications
3/24/2018 7:15,103.92.25.157,tcp,11211,,memcached,1.5.1,135915,VN,HO CHI MINH,THANH PHO HO CHI MINH,0,0,973,64,102225,00:00.0,10,12,Communications
3/24/2018 7:15,45.119.83.49,tcp,11211,,memcached,1.4.4,131386,VN,HA NOI,HANOI,0,0,1677,64,967119,15:13.0,10,39,Communications
3/24/2018 7:15,146.196.65.13,tcp,11211,,memcached,1.4.15,45899,VN,HO CHI MINH,THANH PHO HO CHI MINH,0,0,1414,64,433047,15:34.0,10,3071,Information Technology
3/24/2018 7:15,103.54.250.195,tcp,11211,,memcached,1.4.4,7643,VN,HO CHI MINH,THANH PHO HO CHI MINH,0,0,1644,64,6140229,58:45.0,10,6399,Communications
3/24/2018 7:15,103.74.118.114,tcp,11211,,memcached,1.4.4,63759,VN,HA NOI,HANOI,0,0,1359,64,3987729,21:00.0,19,1287510,Communications
3/24/2018 7:15,150.95.105.182,tcp,11211,v150-95-105-182.a007.g.han1.static.cnode.io,memcached,1.4.15,131392,VN,HA NOI,HANOI,0,0,827,64,1033030,15:40.0,10,6108,Communications
3/24/2018 7:15,42.112.30.106,tcp,11211,,memcached,1.4.4,18403,VN,HA NOI,HANOI,518111,737401,1368,64,3942216,08:19.0,16,10860,Communications
3/24/2018 7:15,210.211.119.243,tcp,11211,,memcached,1.4.39,38731,VN,HO CHI MINH,THANH PHO HO CHI MINH,0,0,4039,64,949236,00:00.0,9,171,Communications
3/24/2018 7:16,45.252.249.123,tcp,11211,,memcached,1.4.4,63760,VN,HO CHI MINH,THANH PHO HO CHI MINH,0,0,1107,64,24405540,51:38.0,16,1759,Communications
3/24/2018 7:16,124.158.10.62,tcp,11211,mail.thienhaisoft.com,memcached,1.4.17,38733,VN,HA NOI,HANOI,0,0,2744,64,12976237,16:33.0,14,25194,Communications
3/24/2018 7:16,118.69.203.148,tcp,11211,,memcached,1.4.37,18403,VN,HA NOI,HANOI,518111,737401,60448,64,258434,00:00.0,14,18,Communications
3/24/2018 7:16,203.162.166.162,tcp,11211,,memcached,1.4.4,45899,VN,HA NOI,HANOI,0,0,8597,64,7936776,16:36.0,10,356,Communications
3/24/2018 7:16,103.75.177.70,tcp,11211,,memcached,1.5.6,63762,VN,HO CHI MINH,THANH PHO HO CHI MINH,0,0,10894,64,14539,00:00.0,187,31903,Communications
3/24/2018 7:16,202.92.5.96,tcp,11211,,memcached,1.4.4,45899,VN,HA NOI,HANOI,0,0,1628,64,8965419,16:45.0,10,12763,Communications
3/24/2018 7:16,203.162.76.145,tcp,11211,ci76-145.netnam.vn,memcached,1.4.4,45899,VN,HA NOI,HANOI,0,0,7168,64,2041081,16:46.0,10,213,Communications
3/24/2018 7:16,103.199.16.165,tcp,11211,,memcached,1.4.4,63734,VN,HA NOI,HANOI,0,0,1479,64,6318920,17:02.0,10,6302,Communications
3/24/2018 7:16,45.125.236.87,tcp,11211,static.ftech.vn,memcached,1.4.4,45538,VN,HA NOI,HANOI,0,0,4472,64,10732962,16:47.0,10,1872098,Communications
3/24/2018 7:16,210.245.90.179,tcp,11211,mail.btgroup.com.vn,memcached,1.4.17,18403,VN,HA NOI,HANOI,518111,737401,1937,64,278849,15:18.0,10,21,Communications
3/24/2018 7:16,117.4.90.220,tcp,11211,localhost,memcached,1.4.13,7552,VN,HAI PHONG,HAI PHONG,0,0,1252,64,283751,16:47.0,11,11216,Communications
3/24/2018 7:16,42.112.30.92,tcp,11211,,memcached,1.4.4,18403,VN,HA NOI,HANOI,518111,737401,1480,64,10151813,09:29.0,10,274,Communications
3/24/2018 7:16,180.148.6.138,tcp,11211,mail.wse-vn.site,memcached,1.4.17,45557,VN,BINH DUONG,THU DAU MOT,0,0,2856,64,3305401,59:57.0,10,147,Communications
3/24/2018 7:16,118.69.81.242,tcp,11211,,memcached,1.4.24,18403,VN,DONG NAI,BIEN HOA,518111,737401,23712,64,13646001,16:00.0,4,339023,Communications
3/24/2018 7:16,125.212.233.187,tcp,11211,,memcached,1.4.4,7552,VN,HA NOI,HANOI,0,0,1632,64,25138169,16:51.0,10,98641,Communications
3/24/2018 7:17,103.75.177.28,tcp,11211,,memcached,1.5.6,63762,VN,HO CHI MINH,THANH PHO HO CHI MINH,0,0,10894,64,14573,00:00.0,95,32073,Communications
3/24/2018 7:17,223.27.104.62,tcp,11211,mail.vcw.vn,memcached,1.4.37,56146,VN,HA NOI,HANOI,0,0,30856,64,136151,00:00.0,14,16,Communications
3/24/2018 7:17,123.31.17.94,tcp,11211,localhost,memcached,1.4.15,45899,VN,HA NOI,HANOI,0,0,692,64,11446834,18:43.0,10,23244,Communications
3/24/2018 7:17,103.75.177.75,tcp,11211,,memcached,1.5.6,63762,VN,HO CHI MINH,THANH PHO HO CHI MINH,0,0,10894,64,14575,00:00.0,98,32077,Communications
3/24/2018 7:17,27.0.12.185,tcp,11211,ns10.phuctoan.net,memcached,1.4.4,45544,VN,HO CHI MINH,THANH PHO HO CHI MINH,0,0,2779,64,237683,17:14.0,10,2182851,Communications
3/24/2018 7:17,123.30.110.246,tcp,11211,static.vnpt.vn,memcached,1.4.15,45899,VN,HA NOI,HANOI,0,0,3128,64,14190487,08:23.0,10,20638,Communications
3/24/2018 7:17,103.237.145.34,tcp,11211,,memcached,1.4.4,131414,VN,HO CHI MINH,THANH PHO HO CHI MINH,0,0,1662,64,23342542,17:12.0,10,513,Communications
3/24/2018 7:17,123.31.19.98,tcp,11211,localhost,memcached,1.4.37,45899,VN,HA NOI,HANOI,0,0,77782,64,6569252,00:00.0,10,272,Communications
3/24/2018 7:17,115.146.121.215,tcp,11211,,memcached,1.4.4,38732,VN,HA NOI,HANOI,0,0,3113,64,2393714,17:15.0,12,14206156,Communications
3/24/2018 7:17,45.252.250.229,tcp,11211,,memcached,1.4.32,63760,VN,HO CHI MINH,THANH PHO HO CHI MINH,0,0,2241,64,1999705,00:00.0,2,121,Communications
3/24/2018 7:17,103.9.76.213,tcp,11211,,memcached,1.4.4,45899,VN,HO CHI MINH,THANH PHO HO CHI MINH,0,0,30519,64,11662,12:31.0,10,860,Communications
3/24/2018 7:17,27.0.12.102,tcp,11211,openminds.edu.vn,memcached,1.4.4-14-g9c660c0,45544,VN,HO CHI MINH,THANH PHO HO CHI MINH,0,0,2692,64,3057128249,32:52.0,13,474,Communications
3/24/2018 7:17,45.252.249.163,tcp,11211,,memcached,1.4.4,63760,VN,HO CHI MINH,THANH PHO HO CHI MINH,0,0,1177,64,3595364,05:07.0,10,35968,Communications
3/24/2018 7:17,125.253.119.169,tcp,11211,mx119169.digipower.com.vn,memcached,1.4.4,45538,VN,BA RIA-VUNG TAU,VUNG TAU,0,0,845,64,1551834,17:42.0,28,17490,Communications
3/24/2018 7:17,103.75.177.90,tcp,11211,,memcached,1.5.6,63762,VN,HO CHI MINH,THANH PHO HO CHI MINH,0,0,10894,64,14607,00:00.0,178,32276,Communications
3/24/2018 7:17,112.213.86.248,tcp,11211,mx86248.superdata.vn,memcached,1.4.4,45544,VN,HO CHI MINH,THANH PHO HO CHI MINH,0,0,24371,64,6393143,17:47.0,10,192,Communications
3/24/2018 7:17,112.213.91.171,tcp,11211,mail.batdongsanvtm.com,memcached,1.4.15,45544,VN,HO CHI MINH,THANH PHO HO CHI MINH,0,0,789,64,1709011,17:46.0,10,6197,Communications
3/24/2018 7:17,103.48.80.100,tcp,11211,sv-80100.bkns.vn,memcached,1.4.15,135905,VN,HA NOI,HANOI,0,0,865,64,5499261,17:29.0,10,25195,Communications
3/24/2018 7:17,221.132.27.141,tcp,11211,,memcached,UNKNOWN,45899,VN,HA NOI,HANOI,0,0,3178,64,9428563,00:00.0,12,3431,Communications
3/24/2018 7:17,103.75.177.128,tcp,11211,,memcached,1.5.6,63762,VN,HO CHI MINH,THANH PHO HO CHI MINH,0,0,10894,64,14608,00:00.0,182,32282,Communications
3/24/2018 7:17,103.75.177.130,tcp,11211,,memcached,1.5.6,63762,VN,HO CHI MINH,THANH PHO HO CHI MINH,0,0,10894,64,14610,00:00.0,185,32286,Communications
3/24/2018 7:17,42.112.29.35,tcp,11211,,memcached,1.4.4,18403,VN,HA NOI,HANOI,518111,737401,26590,64,37284618,17:50.0,10,851,Communications
3/24/2018 7:17,42.114.104.37,tcp,11211,,memcached,1.4.4,18403,VN,THANH HOA,THANH HOA,0,0,2635,64,4316116,17:50.0,58,1328,Communications
3/24/2018 7:18,45.125.236.88,tcp,11211,static.ftech.vn,memcached,1.4.4,45538,VN,HA NOI,HANOI,0,0,4472,64,10733044,18:09.0,10,1872117,Communications
3/24/2018 7:18,103.75.177.101,tcp,11211,,memcached,1.5.6,63762,VN,HO CHI MINH,THANH PHO HO CHI MINH,0,0,10894,64,14636,00:00.0,122,32380,Communications
3/24/2018 7:18,103.200.22.186,tcp,11211,,memcached,1.4.4,18403,VN,HA NOI,HANOI,0,0,1238,64,26437340,18:36.0,19,1511002,Communications
3/24/2018 7:18,45.125.236.172,tcp,11211,static.ftech.vn,memcached,1.4.4,45538,VN,HA NOI,HANOI,0,0,4472,64,10733069,18:34.0,11,1872123,Communications
3/24/2018 7:18,45.125.236.165,tcp,11211,static.ftech.vn,memcached,1.4.4,45538,VN,HA NOI,HANOI,0,0,4472,64,10733069,18:34.0,11,1872123,Communications
3/24/2018 7:18,125.212.221.29,tcp,11211,,memcached,1.4.4,38731,VN,HA NOI,HANOI,0,0,444,64,8608322,18:34.0,10,274,Communications
3/24/2018 7:18,103.75.177.92,tcp,11211,,memcached,1.5.6,63762,VN,HO CHI MINH,THANH PHO HO CHI MINH,0,0,10894,64,14656,00:00.0,176,32495,Communications
3/24/2018 7:18,45.125.236.206,tcp,11211,static.ftech.vn,memcached,1.4.4,45538,VN,HA NOI,HANOI,0,0,4472,64,10733070,18:35.0,10,1872124,Communications
3/24/2018 7:18,103.75.177.25,tcp,11211,,memcached,1.5.6,63762,VN,HO CHI MINH,THANH PHO HO CHI MINH,0,0,10894,64,14657,00:00.0,176,32496,Communications
3/24/2018 7:18,210.245.8.9,tcp,11211,,memcached,1.2.4,18403,VN,HA NOI,HANOI,518111,737401,1624,32,5829762,18:29.0,3,899069,Communications
3/24/2018 7:18,45.252.249.224,tcp,11211,,memcached,1.4.15,63760,VN,HO CHI MINH,THANH PHO HO CHI MINH,0,0,317,64,15370771,56:19.0,10,411,Communications
3/24/2018 7:18,45.124.95.248,tcp,11211,,memcached,1.4.15,45899,VN,HA NOI,HANOI,0,0,650,64,1382066,18:38.0,10,58,Communications
3/24/2018 7:18,123.30.157.39,tcp,11211,static.vnpt.vn,memcached,1.4.37,45899,VN,HA NOI,HANOI,0,0,12145,64,6499643,00:00.0,14,28296,Communications
3/24/2018 7:18,203.162.31.186,tcp,11211,mail.quangnam.gov.vn,memcached,1.4.17,45899,VN,DA NANG,DA NANG,0,0,42503,64,78694,18:38.0,10,12300,Communications
3/24/2018 7:18,115.146.121.231,tcp,11211,,memcached,1.4.4,38732,VN,HA NOI,HANOI,0,0,3113,64,2393798,18:39.0,14,14206736,Communications
3/24/2018 7:18,163.44.206.222,tcp,11211,v163-44-206-222.a005.g.han1.static.cnode.io,memcached,1.4.35,131392,VN,HA NOI,HANOI,0,0,1,64,12354765,00:00.0,13,11126,Communications
3/24/2018 7:18,210.211.127.181,tcp,11211,,memcached,1.4.4,38731,VN,HA NOI,HANOI,0,0,27530,64,2314404,11:28.0,14,4064172,Communications
3/24/2018 7:18,113.61.111.250,tcp,11211,mail.textyle-vn.com,memcached,1.4.17,38738,VN,HA NOI,HANOI,0,0,17182,64,309880,09:55.0,10,24,Communications
3/24/2018 7:18,103.75.177.76,tcp,11211,,memcached,1.5.6,63762,VN,HO CHI MINH,THANH PHO HO CHI MINH,0,0,10894,64,14660,00:00.0,187,32508,Communications
3/24/2018 7:18,163.44.207.176,tcp,11211,v163-44-207-176.a006.g.han1.static.cnode.io,memcached,1.4.15,131392,VN,HA NOI,HANOI,0,0,800,64,9588835,18:40.0,10,6408,Communications
3/24/2018 7:18,123.30.50.74,tcp,11211,static.vnpt.vn,memcached,1.4.4,45899,VN,HA NOI,HANOI,0,0,3060,64,11335360,18:56.0,10,13781169,Communications
3/24/2018 7:18,45.252.248.236,tcp,11211,,memcached,1.4.4,63760,VN,HO CHI MINH,THANH PHO HO CHI MINH,0,0,1166,64,6100176,15:01.0,10,506,Communications
3/24/2018 7:18,171.244.34.251,tcp,11211,,memcached,1.4.4,38731,VN,HA NOI,HANOI,0,0,631,64,3879619,18:57.0,10,6258,Communications
3/24/2018 7:19,125.212.207.92,tcp,11211,,memcached,1.4.15,7552,VN,HA NOI,HANOI,0,0,1143,64,6843452,19:02.0,22,124352,Communications
3/24/2018 7:19,103.249.100.45,tcp,11211,mail.lafooco.vn,memcached,1.4.37,45538,VN,DONG NAI,BIEN HOA,0,0,12924,64,7669764,00:00.0,14,203,Communications
3/24/2018 7:19,45.125.239.204,tcp,11211,static.ftech.vn,memcached,1.4.4,18403,VN,HA NOI,HANOI,0,0,2160,64,27190537,07:42.0,10,22722,Communications
3/24/2018 7:19,45.252.248.158,tcp,11211,server.tronmedia.info,memcached,1.4.4,63760,VN,HO CHI MINH,THANH PHO HO CHI MINH,0,0,1119,64,309103,18:52.0,10,218245,Communications
3/24/2018 7:19,124.158.4.76,tcp,11211,srv76.ahdsoft.vn,memcached,1.4.15,38732,VN,HA NOI,HANOI,0,0,937,64,47618763,27:47.0,10,3996,Communications
3/24/2018 7:19,103.75.177.121,tcp,11211,,memcached,1.5.6,63762,VN,HO CHI MINH,THANH PHO HO CHI MINH,0,0,10894,64,14715,00:00.0,301,32783,Communications
3/24/2018 7:19,103.1.237.58,tcp,11211,mx23758.superdata.vn,memcached,1.4.4,45544,VN,HO CHI MINH,THANH PHO HO CHI MINH,0,0,12641,64,17668681,19:54.0,10,497,Communications
3/24/2018 7:19,103.28.38.169,tcp,11211,mail.shvina.com,memcached,1.4.17,131353,VN,HA NOI,HANOI,0,0,4427,64,8032747,21:16.0,14,3277,Communications
3/24/2018 7:19,45.117.160.7,tcp,11211,,memcached,1.4.4,38731,VN,HA NOI,HANOI,0,0,1047,64,31994844,19:45.0,11,759,Communications
3/24/2018 7:19,103.28.39.181,tcp,11211,,memcached,1.4.17,131353,VN,HA NOI,HANOI,0,0,30285,64,1630307,15:28.0,10,6190,Communications
3/24/2018 7:19,103.195.240.40,tcp,11211,no-ptr-record.unixdns.net,memcached,1.5.6,63740,VN,HO CHI MINH,THANH PHO HO CHI MINH,0,0,1,64,675871,00:00.0,2,15,Communications
3/24/2018 7:19,222.255.37.106,tcp,11211,hnicpmaa30.vnn.vn,memcached,2.0.1_macosx,45899,VN,HA NOI,HANOI,0,0,,64,2576860,19:49.0,13,,Communications
3/24/2018 7:19,222.255.175.134,tcp,11211,static.vnpt.vn,memcached,1.4.4,45899,VN,HA NOI,HANOI,0,0,1235,64,18044991,36:56.0,10,539,Communications
3/24/2018 7:20,210.245.90.164,tcp,11211,mail.honghajsc.com,memcached,1.4.17,18403,VN,HA NOI,HANOI,518111,737401,2458,64,1889359,23:03.0,10,6192,Communications
3/24/2018 7:20,103.68.82.113,tcp,11211,,memcached,1.4.4,45538,VN,HA NOI,HANOI,0,0,1616,64,795485,20:36.0,10,3067,Communications
3/24/2018 7:20,210.245.18.133,tcp,11211,,memcached,1.4.4,18403,VN,DONG NAI,BIEN HOA,518111,737401,10860,64,13579186,20:25.0,25,1446,Communications
3/24/2018 7:20,203.190.163.122,tcp,11211,,memcached,1.4.25,24086,VN,HA NOI,HANOI,0,0,30875,64,35861727,00:00.0,14,27717,Communications
3/24/2018 7:20,123.31.26.53,tcp,11211,localhost,memcached,1.2.1,45899,VN,HA NOI,HANOI,0,0,2140,32,10102777,20:26.0,5,4507198,Communications
3/24/2018 7:20,103.90.228.115,tcp,11211,,memcached,1.4.15,63731,VN,HO CHI MINH,THANH PHO HO CHI MINH,0,0,1284,64,658392,20:33.0,10,3052,Communications
3/24/2018 7:20,115.146.121.230,tcp,11211,,memcached,1.4.4,38732,VN,HA NOI,HANOI,0,0,3113,64,2393907,20:28.0,14,14207416,Communications
3/24/2018 7:20,123.30.169.47,tcp,11211,static.vnpt.vn,memcached,1.4.37,45899,VN,HA NOI,HANOI,0,0,11895,64,6294677,00:00.0,14,168810,Communications
3/24/2018 7:20,45.252.250.238,tcp,11211,,memcached,1.4.4,63760,VN,HO CHI MINH,THANH PHO HO CHI MINH,0,0,1113,64,6538567,07:55.0,10,1640,Communications
3/24/2018 7:20,125.212.228.37,tcp,11211,,memcached,1.4.4,7552,VN,HA NOI,HANOI,0,0,11674,64,6240438,19:17.0,10,4606156,Communications
3/24/2018 7:20,45.122.221.153,tcp,11211,,memcached,1.4.15,56150,VN,HA NOI,HANOI,0,0,281,64,4654010,20:46.0,10,267,Communications
3/24/2018 7:20,103.205.96.232,tcp,11211,,memcached,1.5.6,63731,VN,HO CHI MINH,THANH PHO HO CHI MINH,0,0,2113,64,922994,00:00.0,2,24404,Communications
3/24/2018 7:20,123.31.30.144,tcp,11211,localhost,memcached,1.4.4,45899,VN,HA NOI,HANOI,0,0,16788,64,5110165,37:05.0,10,3755,Communications
3/24/2018 7:20,103.75.177.104,tcp,11211,,memcached,1.5.6,63762,VN,HO CHI MINH,THANH PHO HO CHI MINH,0,0,10894,64,14772,00:00.0,216,32969,Communications
3/24/2018 7:20,45.252.250.129,tcp,11211,,memcached,1.4.4,63760,VN,HO CHI MINH,THANH PHO HO CHI MINH,0,0,1025,64,864913,07:56.0,2,22,Communications
3/24/2018 7:20,210.245.17.37,tcp,11211,,memcached,1.4.17,18403,VN,DONG NAI,BIEN HOA,518111,737401,28374,64,973415,19:33.0,14,236188,Communications
3/24/2018 7:20,103.75.177.125,tcp,11211,,memcached,1.5.6,63762,VN,HO CHI MINH,THANH PHO HO CHI MINH,0,0,10894,64,14772,00:00.0,217,32971,Communications
3/24/2018 7:20,123.31.40.42,tcp,11211,mail.cpc.vn,memcached,1.4.17,45899,VN,HA NOI,HANOI,0,0,20990,64,1205922,20:44.0,22,28276,Communications
3/24/2018 7:20,103.15.50.9,tcp,11211,,memcached,1.4.15,45538,VN,HA NOI,HANOI,0,0,130,64,259114,20:22.0,16,576,Communications
3/24/2018 7:20,45.125.236.103,tcp,11211,static.ftech.vn,memcached,1.4.4,45538,VN,HA NOI,HANOI,0,0,4472,64,10733187,20:32.0,10,1872151,Communications
3/24/2018 7:20,103.75.177.18,tcp,11211,,memcached,1.5.6,63762,VN,HO CHI MINH,THANH PHO HO CHI MINH,0,0,10894,64,14775,00:00.0,235,32990,Communications
3/24/2018 7:20,42.112.35.30,tcp,11211,,memcached,1.4.4,18403,VN,HA NOI,HANOI,518111,737401,1978,64,12236,20:36.0,34,150,Communications
3/24/2018 7:20,210.245.17.35,tcp,11211,mx.binmail.com.vn,memcached,1.4.17,18403,VN,DONG NAI,BIEN HOA,518111,737401,28374,64,973420,19:38.0,14,236189,Communications
3/24/2018 7:20,103.75.177.122,tcp,11211,,memcached,1.5.6,63762,VN,HO CHI MINH,THANH PHO HO CHI MINH,0,0,10894,64,14777,00:00.0,244,33002,Communications
3/24/2018 7:20,103.28.37.211,tcp,11211,,memcached,1.4.4,131353,VN,HA NOI,HANOI,0,0,672,64,837287,20:11.0,10,5960,Communications
3/24/2018 7:20,103.56.158.111,tcp,11211,,memcached,1.4.4,45899,VN,HA NOI,HANOI,0,0,1427,64,16429796,30:34.0,16,12191,Communications
3/24/2018 7:20,45.125.236.166,tcp,11211,static.ftech.vn,memcached,1.4.4,45538,VN,HA NOI,HANOI,0,0,4472,64,10733190,20:35.0,10,1872152,Communications
3/24/2018 7:20,113.164.233.202,tcp,11211,static.vnpt.vn,memcached,1.4.13,45899,VN,HA NOI,HANOI,0,0,1204,64,903233,20:42.0,11,37,Communications
3/24/2018 7:20,124.158.4.82,tcp,11211,,memcached,1.4.36,38732,VN,HA NOI,HANOI,0,0,30914,64,29459324,00:00.0,5,28592,Communications
3/24/2018 7:20,171.244.34.199,tcp,11211,,memcached,1.4.4,38731,VN,HA NOI,HANOI,0,0,469,64,701237,20:37.0,10,805745,Communications
3/24/2018 7:20,103.10.44.239,tcp,11211,,memcached,1.4.4-14-g9c660c0,45899,VN,HO CHI MINH,THANH PHO HO CHI MINH,0,0,1160,64,3060257576,36:36.0,10,3230,Communications
3/24/2018 7:21,45.119.83.133,tcp,11211,,memcached,1.4.37,131386,VN,HA NOI,HANOI,0,0,14260,64,1643280,00:00.0,14,21908,Communications
3/24/2018 7:21,103.75.177.59,tcp,11211,,memcached,1.5.6,63762,VN,HO CHI MINH,THANH PHO HO CHI MINH,0,0,10894,64,14809,00:00.0,172,33129,Communications
3/24/2018 7:21,124.158.4.218,tcp,11211,,memcached,1.4.4,38732,VN,HA NOI,HANOI,0,0,1320,64,1315780,14:01.0,10,6132,Communications
3/24/2018 7:21,203.205.37.206,tcp,11211,static.cmcti.vn,memcached,1.4.4,45903,VN,HO CHI MINH,THANH PHO HO CHI MINH,0,0,1761,64,16515675,21:10.0,10,693,Communications
3/24/2018 7:21,163.44.206.242,tcp,11211,v163-44-206-242.a005.g.han1.static.cnode.io,memcached,1.4.15,131392,VN,HA NOI,HANOI,0,0,820,64,278687,21:09.0,11,11272,Communications
3/24/2018 7:21,103.221.220.127,tcp,11211,,memcached,1.4.4,18403,VN,HA NOI,HANOI,0,0,662,64,8214193,21:10.0,10,6351,Communications
3/24/2018 7:21,125.212.203.87,tcp,11211,,memcached,1.4.4-14-g9c660c0,7552,VN,HA NOI,HANOI,0,0,1216,64,3070966235,30:59.0,10,6454,Communications
3/24/2018 7:21,45.119.82.212,tcp,11211,,memcached,1.4.4,131386,VN,HA NOI,HANOI,0,0,7086,64,7601693,16:44.0,11,397,Communications
3/24/2018 7:21,125.253.127.247,tcp,11211,,memcached,1.4.36,45538,VN,HO CHI MINH,THANH PHO HO CHI MINH,0,0,1288,64,979894,00:00.0,10,6121,Communications
3/24/2018 7:21,42.112.20.64,tcp,11211,,memcached,1.4.4,18403,VN,HA NOI,HANOI,518111,737401,5534,64,2414322,13:52.0,10,190,Communications
3/24/2018 7:22,45.119.212.12,tcp,11211,,memcached,1.4.17,131423,VN,HA NOI,HANOI,0,0,10471,64,171423,21:38.0,14,16,Communications
3/24/2018 7:22,210.211.98.75,tcp,11211,,memcached,1.4.4-14-g9c660c0,38731,VN,DA NANG,DA NANG,0,0,1572,64,3059222552,36:55.0,2109,121425,Communications
3/24/2018 7:22,103.27.238.225,tcp,11211,,memcached,1.4.15,131386,VN,QUANG NGAI,BINH THANH,0,0,1005,64,8527944,18:14.0,10,12613,Communications
3/24/2018 7:22,123.31.12.128,tcp,11211,localhost,memcached,1.4.15,135905,VN,HA NOI,HANOI,0,0,3347,64,19174630,22:04.0,10,22408,Communications
3/24/2018 7:22,45.125.236.147,tcp,11211,static.ftech.vn,memcached,1.4.4,45538,VN,HA NOI,HANOI,0,0,4472,64,10733278,22:03.0,10,1872175,Communications
3/24/2018 7:22,42.112.19.180,tcp,11211,,memcached,1.4.15,18403,VN,HA NOI,HANOI,518111,737401,896,64,30848871,43:01.0,10,653,Communications
3/24/2018 7:22,103.200.22.182,tcp,11211,,memcached,1.4.4,18403,VN,HA NOI,HANOI,0,0,1236,64,16990429,22:05.0,10,397,Communications
3/24/2018 7:22,113.61.111.253,tcp,11211,mail.apparel-vn.com,memcached,1.4.17,38738,VN,HA NOI,HANOI,0,0,7382,64,310448,24:21.0,10,14,Communications
3/24/2018 7:22,103.28.37.35,tcp,11211,,memcached,1.2.6,131353,VN,HA NOI,HANOI,0,0,1620,32,10624431,26:01.0,153,951,Communications
3/24/2018 7:22,103.75.177.50,tcp,11211,,memcached,1.5.6,63762,VN,HO CHI MINH,THANH PHO HO CHI MINH,0,0,10894,64,14866,00:00.0,124,33400,Communications
3/24/2018 7:22,124.158.9.76,tcp,11211,mail.email-vn.net,memcached,1.4.17,38733,VN,HA NOI,HANOI,0,0,19403,64,1016448,22:06.0,14,21719,Communications
3/24/2018 7:22,115.146.121.218,tcp,11211,,memcached,1.4.4,38732,VN,HA NOI,HANOI,0,0,3113,64,2394006,22:07.0,17,14208105,Communications
3/24/2018 7:22,103.75.177.41,tcp,11211,,memcached,1.5.6,63762,VN,HO CHI MINH,THANH PHO HO CHI MINH,0,0,10894,64,14868,00:00.0,131,33408,Communications
3/24/2018 7:22,103.54.250.243,tcp,11211,,memcached,1.4.4,7643,VN,HO CHI MINH,THANH PHO HO CHI MINH,0,0,747,64,1985403,22:08.0,10,130,Communications
3/24/2018 7:22,103.92.25.142,tcp,11211,,memcached,1.4.4,135915,VN,HO CHI MINH,THANH PHO HO CHI MINH,0,0,1503,64,77812,58:14.0,10,16,Communications
3/24/2018 7:22,171.244.3.179,tcp,11211,,memcached,1.5.6,38731,VN,HA NOI,HANOI,0,0,2057,64,1718292,00:00.0,2,80,Communications
3/24/2018 7:22,112.197.2.140,tcp,11211,,memcached,1.4.24,45543,VN,HO CHI MINH,THANH PHO HO CHI MINH,0,0,4214,64,41483831,22:10.0,11,6853,Communications
3/24/2018 7:22,103.9.158.124,tcp,11211,,memcached,1.4.15,63730,VN,HO CHI MINH,THANH PHO HO CHI MINH,0,0,9156,64,11373,22:14.0,11,8733,Communications
3/24/2018 7:22,45.252.248.233,tcp,11211,,memcached,1.4.4,63760,VN,HO CHI MINH,THANH PHO HO CHI MINH,0,0,1170,64,26255684,25:35.0,10,1230,Communications
3/24/2018 7:22,222.255.167.89,tcp,11211,static.vnpt.vn,memcached,1.4.4,45899,VN,DA NANG,DA NANG,0,0,2851,64,7278006,23:29.0,10,278,Communications
3/24/2018 7:22,103.9.76.217,tcp,11211,,memcached,1.4.4,45899,VN,HO CHI MINH,THANH PHO HO CHI MINH,0,0,30519,64,11990,17:59.0,10,883,Communications
3/24/2018 7:22,103.195.240.19,tcp,11211,no-ptr-record.unixnds.net,memcached,1.5.6,63740,VN,HO CHI MINH,THANH PHO HO CHI MINH,0,0,1,64,1038948,00:00.0,2,22,Communications
3/24/2018 7:22,45.125.236.142,tcp,11211,static.ftech.vn,memcached,1.4.4,45538,VN,HA NOI,HANOI,0,0,4472,64,10733319,22:44.0,11,1872181,Communications
3/24/2018 7:22,45.125.236.136,tcp,11211,static.ftech.vn,memcached,1.4.4,45538,VN,HA NOI,HANOI,0,0,4472,64,10733319,22:44.0,10,1872180,Communications
3/24/2018 7:22,115.146.121.225,tcp,11211,,memcached,1.4.4,38732,VN,HA NOI,HANOI,0,0,3113,64,2394045,22:46.0,11,14208369,Communications
3/24/2018 7:22,103.48.191.234,tcp,11211,,memcached,1.4.30,45899,VN,VINH LONG,TAN BINH,0,0,1959,64,13017907,00:00.0,10,6480,Communications
3/24/2018 7:22,115.146.126.104,tcp,11211,,memcached,1.4.10,38732,VN,HA NOI,HANOI,0,0,4206,64,11117251,19:28.0,17,775012,Communications
3/24/2018 7:22,210.245.21.155,tcp,11211,,memcached,1.4.4,18403,VN,DONG NAI,BIEN HOA,518111,737401,1022,64,46739045,22:48.0,22,98357,Communications
3/24/2018 7:22,115.146.121.226,tcp,11211,,memcached,1.4.4,38732,VN,HA NOI,HANOI,0,0,3113,64,2394047,22:48.0,14,14208379,Communications
3/24/2018 7:22,103.28.37.205,tcp,11211,,memcached,1.4.10,131353,VN,HA NOI,HANOI,0,0,3170,64,1378450,54:19.0,14,6143,Communications
3/24/2018 7:22,103.27.237.107,tcp,11211,,memcached,1.4.15,131386,VN,QUANG NGAI,BINH THANH,0,0,926,64,2257637,22:00.0,10,6306,Communications
3/24/2018 7:22,103.75.177.119,tcp,11211,,memcached,1.5.6,63762,VN,HO CHI MINH,THANH PHO HO CHI MINH,0,0,10894,64,14915,00:00.0,190,33584,Communications
3/24/2018 7:22,221.132.27.170,tcp,11211,,memcached,1.4.15,45899,VN,HA NOI,HANOI,0,0,979,64,14510859,04:45.0,10,3891701,Communications
3/24/2018 7:22,124.158.10.63,tcp,11211,,memcached,1.4.4,38733,VN,HA NOI,HANOI,0,0,2290,64,4129763,22:55.0,12,6720,Communications
3/24/2018 7:22,210.245.90.135,tcp,11211,mail.naticorp.com,memcached,1.4.17,18403,VN,HA NOI,HANOI,518111,737401,17718,64,17208757,31:35.0,10,6530,Communications
3/24/2018 7:22,103.75.177.106,tcp,11211,,memcached,1.5.6,63762,VN,HO CHI MINH,THANH PHO HO CHI MINH,0,0,10894,64,14916,00:00.0,197,33592,Communications
3/24/2018 7:22,103.9.76.215,tcp,11211,,memcached,1.4.4,45899,VN,HO CHI MINH,THANH PHO HO CHI MINH,0,0,30519,64,12002,18:11.0,10,885,Communications
3/24/2018 7:22,103.221.222.192,tcp,11211,,memcached,1.4.4,18403,VN,HA NOI,HANOI,0,0,667,64,1989419,22:55.0,16,6951,Communications
3/24/2018 7:22,222.255.224.145,tcp,11211,static.vnpt.vn,memcached,1.4.4,45899,VN,HA NOI,HANOI,0,0,1992,64,27575295,55:29.0,10,638,Communications
3/24/2018 7:22,45.252.250.179,tcp,11211,,memcached,1.4.15,63760,VN,HO CHI MINH,THANH PHO HO CHI MINH,0,0,97,64,5486648,10:19.0,10,172,Communications
3/24/2018 7:22,103.75.177.83,tcp,11211,,memcached,1.5.6,63762,VN,HO CHI MINH,THANH PHO HO CHI MINH,0,0,10894,64,14916,00:00.0,200,33596,Communications
3/24/2018 7:22,118.69.173.222,tcp,11211,,memcached,1.4.4,18403,VN,HA NOI,HANOI,518111,737401,1565,64,2262119,22:58.0,10,27916,Communications
3/24/2018 7:22,171.244.17.108,tcp,11211,,memcached,1.4.4,38731,VN,NGHE AN,VINH,0,0,1511,64,13421956,21:59.0,10,6424,Communications
3/24/2018 7:22,103.28.38.120,tcp,11211,mail.trangiadeco.com,memcached,1.4.17,131353,VN,HA NOI,HANOI,0,0,15209,64,4596053,24:35.0,14,216,Communications
3/24/2018 7:22,45.124.85.90,tcp,11211,sv-85090.bkns.vn,memcached,1.4.4,135905,VN,HA NOI,HANOI,0,0,1983,64,774882,22:58.0,10,22492,Communications
3/24/2018 7:23,123.31.12.247,tcp,11211,localhost,memcached,1.4.4,135905,VN,HA NOI,HANOI,0,0,1348,64,18941989,23:35.0,10,6573,Communications
3/24/2018 7:23,115.165.163.19,tcp,11211,mail.dunkindonutsvn.vn,memcached,1.4.17,38733,VN,HO CHI MINH,THANH PHO HO CHI MINH,0,0,31306,64,58133359,22:28.0,14,7159,Communications
3/24/2018 7:23,103.9.79.124,tcp,11211,,memcached,1.4.35,45899,VN,HO CHI MINH,THANH PHO HO CHI MINH,0,0,21978,64,183081,00:00.0,10,3283,Communications
3/24/2018 7:23,124.158.4.172,tcp,11211,,memcached,1.4.4,38732,VN,HA NOI,HANOI,0,0,1465,64,932331,24:40.0,10,35,Communications
3/24/2018 7:23,123.30.139.45,tcp,11211,mx.zanado.com,memcached,1.2.6,7643,VN,CAN THO,CAN THO,0,0,1396,32,692058,23:43.0,4,15382,Communications
3/24/2018 7:23,103.21.148.52,tcp,11211,,memcached,1.4.4,38732,VN,HA NOI,HANOI,0,0,1753,64,22045144,34:21.0,10,436,Communications
3/24/2018 7:23,103.75.177.54,tcp,11211,,memcached,1.5.6,63762,VN,HO CHI MINH,THANH PHO HO CHI MINH,0,0,10894,64,14960,00:00.0,191,33768,Communications
3/24/2018 7:23,45.252.248.237,tcp,11211,,memcached,1.4.4,63760,VN,HO CHI MINH,THANH PHO HO CHI MINH,0,0,1166,64,6100459,19:44.0,10,507,Communications
3/24/2018 7:23,45.124.85.252,tcp,11211,sv-85252.bkns.vn,memcached,1.4.15,135905,VN,HA NOI,HANOI,0,0,861,64,1569833,23:41.0,10,112,Communications
3/24/2018 7:23,103.75.177.105,tcp,11211,,memcached,1.5.6,63762,VN,HO CHI MINH,THANH PHO HO CHI MINH,0,0,10894,64,14963,00:00.0,202,33780,Communications
3/24/2018 7:23,171.244.0.103,tcp,11211,103-0-244-171.vtx.zinniacorp.com,memcached,1.4.4,38731,VN,HA NOI,HANOI,0,0,6560,64,6529164,24:15.0,10,9751,Communications
3/24/2018 7:23,103.75.177.95,tcp,11211,,memcached,1.5.6,63762,VN,HO CHI MINH,THANH PHO HO CHI MINH,0,0,10894,64,14964,00:00.0,205,33784,Communications
3/24/2018 7:23,124.158.6.46,tcp,11211,,memcached,1.4.4,38732,VN,HA NOI,HANOI,0,0,18242,64,32504025,23:28.0,40,6924,Communications
3/24/2018 7:23,103.237.147.22,tcp,11211,,memcached,1.4.15,131414,VN,HO CHI MINH,THANH PHO HO CHI MINH,0,0,1232,64,5180928,23:41.0,10,44901,Communications
3/24/2018 7:23,118.69.173.211,tcp,11211,,memcached,1.4.4,18403,VN,HA NOI,HANOI,518111,737401,4660,64,701000,23:44.0,10,6101,Communications
3/24/2018 7:23,112.213.84.100,tcp,11211,mx84100.superdata.vn,memcached,1.2.6,45544,VN,HO CHI MINH,THANH PHO HO CHI MINH,0,0,140,32,431107,23:32.0,3,3060,Communications
3/24/2018 7:23,210.245.125.32,tcp,11211,,memcached,1.4.15,18403,VN,HO CHI MINH,THANH PHO HO CHI MINH,518111,737401,2026,64,271006,23:17.0,10,681415,Communications
3/24/2018 7:23,42.112.24.80,tcp,11211,,memcached,,18403,VN,HA NOI,HANOI,518111,737401,,,,00:00.0,,,Communications
3/24/2018 7:23,125.212.220.196,tcp,11211,,memcached,1.4.4,38731,VN,HA NOI,HANOI,0,0,1405,64,45985,23:44.0,10,11,Communications
3/24/2018 7:23,103.74.117.228,tcp,11211,,memcached,1.4.4,63759,VN,BA RIA-VUNG TAU,VUNG TAU,0,0,501,64,3249694,23:45.0,10,220,Communications
3/24/2018 7:23,112.197.2.142,tcp,11211,,memcached,1.4.4,45543,VN,HO CHI MINH,THANH PHO HO CHI MINH,0,0,3317,64,41562060,23:46.0,18,453836,Communications
3/24/2018 7:23,210.211.97.116,tcp,11211,,memcached,1.4.0,38731,VN,DA NANG,DA NANG,0,0,4830,64,42173047,23:46.0,10,3992705,Communications
3/24/2018 7:23,210.245.21.158,tcp,11211,,memcached,1.4.4,18403,VN,DONG NAI,BIEN HOA,518111,737401,1104,64,15391449,12:08.0,13,6748,Communications
3/24/2018 7:23,125.212.252.142,tcp,11211,,memcached,1.4.36,38731,VN,HO CHI MINH,THANH PHO HO CHI MINH,0,0,8451,64,1608337,00:00.0,14,1517029,Communications
3/24/2018 7:23,103.27.60.7,tcp,11211,mail.wgc.com.vn,memcached,1.4.4,56150,VN,VINH LONG,TAN BINH,0,0,1483,64,6561785,17:22.0,10,6300,Communications
3/24/2018 7:23,115.84.182.93,tcp,11211,ptrtest1.vtdc.vn,memcached,1.4.4,38731,VN,HA NOI,HANOI,0,0,2409,64,59865257,23:46.0,10,3165715,Communications
3/24/2018 7:23,103.1.209.29,tcp,11211,,memcached,1.4.4,38731,VN,HA NOI,HANOI,0,0,1695,64,2677318,06:01.0,22,5980925,Communications
3/24/2018 7:24,112.78.1.224,tcp,11211,vps1d224.vdrs.net,memcached,1.4.15,45538,VN,HO CHI MINH,THANH PHO HO CHI MINH,0,0,414,64,2742495,24:24.0,10,6250,Communications
3/24/2018 7:24,45.252.249.117,tcp,11211,,memcached,1.4.15,63760,VN,HO CHI MINH,THANH PHO HO CHI MINH,0,0,360,64,18536818,11:50.0,64,1737012,Communications
3/24/2018 7:24,45.125.236.168,tcp,11211,static.ftech.vn,memcached,1.4.4,45538,VN,HA NOI,HANOI,0,0,4472,64,10733421,24:26.0,10,1872202,Communications
3/24/2018 7:24,103.75.177.49,tcp,11211,,memcached,1.5.6,63762,VN,HO CHI MINH,THANH PHO HO CHI MINH,0,0,10894,64,15008,00:00.0,150,33949,Communications
3/24/2018 7:24,42.112.25.58,tcp,11211,,memcached,1.4.4,18403,VN,HA NOI,HANOI,518111,737401,27103,64,94046,21:22.0,10,13,Communications
3/24/2018 7:24,45.121.163.7,tcp,11211,dayroi.vn,memcached,1.4.15,56149,VN,HA NOI,HANOI,0,0,30733,64,7517273,24:26.0,12,35450,Communications
3/24/2018 7:24,45.125.236.154,tcp,11211,static.ftech.vn,memcached,1.4.4,45538,VN,HA NOI,HANOI,0,0,4472,64,10733420,24:25.0,10,1872201,Communications
3/24/2018 7:24,125.212.253.173,tcp,11211,,memcached,1.2.1,38731,VN,HO CHI MINH,THANH PHO HO CHI MINH,0,0,1868,32,17322868,24:26.0,1,467,Communications
3/24/2018 7:24,103.75.177.61,tcp,11211,,memcached,1.5.6,63762,VN,HO CHI MINH,THANH PHO HO CHI MINH,0,0,10894,64,15008,00:00.0,151,33951,Communications
3/24/2018 7:24,103.200.23.236,tcp,11211,,memcached,1.4.4,18403,VN,HA NOI,HANOI,0,0,1249,64,12018176,24:29.0,10,303,Communications
3/24/2018 7:24,103.74.117.208,tcp,11211,,memcached,1.4.4,63759,VN,BA RIA-VUNG TAU,VUNG TAU,0,0,496,64,3249672,24:27.0,10,80408,Communications
3/24/2018 7:24,103.75.177.99,tcp,11211,,memcached,1.5.6,63762,VN,HO CHI MINH,THANH PHO HO CHI MINH,0,0,10894,64,15009,00:00.0,158,33959,Communications
3/24/2018 7:24,103.238.212.48,tcp,11211,no-ptr.bizmac.vn,memcached,1.4.4-14-g9c660c0,131428,VN,HO CHI MINH,THANH PHO HO CHI MINH,0,0,1704,64,3063597544,40:21.0,10,12312,Communications
3/24/2018 7:24,123.31.47.112,tcp,11211,localhost,memcached,1.4.4,45899,VN,HA NOI,HANOI,0,0,6628,64,1517536,26:26.0,15,189,Communications
3/24/2018 7:24,45.252.248.117,tcp,11211,,memcached,1.4.15,63760,VN,HO CHI MINH,THANH PHO HO CHI MINH,0,0,611,64,1059628,02:14.0,10,52,Communications
