timestamp,ip,protocol,port,hostname,tag,asn,geo,region,city,naics,sic,initiator_spi,responder_spi,next_payload,exchange_type,flags,message_id,next_payload2,domain_of_interpretation,protocol_id,spi_size,notify_message_type
3/24/2018 0:14,118.70.183.101,udp,500,,isakmp-vulnerable,18403,VN,HA NOI,HANOI,518111,737401,3e35c70729dfedef,6eae17d242f5e96c,11,5,0,0,0,0,,0,14
3/24/2018 0:14,101.53.33.162,udp,500,ci53.33-162.netnam.vn,isakmp-vulnerable,24176,VN,HO CHI MINH,THANH PHO HO CHI MINH,0,0,3e35c70729dfedef,6c47859686fac815,11,5,0,0,0,0,,0,14
3/24/2018 0:14,113.161.218.29,udp,500,static.vnpt.vn,isakmp-vulnerable,45899,VN,AN GIANG,LONG XUYEN,0,0,3e35c70729dfedef,a2692b7fa9f306f4,11,5,0,0,0,0,,0,14
3/24/2018 0:14,183.91.30.16,udp,500,static.cmcti.vn,isakmp-vulnerable,45903,VN,HO CHI MINH,THANH PHO HO CHI MINH,0,0,3e35c70729dfedef,2ceb7782bdd32448,11,5,0,0,0,0,,0,14
3/24/2018 0:14,123.30.65.209,udp,500,static-customer-vdc2.com.vn,isakmp-vulnerable,45899,VN,HO CHI MINH,THANH PHO HO CHI MINH,0,0,3e35c70729dfedef,57bb7df0e4da7c92,11,5,0,0,0,0,,0,14
3/24/2018 0:14,220.231.89.34,udp,500,localhost,isakmp-vulnerable,7552,VN,HO CHI MINH,THANH PHO HO CHI MINH,0,0,3e35c70729dfedef,583b1826d85adf2e,11,5,0,0,0,0,,0,14
3/24/2018 0:14,113.164.176.197,udp,500,,isakmp-vulnerable,45899,VN,HA NOI,HANOI,0,0,3e35c70729dfedef,1d6ccd7a96b4d7a7,11,5,0,0,0,0,,0,14
3/24/2018 0:14,118.71.251.10,udp,500,ip-address-pool-xxx.fpt.vn,isakmp-vulnerable,18403,VN,HAI PHONG,HAI PHONG,518111,737401,3e35c70729dfedef,9639dcaa51520551,11,5,0,0,0,0,,0,14
3/24/2018 0:15,113.161.131.149,udp,500,static.vnpt.vn,isakmp-vulnerable,45899,VN,BA RIA-VUNG TAU,VUNG TAU,0,0,3e35c70729dfedef,5aa70f4e167e2eac,11,5,0,0,0,0,,0,14
3/24/2018 0:15,222.255.147.91,udp,500,static.vnpt.vn,isakmp-vulnerable,45899,VN,HA NOI,HANOI,0,0,3e35c70729dfedef,cd0eefc733c6ff8c,11,5,0,0,0,0,,0,14
3/24/2018 0:15,115.78.162.3,udp,500,,isakmp-vulnerable,7552,VN,HO CHI MINH,THANH PHO HO CHI MINH,0,0,3e35c70729dfedef,2fe53ce9aa25db0a,11,5,0,0,0,0,,0,14
3/24/2018 0:15,202.60.111.98,udp,500,,isakmp-vulnerable,24088,VN,HA NOI,HANOI,0,0,3e35c70729dfedef,be0969583423d7eb,11,5,0,0,0,0,,0,14
3/24/2018 0:15,115.78.166.162,udp,500,,isakmp-vulnerable,7552,VN,HO CHI MINH,THANH PHO HO CHI MINH,0,0,3e35c70729dfedef,91a464ebff80c34c,11,5,0,0,0,0,,0,14
3/24/2018 0:15,113.161.41.59,udp,500,static.vnpt.vn,isakmp-vulnerable,45899,VN,HO CHI MINH,THANH PHO HO CHI MINH,0,0,3e35c70729dfedef,e56aec36ba4e2cab,11,5,0,0,0,0,,0,14
3/24/2018 0:15,27.72.77.158,udp,500,,isakmp-vulnerable,7552,VN,HA NOI,HANOI,0,0,3e35c70729dfedef,570e2eab08f23dda,11,5,0,0,0,0,,0,14
3/24/2018 0:15,113.160.180.2,udp,500,static.vnpt.vn,isakmp-vulnerable,45899,VN,THANH HOA,THANH HOA,0,0,3e35c70729dfedef,7f8ba80801a8d7b2,11,5,0,0,0,0,,0,14
3/24/2018 0:15,115.79.56.247,udp,500,,isakmp-vulnerable,7552,VN,HO CHI MINH,THANH PHO HO CHI MINH,0,0,3e35c70729dfedef,2eefee35d9a94c58,11,5,0,0,0,0,,0,14
3/24/2018 0:15,118.69.191.140,udp,500,,isakmp-vulnerable,18403,VN,HA NOI,HANOI,518111,737401,3e35c70729dfedef,b910f08fdbcce3b3,11,5,0,0,0,0,,0,14
3/24/2018 0:15,119.17.202.142,udp,500,static.netnam.vn,isakmp-vulnerable,24173,VN,HA NOI,HANOI,0,0,3e35c70729dfedef,915c7d5963e69c32,11,5,0,0,0,0,,0,14
3/24/2018 0:15,123.30.142.10,udp,500,static.vnpt.vn,isakmp-vulnerable,7643,VN,CAN THO,CAN THO,0,0,3e35c70729dfedef,0e63b294c05a1f79,11,5,0,0,0,0,,0,14
3/24/2018 0:15,14.177.64.5,udp,500,static.vnpt.vn,isakmp-vulnerable,45899,VN,HA NOI,HANOI,0,0,3e35c70729dfedef,6222131b2fe7b254,11,5,0,0,0,0,,0,14
3/24/2018 0:15,202.59.238.62,udp,500,,isakmp-vulnerable,55315,VN,HO CHI MINH,THANH PHO HO CHI MINH,0,0,3e35c70729dfedef,45175ad51320c6f7,11,5,0,0,0,0,,0,14
3/24/2018 0:15,115.78.134.53,udp,500,,isakmp-vulnerable,7552,VN,HO CHI MINH,THANH PHO HO CHI MINH,0,0,3e35c70729dfedef,f1fc701055c317c0,11,5,0,0,0,0,,0,14
3/24/2018 0:15,125.234.103.177,udp,500,125.234.103.177.hcm.viettel.vn,isakmp-vulnerable,7552,VN,HA NOI,HANOI,0,0,3e35c70729dfedef,cca18b8344d7d455,11,5,0,0,0,0,,0,14
3/24/2018 0:15,115.78.140.114,udp,500,,isakmp-vulnerable,7552,VN,HO CHI MINH,THANH PHO HO CHI MINH,0,0,3e35c70729dfedef,1641673a7a50b869,11,5,0,0,0,0,,0,14
3/24/2018 0:15,117.4.238.73,udp,500,localhost,isakmp-vulnerable,7552,VN,HA NOI,HANOI,0,0,3e35c70729dfedef,8ed799761988ba37,11,5,0,0,0,0,,0,14
3/24/2018 0:15,113.160.15.140,udp,500,static.vnpt-hanoi.com.vn,isakmp-vulnerable,45899,VN,HA NOI,HANOI,0,0,3e35c70729dfedef,1cf2b416077c3566,11,5,0,0,0,0,,0,14
3/24/2018 0:15,203.162.71.112,udp,500,static.vnpt.vn,isakmp-vulnerable,45899,VN,HA NOI,HANOI,0,0,3e35c70729dfedef,3fba6515a04778af,11,5,0,0,0,0,,0,14
3/24/2018 0:15,115.78.134.199,udp,500,mail.nutifood.com.vn,isakmp-vulnerable,7552,VN,HO CHI MINH,THANH PHO HO CHI MINH,0,0,3e35c70729dfedef,17f2c6877e707932,11,5,0,0,0,0,,0,14
3/24/2018 0:16,183.91.26.66,udp,500,static.cmcti.vn,isakmp-vulnerable,45903,VN,HO CHI MINH,THANH PHO HO CHI MINH,0,0,3e35c70729dfedef,ad395806c33317d4,11,5,0,0,0,0,,0,14
3/24/2018 0:16,203.162.235.100,udp,500,static.vnpt.vn,isakmp-vulnerable,45899,VN,HA NOI,HANOI,0,0,3e35c70729dfedef,0dc89289b194606c,11,5,0,0,0,0,,0,14
3/24/2018 0:16,123.18.57.95,udp,500,,isakmp-vulnerable,45899,VN,HAI PHONG,HAI PHONG,0,0,3e35c70729dfedef,406cadc33105ffc3,11,5,0,0,0,0,,0,14
3/24/2018 0:16,182.237.22.240,udp,500,,isakmp-vulnerable,55309,VN,HO CHI MINH,THANH PHO HO CHI MINH,0,0,3e35c70729dfedef,9f2ed10a98750998,11,5,0,0,0,0,,0,14
3/24/2018 0:16,116.97.118.34,udp,500,,isakmp-vulnerable,24086,VN,HA NOI,HANOI,0,0,3e35c70729dfedef,0506d23779a36439,11,5,0,0,0,0,,0,14
3/24/2018 0:17,118.69.126.160,udp,500,,isakmp-vulnerable,18403,VN,HA NOI,HANOI,518111,737401,3e35c70729dfedef,dbba6ce095a28c05,11,5,0,0,0,0,,0,14
3/24/2018 0:17,113.163.156.23,udp,500,static.vnpt.vn,isakmp-vulnerable,45899,VN,HA NOI,HANOI,0,0,3e35c70729dfedef,e8b24be62450ab4c,11,5,0,0,0,0,,0,14
3/24/2018 0:17,115.78.129.119,udp,500,,isakmp-vulnerable,7552,VN,HO CHI MINH,THANH PHO HO CHI MINH,0,0,3e35c70729dfedef,8043eb60e9d1bc3b,11,5,0,0,0,0,,0,14
3/24/2018 0:17,113.161.75.211,udp,500,static.vnpt.vn,isakmp-vulnerable,45899,VN,HO CHI MINH,THANH PHO HO CHI MINH,0,0,3e35c70729dfedef,7c6ef75eb531c165,11,5,0,0,0,0,,0,14
3/24/2018 0:17,103.21.120.8,udp,500,,isakmp-vulnerable,131368,VN,HO CHI MINH,THANH PHO HO CHI MINH,0,0,3e35c70729dfedef,4b14bfed3d65e770,11,5,0,0,0,0,,0,14
3/24/2018 0:17,118.70.161.168,udp,500,,isakmp-vulnerable,18403,VN,HA NOI,HANOI,518111,737401,3e35c70729dfedef,a84bd3859124cd11,11,5,0,0,0,0,,0,14
3/24/2018 0:17,171.228.250.180,udp,500,,isakmp-vulnerable,7552,VN,HA NOI,HANOI,0,0,3e35c70729dfedef,6c67b1d235746a22,11,5,0,0,0,0,,0,14
3/24/2018 0:17,14.240.205.118,udp,500,static.vnpt.vn,isakmp-vulnerable,45899,VN,HA NOI,HANOI,0,0,3e35c70729dfedef,d55c41414ac28c0d,11,5,0,0,0,0,,0,14
3/24/2018 0:17,123.30.176.1,udp,500,static.vnpt.vn,isakmp-vulnerable,45899,VN,HA NOI,HANOI,0,0,3e35c70729dfedef,4e7b20bc3d817e96,11,5,0,0,0,0,,0,14
3/24/2018 0:17,115.74.197.103,udp,500,,isakmp-vulnerable,7552,VN,HA NOI,HANOI,0,0,3e35c70729dfedef,8f8792a1ed10325c,11,5,0,0,0,0,,0,14
3/24/2018 0:17,58.186.35.33,udp,500,,isakmp-vulnerable,18403,VN,HO CHI MINH,THANH PHO HO CHI MINH,518111,737401,3e35c70729dfedef,a2176031327b3db4,11,5,0,0,0,0,,0,14
3/24/2018 0:18,103.253.90.4,udp,500,,isakmp-vulnerable,131396,VN,HO CHI MINH,THANH PHO HO CHI MINH,0,0,3e35c70729dfedef,ed6475f33478c36a,11,5,0,0,0,0,,0,14
3/24/2018 0:18,183.91.28.65,udp,500,static.cmcti.vn,isakmp-vulnerable,45903,VN,HO CHI MINH,THANH PHO HO CHI MINH,0,0,3e35c70729dfedef,4ac6bd68b2cbca61,11,5,0,0,0,0,,0,14
3/24/2018 0:18,123.27.224.32,udp,500,localhost,isakmp-vulnerable,45899,VN,HAI PHONG,HAI PHONG,0,0,3e35c70729dfedef,9a4a35f9ac48a93a,11,5,0,0,0,0,,0,14
3/24/2018 0:18,175.106.1.42,udp,500,,isakmp-vulnerable,55306,VN,HA NOI,HANOI,0,0,3e35c70729dfedef,b285be3d05d96c6d,11,5,0,0,0,0,,0,14
3/24/2018 0:18,123.25.241.36,udp,500,static.vdc.vn,isakmp-vulnerable,45899,VN,HO CHI MINH,THANH PHO HO CHI MINH,0,0,3e35c70729dfedef,11d69f4aae3745b2,11,5,0,0,0,0,,0,14
3/24/2018 0:18,118.70.169.59,udp,500,,isakmp-vulnerable,18403,VN,HA NOI,HANOI,518111,737401,3e35c70729dfedef,253c901abe9a49f2,11,5,0,0,0,0,,0,14
3/24/2018 0:19,115.79.52.82,udp,500,,isakmp-vulnerable,7552,VN,HO CHI MINH,THANH PHO HO CHI MINH,0,0,3e35c70729dfedef,fa165f752787912b,11,5,0,0,0,0,,0,14
3/24/2018 0:19,113.161.186.210,udp,500,,isakmp-vulnerable,45899,VN,LAM DONG,DA LAT,0,0,3e35c70729dfedef,e9f956145bcb6502,11,5,0,0,0,0,,0,14
3/24/2018 0:19,113.160.133.125,udp,500,static.vnpt.vn,isakmp-vulnerable,45899,VN,HA NOI,HANOI,0,0,3e35c70729dfedef,0f8684693ce6e4d2,11,5,0,0,0,0,,0,14
3/24/2018 0:20,203.162.145.200,udp,500,static.vnpt.vn,isakmp-vulnerable,45899,VN,YEN BAI,NAM CO,339113,384101,3e35c70729dfedef,dc6369f01fc31667,11,5,0,0,0,0,,0,14
3/24/2018 0:20,220.231.89.38,udp,500,localhost,isakmp-vulnerable,7552,VN,HO CHI MINH,THANH PHO HO CHI MINH,0,0,3e35c70729dfedef,47a14c251fea943f,11,5,0,0,0,0,,0,14
3/24/2018 0:20,113.160.133.178,udp,500,static.vnpt.vn,isakmp-vulnerable,45899,VN,HA NOI,HANOI,0,0,3e35c70729dfedef,c06318519121c2ca,11,5,0,0,0,0,,0,14
3/24/2018 0:20,113.160.170.62,udp,500,static.vnpt.vn,isakmp-vulnerable,45899,VN,NGHE AN,VINH,0,0,3e35c70729dfedef,1d32b9e56e655d5d,11,5,0,0,0,0,,0,14
3/24/2018 0:20,113.168.160.56,udp,500,static.vnpt.vn,isakmp-vulnerable,45899,VN,HA NOI,HANOI,0,0,3e35c70729dfedef,8d0871a87bea761f,11,5,0,0,0,0,,0,14
3/24/2018 0:20,1.55.243.20,udp,500,,isakmp-vulnerable,18403,VN,HA NOI,HANOI,0,0,3e35c70729dfedef,b825257db81b8864,11,5,0,0,0,0,,0,14
3/24/2018 0:20,222.255.91.198,udp,500,,isakmp-vulnerable,45899,VN,HO CHI MINH,THANH PHO HO CHI MINH,0,0,3e35c70729dfedef,9d6b452acad5159d,11,5,0,0,0,0,,0,14
3/24/2018 0:20,113.20.115.160,udp,500,static.cmcti.vn,isakmp-vulnerable,45903,VN,HO CHI MINH,THANH PHO HO CHI MINH,0,0,3e35c70729dfedef,07774108b2bc1526,11,5,0,0,0,0,,0,14
3/24/2018 0:20,222.254.105.207,udp,500,static.vnpt.vn,isakmp-vulnerable,45899,VN,HA NOI,HANOI,0,0,3e35c70729dfedef,05069d247fb53528,11,5,0,0,0,0,,0,14
3/24/2018 0:21,115.73.208.250,udp,500,,isakmp-vulnerable,7552,VN,HO CHI MINH,THANH PHO HO CHI MINH,0,0,3e35c70729dfedef,9d272e32975df62f,11,5,0,0,0,0,,0,14
3/24/2018 0:21,42.112.208.196,udp,500,gw.vietinaviva.vn,isakmp-vulnerable,18403,VN,HA NOI,HANOI,0,0,3e35c70729dfedef,7686648a222265ea,11,5,0,0,0,0,,0,14
3/24/2018 0:21,118.69.153.1,udp,500,,isakmp-vulnerable,18403,VN,HA NOI,HANOI,518111,737401,3e35c70729dfedef,fbd064c1e7355f66,11,5,0,0,0,0,,0,14
3/24/2018 0:21,113.161.212.150,udp,500,static.vnpt.vn,isakmp-vulnerable,45899,VN,AN GIANG,LONG XUYEN,0,0,3e35c70729dfedef,64dd3aa6ef67c6ad,11,5,0,0,0,0,,0,14
3/24/2018 0:21,118.69.111.232,udp,500,,isakmp-vulnerable,18403,VN,HA NOI,HANOI,518111,737401,3e35c70729dfedef,942c64924ce96b64,11,5,0,0,0,0,,0,14
3/24/2018 0:22,113.160.249.133,udp,500,static.vnpt.vn,isakmp-vulnerable,45899,VN,KHANH HOA,NHA TRANG,0,0,3e35c70729dfedef,6b6405d5e6a60136,11,5,0,0,0,0,,0,14
3/24/2018 0:22,14.233.27.6,udp,500,static.vnpt.vn,isakmp-vulnerable,45899,VN,THUA THIEN-HUE,HUE,0,0,3e35c70729dfedef,0b6d660f8fde2b8b,11,5,0,0,0,0,,0,14
3/24/2018 0:22,14.160.24.193,udp,500,static.vnpt.vn,isakmp-vulnerable,45899,VN,HA NOI,HANOI,0,0,3e35c70729dfedef,188cfb5c80f05a56,11,5,0,0,0,0,,0,14
3/24/2018 0:22,210.211.97.186,udp,500,mail.smedia.com.vn,isakmp-vulnerable,38731,VN,DA NANG,DA NANG,0,0,3e35c70729dfedef,b2c25f49ede314ca,11,5,0,0,0,0,,0,14
3/24/2018 0:22,103.19.166.169,udp,500,,isakmp-vulnerable,45896,VN,HO CHI MINH,THANH PHO HO CHI MINH,0,0,3e35c70729dfedef,6d2ee1435107db13,11,5,0,0,0,0,,0,14
3/24/2018 0:22,203.205.35.137,udp,500,static.cmcti.vn,isakmp-vulnerable,45903,VN,HO CHI MINH,THANH PHO HO CHI MINH,0,0,3e35c70729dfedef,49b7cf1305d2d0ff,11,5,0,0,0,0,,0,14
3/24/2018 0:22,118.70.203.110,udp,500,,isakmp-vulnerable,18403,VN,HA NOI,HANOI,518111,737401,3e35c70729dfedef,f8e3ccb8b1db129e,11,5,0,0,0,0,,0,14
3/24/2018 0:22,117.2.124.56,udp,500,localhost,isakmp-vulnerable,7552,VN,DA NANG,DA NANG,0,0,3e35c70729dfedef,ccffa3a41e3718e6,11,5,0,0,0,0,,0,14
3/24/2018 0:23,118.69.35.53,udp,500,,isakmp-vulnerable,18403,VN,HA NOI,HANOI,518111,737401,3e35c70729dfedef,b3ada933ef461b5c,11,5,0,0,0,0,,0,14
3/24/2018 0:23,123.18.32.11,udp,500,,isakmp-vulnerable,45899,VN,HA NOI,HANOI,0,0,3e35c70729dfedef,13474dea6b634ada,11,5,0,0,0,0,,0,14
3/24/2018 0:23,118.69.124.124,udp,500,,isakmp-vulnerable,18403,VN,HA NOI,HANOI,518111,737401,3e35c70729dfedef,62c3b1f8622fc92f,11,5,0,0,0,0,,0,14
3/24/2018 0:23,45.118.151.243,udp,500,hosted-by.vonline.vn,isakmp-vulnerable,131367,VN,HO CHI MINH,THANH PHO HO CHI MINH,0,0,3e35c70729dfedef,d6c3ec76e5f6386c,11,5,0,0,0,0,,0,14
3/24/2018 0:23,113.161.145.154,udp,500,static.vnpt.vn,isakmp-vulnerable,45899,VN,DONG NAI,BIEN HOA,0,0,3e35c70729dfedef,af5ded9fdcc1af36,11,5,0,0,0,0,,0,14
3/24/2018 0:23,113.164.8.114,udp,500,static.vnpt.vn,isakmp-vulnerable,45899,VN,HA NOI,HANOI,0,0,3e35c70729dfedef,06727b67c6632702,11,5,0,0,0,0,,0,14
3/24/2018 0:24,123.18.62.49,udp,500,,isakmp-vulnerable,45899,VN,HAI PHONG,HAI PHONG,0,0,3e35c70729dfedef,1e4beb6249e8923a,11,5,0,0,0,0,,0,14
3/24/2018 0:24,183.91.19.21,udp,500,static.cmcti.vn,isakmp-vulnerable,45903,VN,HO CHI MINH,THANH PHO HO CHI MINH,0,0,3e35c70729dfedef,bc58975f9d488c07,11,5,0,0,0,0,,0,14
3/24/2018 0:24,115.79.207.218,udp,500,,isakmp-vulnerable,7552,VN,BEN TRE,BEN TRE,0,0,3e35c70729dfedef,814b90e4ae5fecea,11,5,0,0,0,0,,0,14
3/24/2018 0:24,125.234.96.202,udp,500,,isakmp-vulnerable,7552,VN,HO CHI MINH,THANH PHO HO CHI MINH,0,0,3e35c70729dfedef,d383f56635544d3a,11,5,0,0,0,0,,0,14
3/24/2018 0:24,118.70.203.105,udp,500,,isakmp-vulnerable,18403,VN,HA NOI,HANOI,518111,737401,3e35c70729dfedef,8860711dfedfecc3,11,5,0,0,0,0,,0,14
3/24/2018 0:24,118.69.35.97,udp,500,,isakmp-vulnerable,18403,VN,HA NOI,HANOI,518111,737401,3e35c70729dfedef,bd3689fc6824e5a2,11,5,0,0,0,0,,0,14
3/24/2018 0:25,125.234.236.170,udp,500,125.234.236.170.hcm.viettel.vn,isakmp-vulnerable,7552,VN,HO CHI MINH,THANH PHO HO CHI MINH,0,0,3e35c70729dfedef,716268f23f7a7a91,11,5,0,0,0,0,,0,14
3/24/2018 0:25,118.69.195.237,udp,500,237.195.69.118.blueflame.vn,isakmp-vulnerable,18403,VN,HA NOI,HANOI,518111,737401,3e35c70729dfedef,7241fc66ffd114ac,11,5,0,0,0,0,,0,14
3/24/2018 0:25,118.70.81.28,udp,500,,isakmp-vulnerable,18403,VN,HA NOI,HANOI,518111,737401,3e35c70729dfedef,822e0787c9a3ed42,11,5,0,0,0,0,,0,14
3/24/2018 0:25,113.190.233.184,udp,500,static.vnpt-hanoi.com.vn,isakmp-vulnerable,45899,VN,HA NOI,HANOI,0,0,3e35c70729dfedef,ca7600d227ebb823,11,5,0,0,0,0,,0,14
3/24/2018 0:25,14.176.232.179,udp,500,static.vnpt.vn,isakmp-vulnerable,45899,VN,DA NANG,DA NANG,0,0,3e35c70729dfedef,0bd09a48d6f89e0c,11,5,0,0,0,0,,0,14
3/24/2018 0:25,42.112.17.146,udp,500,,isakmp-vulnerable,18403,VN,HO CHI MINH,THANH PHO HO CHI MINH,518111,737401,3e35c70729dfedef,39b1875b86dfc239,11,5,0,0,0,0,,0,14
3/24/2018 0:25,101.99.44.213,udp,500,,isakmp-vulnerable,45903,VN,HO CHI MINH,THANH PHO HO CHI MINH,0,0,3e35c70729dfedef,87d74122ead13433,11,5,0,0,0,0,,0,14
3/24/2018 0:25,113.190.96.183,udp,500,static.vnpt.vn,isakmp-vulnerable,45899,VN,HA NOI,HANOI,0,0,3e35c70729dfedef,5ba7f914ad87d5de,11,5,0,0,0,0,,0,14
3/24/2018 0:25,116.97.244.231,udp,500,,isakmp-vulnerable,7552,VN,HA NOI,HANOI,0,0,3e35c70729dfedef,85cca0501108d454,11,5,0,0,0,0,,0,14
3/24/2018 0:26,182.237.21.213,udp,500,,isakmp-vulnerable,55309,VN,HO CHI MINH,THANH PHO HO CHI MINH,0,0,3e35c70729dfedef,5bb3795ccda45267,11,5,0,0,0,0,,0,14
3/24/2018 0:26,113.161.16.200,udp,500,static.vnpt.vn,isakmp-vulnerable,45899,VN,HA NOI,HANOI,0,0,3e35c70729dfedef,4318deeff650e67e,11,5,0,0,0,0,,0,14
3/24/2018 0:26,123.30.100.194,udp,500,static.vnpt.vn,isakmp-vulnerable,45899,VN,HA NOI,HANOI,0,0,3e35c70729dfedef,129b6e56e021eb55,11,5,0,0,0,0,,0,14
3/24/2018 0:26,113.165.167.188,udp,500,static.vdc.com.vn,isakmp-vulnerable,45899,VN,LAM DONG,DA LAT,0,0,3e35c70729dfedef,4180061c02bb182a,11,5,0,0,0,0,,0,14
3/24/2018 0:26,42.116.8.148,udp,500,,isakmp-vulnerable,18403,VN,HO CHI MINH,THANH PHO HO CHI MINH,0,0,3e35c70729dfedef,8020bbea58321f27,11,5,0,0,0,0,,0,14
3/24/2018 0:26,42.112.211.148,udp,500,,isakmp-vulnerable,18403,VN,HA NOI,HANOI,0,0,3e35c70729dfedef,eae1b5d7e1569ced,11,5,0,0,0,0,,0,14
3/24/2018 0:26,113.161.100.163,udp,2847,static.vnpt.vn,isakmp-vulnerable,45899,VN,HO CHI MINH,THANH PHO HO CHI MINH,0,0,3e35c70729dfedef,4503956bbf3f5644,11,5,0,0,0,0,,0,14
3/24/2018 0:26,113.161.205.112,udp,500,,isakmp-vulnerable,45899,VN,CAN THO,CAN THO,0,0,3e35c70729dfedef,a61cbc4a4efba2b3,11,5,0,0,0,0,,0,14
3/24/2018 0:27,118.69.37.195,udp,500,,isakmp-vulnerable,18403,VN,HA NOI,HANOI,518111,737401,3e35c70729dfedef,ec4b93f23345f6df,11,5,0,0,0,0,,0,14
3/24/2018 0:27,118.69.152.78,udp,500,,isakmp-vulnerable,18403,VN,HA NOI,HANOI,518111,737401,3e35c70729dfedef,5e4b2c96b0d46e9f,11,5,0,0,0,0,,0,14
3/24/2018 0:27,123.18.46.181,udp,500,,isakmp-vulnerable,45899,VN,HAI PHONG,HAI PHONG,0,0,3e35c70729dfedef,032f4721a698fa78,11,5,0,0,0,0,,0,14
3/24/2018 0:27,42.116.85.48,udp,500,,isakmp-vulnerable,18403,VN,HO CHI MINH,THANH PHO HO CHI MINH,0,0,3e35c70729dfedef,0aab414e4a87b921,11,5,0,0,0,0,,0,14
3/24/2018 0:27,113.160.248.13,udp,500,static.vnpt.vn,isakmp-vulnerable,45899,VN,KHANH HOA,NHA TRANG,0,0,3e35c70729dfedef,e886d6a3d4d19dc4,11,5,0,0,0,0,,0,14
3/24/2018 0:28,112.109.92.94,udp,500,,isakmp-vulnerable,55309,VN,HO CHI MINH,THANH PHO HO CHI MINH,0,0,3e35c70729dfedef,837e0f9edaa5506d,11,5,0,0,0,0,,0,14
3/24/2018 0:28,113.160.205.77,udp,500,static.vnpt.vn,isakmp-vulnerable,45899,VN,HA NOI,HANOI,0,0,3e35c70729dfedef,49f8360545dfeb25,11,5,0,0,0,0,,0,14
3/24/2018 0:28,125.235.34.2,udp,500,125.235.34.2.adsl.viettel.vn,isakmp-vulnerable,7552,VN,HA NOI,HANOI,0,0,3e35c70729dfedef,fb0ddc4399d439a8,11,5,0,0,0,0,,0,14
3/24/2018 0:28,118.69.111.42,udp,500,,isakmp-vulnerable,18403,VN,HA NOI,HANOI,518111,737401,3e35c70729dfedef,48eb427442387c39,11,5,0,0,0,0,,0,14
3/24/2018 0:28,125.212.228.29,udp,500,,isakmp-vulnerable,7552,VN,HA NOI,HANOI,0,0,3e35c70729dfedef,bebad57e7ad06a6b,11,5,0,0,0,0,,0,14
3/24/2018 0:28,115.75.195.22,udp,500,,isakmp-vulnerable,7552,VN,HO CHI MINH,THANH PHO HO CHI MINH,0,0,3e35c70729dfedef,575c634ed2f5be85,11,5,0,0,0,0,,0,14
3/24/2018 0:29,115.78.95.162,udp,500,,isakmp-vulnerable,7552,VN,HO CHI MINH,THANH PHO HO CHI MINH,0,0,3e35c70729dfedef,3bf37383dcf8800c,11,5,0,0,0,0,,0,14
3/24/2018 0:29,118.69.111.60,udp,500,,isakmp-vulnerable,18403,VN,HA NOI,HANOI,518111,737401,3e35c70729dfedef,21615644eb1f55d5,11,5,0,0,0,0,,0,14
3/24/2018 0:29,123.18.62.23,udp,500,,isakmp-vulnerable,45899,VN,HAI PHONG,HAI PHONG,0,0,3e35c70729dfedef,907572ac02dcae89,11,5,0,0,0,0,,0,14
3/24/2018 0:29,221.133.3.65,udp,500,,isakmp-vulnerable,7602,VN,HO CHI MINH,THANH PHO HO CHI MINH,0,0,3e35c70729dfedef,6adf1e07560364ae,11,5,0,0,0,0,,0,14
3/24/2018 0:29,125.234.102.164,udp,500,125.234.102.164.hcm.viettel.vn,isakmp-vulnerable,7552,VN,HO CHI MINH,THANH PHO HO CHI MINH,0,0,3e35c70729dfedef,045d7c0158a8db44,11,5,0,0,0,0,,0,14
3/24/2018 0:29,42.112.211.100,udp,500,,isakmp-vulnerable,18403,VN,HA NOI,HANOI,0,0,3e35c70729dfedef,b5577f8d49a1f866,11,5,0,0,0,0,,0,14
3/24/2018 0:29,118.69.152.16,udp,500,,isakmp-vulnerable,18403,VN,HA NOI,HANOI,518111,737401,3e35c70729dfedef,466a935103cb395c,11,5,0,0,0,0,,0,14
3/24/2018 0:30,113.189.98.241,udp,500,static.vnpt.vn,isakmp-vulnerable,45899,VN,KHANH HOA,NHA TRANG,0,0,3e35c70729dfedef,2467dbcc874d8e43,11,5,0,0,0,0,,0,14
3/24/2018 0:30,113.160.198.106,udp,500,static.vnpt.vn,isakmp-vulnerable,45899,VN,HA NOI,HANOI,0,0,3e35c70729dfedef,22687b734c325b09,11,5,0,0,0,0,,0,14
3/24/2018 0:30,118.69.153.12,udp,500,,isakmp-vulnerable,18403,VN,HA NOI,HANOI,518111,737401,3e35c70729dfedef,621bd3cdaa88b660,11,5,0,0,0,0,,0,14
3/24/2018 0:30,101.96.68.112,udp,500,ci96.68-112.netnam.vn,isakmp-vulnerable,24173,VN,HA NOI,HANOI,0,0,3e35c70729dfedef,d970ac9b508cfde2,11,5,0,0,0,0,,0,14
3/24/2018 0:30,113.20.115.233,udp,500,static.cmcti.vn,isakmp-vulnerable,45903,VN,HO CHI MINH,THANH PHO HO CHI MINH,0,0,3e35c70729dfedef,b545a69632ad56e8,11,5,0,0,0,0,,0,14
3/24/2018 0:31,203.162.174.177,udp,500,static.vnpt.vn,isakmp-vulnerable,45899,VN,HA NOI,HANOI,0,0,3e35c70729dfedef,adf9bb6d08aa9b35,11,5,0,0,0,0,,0,14
3/24/2018 0:31,14.161.34.27,udp,500,static.vnpt.vn,isakmp-vulnerable,45899,VN,HO CHI MINH,THANH PHO HO CHI MINH,0,0,3e35c70729dfedef,cc8e6a33500bc634,11,5,0,0,0,0,,0,14
3/24/2018 0:31,202.43.109.66,udp,500,,isakmp-vulnerable,45552,VN,DIEN BIEN,DIEN BIEN,0,0,3e35c70729dfedef,855a462e8981886c,11,5,0,0,0,0,,0,14
3/24/2018 0:31,123.18.43.244,udp,500,,isakmp-vulnerable,45899,VN,HAI PHONG,HAI PHONG,0,0,3e35c70729dfedef,710d813cfc865a32,11,5,0,0,0,0,,0,14
3/24/2018 0:32,118.70.127.188,udp,500,,isakmp-vulnerable,18403,VN,HA NOI,HANOI,518111,737401,3e35c70729dfedef,5f7a5a85d3d1f169,11,5,0,0,0,0,,0,14
3/24/2018 0:32,118.71.249.172,udp,500,ip-address-pool-xxx.fpt.vn,isakmp-vulnerable,18403,VN,HAI PHONG,HAI PHONG,518111,737401,3e35c70729dfedef,c4db3b0189a925bc,11,5,0,0,0,0,,0,14
3/24/2018 0:32,203.162.254.24,udp,500,static.vnpt.vn,isakmp-vulnerable,45899,VN,HA NOI,HANOI,0,0,3e35c70729dfedef,62beebd34386b08f,11,5,0,0,0,0,,0,14
3/24/2018 0:32,118.69.79.90,udp,500,,isakmp-vulnerable,18403,VN,HA NOI,HANOI,518111,737401,3e35c70729dfedef,822941ba8a120f3e,11,5,0,0,0,0,,0,14
3/24/2018 0:32,113.160.133.89,udp,500,static.vnpt.vn,isakmp-vulnerable,45899,VN,HA NOI,HANOI,0,0,3e35c70729dfedef,f8d1e397dcc82ca8,11,5,0,0,0,0,,0,14
3/24/2018 0:32,118.70.203.123,udp,500,smtp3.hongngochospital.vn,isakmp-vulnerable,18403,VN,HA NOI,HANOI,518111,737401,3e35c70729dfedef,9052967978decc35,11,5,0,0,0,0,,0,14
3/24/2018 0:32,183.91.7.28,udp,500,,isakmp-vulnerable,45903,VN,HA NOI,HANOI,0,0,3e35c70729dfedef,827de631437f75e9,11,5,0,0,0,0,,0,14
3/24/2018 0:33,123.18.32.112,udp,500,,isakmp-vulnerable,45899,VN,HA NOI,HANOI,0,0,3e35c70729dfedef,36490d8a750634be,11,5,0,0,0,0,,0,14
3/24/2018 0:33,123.18.45.76,udp,500,,isakmp-vulnerable,45899,VN,HAI PHONG,HAI PHONG,0,0,3e35c70729dfedef,8b27bef7d3a84172,11,5,0,0,0,0,,0,14
3/24/2018 0:33,183.80.252.221,udp,500,,isakmp-vulnerable,18403,VN,HO CHI MINH,THANH PHO HO CHI MINH,518111,737401,3e35c70729dfedef,075695e68ecaa011,11,5,0,0,0,0,,0,14
3/24/2018 0:33,203.205.33.221,udp,500,static.cmcti.vn,isakmp-vulnerable,45903,VN,HO CHI MINH,THANH PHO HO CHI MINH,0,0,3e35c70729dfedef,7a8b94f4caa823a5,11,5,0,0,0,0,,0,14
3/24/2018 0:33,113.190.233.180,udp,500,static.vnpt-hanoi.com.vn,isakmp-vulnerable,45899,VN,HA NOI,HANOI,0,0,3e35c70729dfedef,9cd361f43fa1f85c,11,5,0,0,0,0,,0,14
3/24/2018 0:33,113.161.179.137,udp,500,,isakmp-vulnerable,45899,VN,TAY NINH,TAY NINH,0,0,3e35c70729dfedef,1435707057a418c4,11,5,0,0,0,0,,0,14
3/24/2018 0:33,119.17.211.100,udp,500,static.netnam.vn,isakmp-vulnerable,24173,VN,HA NOI,HANOI,0,0,3e35c70729dfedef,39525cb38251f5e3,11,5,0,0,0,0,,0,14
3/24/2018 0:33,115.78.229.192,udp,500,,isakmp-vulnerable,7552,VN,HO CHI MINH,THANH PHO HO CHI MINH,0,0,3e35c70729dfedef,62b071ff96eaecd4,11,5,0,0,0,0,,0,14
3/24/2018 0:33,14.177.66.12,udp,500,static.vnpt.vn,isakmp-vulnerable,45899,VN,HA NOI,HANOI,0,0,3e35c70729dfedef,6efbb87defda409c,11,5,0,0,0,0,,0,14
3/24/2018 0:34,182.237.20.198,udp,500,,isakmp-vulnerable,55309,VN,HO CHI MINH,THANH PHO HO CHI MINH,0,0,3e35c70729dfedef,36200cfad5fcc915,11,5,0,0,0,0,,0,14
3/24/2018 0:34,113.160.58.10,udp,39,mail.bkav.com.vn,isakmp-vulnerable,45899,VN,HA NOI,HANOI,0,0,3e35c70729dfedef,57b90fda7a0d11ea,11,5,0,0,0,0,,0,14
3/24/2018 0:34,203.205.27.109,udp,500,static.cmcti.vn,isakmp-vulnerable,45903,VN,HO CHI MINH,THANH PHO HO CHI MINH,0,0,3e35c70729dfedef,69ced772c716dfbc,11,5,0,0,0,0,,0,14
3/24/2018 0:34,203.113.135.163,udp,500,,isakmp-vulnerable,7552,VN,HA NOI,HANOI,0,0,3e35c70729dfedef,4a3288af84ec4de6,11,5,0,0,0,0,,0,14
3/24/2018 0:34,220.231.101.170,udp,500,localhost,isakmp-vulnerable,7552,VN,HA NOI,HANOI,0,0,3e35c70729dfedef,4f88fff705352ed4,11,5,0,0,0,0,,0,14
3/24/2018 0:34,123.18.46.72,udp,500,,isakmp-vulnerable,45899,VN,HAI PHONG,HAI PHONG,0,0,3e35c70729dfedef,f0b6437290022654,11,5,0,0,0,0,,0,14
3/24/2018 0:34,118.70.203.96,udp,500,,isakmp-vulnerable,18403,VN,HA NOI,HANOI,518111,737401,3e35c70729dfedef,1f044a16f8e93533,11,5,0,0,0,0,,0,14
3/24/2018 0:34,14.228.128.4,udp,500,static.vnpt.vn,isakmp-vulnerable,45899,VN,HA NOI,HANOI,0,0,3e35c70729dfedef,6fbc223072ac1014,11,5,0,0,0,0,,0,14
3/24/2018 0:34,113.161.194.77,udp,500,static.vnpt.vn,isakmp-vulnerable,45899,VN,CAN THO,CAN THO,0,0,3e35c70729dfedef,68b48401f7bf96e1,11,5,0,0,0,0,,0,14
3/24/2018 0:34,210.245.0.27,udp,500,,isakmp-vulnerable,18403,VN,HA NOI,HANOI,518111,737401,3e35c70729dfedef,7450928e35721df3,11,5,0,0,0,0,,0,14
3/24/2018 0:34,113.161.108.82,udp,500,static.vnpt.vn,isakmp-vulnerable,45899,VN,HO CHI MINH,THANH PHO HO CHI MINH,0,0,3e35c70729dfedef,abe0f255ba852f31,11,5,0,0,0,0,,0,14
3/24/2018 0:34,113.190.252.82,udp,500,static.vnpt-hanoi.com.vn,isakmp-vulnerable,45899,VN,HA NOI,HANOI,0,0,3e35c70729dfedef,822f2bcc9124c9f9,11,5,0,0,0,0,,0,14
3/24/2018 0:34,123.30.83.32,udp,500,static.vnpt.vn,isakmp-vulnerable,45899,VN,HO CHI MINH,THANH PHO HO CHI MINH,0,0,3e35c70729dfedef,aac37c45860b5f32,11,5,0,0,0,0,,0,14
3/24/2018 0:34,123.26.178.220,udp,500,localhost,isakmp-vulnerable,45899,VN,HAI PHONG,HAI PHONG,0,0,3e35c70729dfedef,0e19b5a6e56f6eb2,11,5,0,0,0,0,,0,14
3/24/2018 0:35,113.161.2.1,udp,500,static.vnpt.vn,isakmp-vulnerable,45899,VN,BINH DINH,QUI NHON,0,0,3e35c70729dfedef,c3c0bdce2c82f06b,11,5,0,0,0,0,,0,14
3/24/2018 0:35,113.160.148.10,udp,500,static.vnpt.vn,isakmp-vulnerable,45899,VN,VINH PHUC,VINH YEN,0,0,3e35c70729dfedef,be451a1bec6fa1e0,11,5,0,0,0,0,,0,14
3/24/2018 0:35,113.161.206.69,udp,500,static.vnpt.vn,isakmp-vulnerable,45899,VN,CAN THO,CAN THO,0,0,3e35c70729dfedef,1312d959818b3948,11,5,0,0,0,0,,0,14
3/24/2018 0:35,222.255.147.103,udp,500,static.vnpt.vn,isakmp-vulnerable,45899,VN,HA NOI,HANOI,0,0,3e35c70729dfedef,9c360f4c1a6c8540,11,5,0,0,0,0,,0,14
3/24/2018 0:35,203.162.106.26,udp,500,static.vnpt.vn,isakmp-vulnerable,7643,VN,HO CHI MINH,THANH PHO HO CHI MINH,0,0,3e35c70729dfedef,cc1679507f18057a,11,5,0,0,0,0,,0,14
3/24/2018 0:35,202.151.164.112,udp,500,,isakmp-vulnerable,24173,VN,HA NOI,HANOI,0,0,3e35c70729dfedef,d5d1e1f7679dbc7e,11,5,0,0,0,0,,0,14
3/24/2018 0:36,210.245.45.242,udp,500,,isakmp-vulnerable,18403,VN,HO CHI MINH,THANH PHO HO CHI MINH,518111,737401,3e35c70729dfedef,fe801a2d2d27dbad,11,5,0,0,0,0,,0,14
3/24/2018 0:36,101.99.26.206,udp,500,static.cmcti.vn,isakmp-vulnerable,45903,VN,HO CHI MINH,THANH PHO HO CHI MINH,0,0,3e35c70729dfedef,c097f2a92b42a9b2,11,5,0,0,0,0,,0,14
3/24/2018 0:36,183.91.4.214,udp,500,static.cmcti.vn,isakmp-vulnerable,45903,VN,HA NOI,HANOI,0,0,3e35c70729dfedef,323cbd9e22b11cf4,11,5,0,0,0,0,,0,14
3/24/2018 0:36,113.181.80.37,udp,500,static.vnpt.vn,isakmp-vulnerable,45899,VN,HAI PHONG,HAI PHONG,0,0,3e35c70729dfedef,3a321fdf5c053633,11,5,0,0,0,0,,0,14
3/24/2018 0:36,123.18.58.152,udp,500,,isakmp-vulnerable,45899,VN,HAI PHONG,HAI PHONG,0,0,3e35c70729dfedef,dacbd1a7798cf4bf,11,5,0,0,0,0,,0,14
3/24/2018 0:36,113.161.186.174,udp,500,static.vnpt.vn,isakmp-vulnerable,45899,VN,LAM DONG,DA LAT,0,0,3e35c70729dfedef,830b4b7db8a574f8,11,5,0,0,0,0,,0,14
3/24/2018 0:36,113.20.126.162,udp,500,static.cmcti.vn,isakmp-vulnerable,45903,VN,HA NOI,HANOI,0,0,3e35c70729dfedef,e0edf6c6df5d2bd7,11,5,0,0,0,0,,0,14
3/24/2018 0:36,113.160.37.161,udp,500,,isakmp-vulnerable,45899,VN,HA NOI,HANOI,0,0,3e35c70729dfedef,bf28c6382b717c88,11,5,0,0,0,0,,0,14
3/24/2018 0:36,113.161.25.11,udp,500,static.vnpt.vn,isakmp-vulnerable,45899,VN,GIA LAI,PLEIKU,0,0,3e35c70729dfedef,33a17c33bf75cca6,11,5,0,0,0,0,,0,14
3/24/2018 0:36,113.163.202.221,udp,500,static.vnpt.vn,isakmp-vulnerable,45899,VN,HO CHI MINH,THANH PHO HO CHI MINH,0,0,3e35c70729dfedef,88aa456755d9ed93,11,5,0,0,0,0,,0,14
3/24/2018 0:36,113.176.84.242,udp,500,static.vnpt.vn,isakmp-vulnerable,45899,VN,CAN THO,CAN THO,0,0,3e35c70729dfedef,1cbedcd23c8c1704,11,5,0,0,0,0,,0,14
3/24/2018 0:36,123.25.238.111,udp,500,static.vdc.vn,isakmp-vulnerable,45899,VN,TIEN GIANG,MY THO,0,0,3e35c70729dfedef,cc49e81802b9de73,11,5,0,0,0,0,,0,14
3/24/2018 0:37,113.160.222.213,udp,500,static.vnpt.vn,isakmp-vulnerable,45899,VN,HUNG YEN,HUNG YEN,0,0,3e35c70729dfedef,f7864375a5d6cd6e,11,5,0,0,0,0,,0,14
3/24/2018 0:37,103.63.104.192,udp,500,static.cmcti.vn,isakmp-vulnerable,45903,VN,BINH DUONG,THU DAU MOT,0,0,3e35c70729dfedef,ad37f2c2b8f1e348,11,5,0,0,0,0,,0,14
3/24/2018 0:37,115.75.7.175,udp,500,,isakmp-vulnerable,7552,VN,HO CHI MINH,THANH PHO HO CHI MINH,0,0,3e35c70729dfedef,0b2dcde36ed5827c,11,5,0,0,0,0,,0,14
3/24/2018 0:37,113.164.240.158,udp,500,static.vnpt.vn,isakmp-vulnerable,45899,VN,HO CHI MINH,THANH PHO HO CHI MINH,0,0,3e35c70729dfedef,221f47c80f7b2706,11,5,0,0,0,0,,0,14
3/24/2018 0:37,113.190.248.74,udp,500,static.vnpt-hanoi.com.vn,isakmp-vulnerable,45899,VN,HA NOI,HANOI,0,0,3e35c70729dfedef,a52888352ac19ec9,11,5,0,0,0,0,,0,14
3/24/2018 0:37,113.161.65.117,udp,500,static.vnpt.vn,isakmp-vulnerable,45899,VN,HO CHI MINH,THANH PHO HO CHI MINH,0,0,3e35c70729dfedef,2839686cd07a93f0,11,5,0,0,0,0,,0,14
3/24/2018 0:37,113.20.126.161,udp,500,mx2.ncb-bank.vn,isakmp-vulnerable,45903,VN,HA NOI,HANOI,0,0,3e35c70729dfedef,076b893fc482defd,11,5,0,0,0,0,,0,14
3/24/2018 0:37,118.69.244.86,udp,500,,isakmp-vulnerable,18403,VN,HA NOI,HANOI,518111,737401,3e35c70729dfedef,7290b5935c413f50,11,5,0,0,0,0,,0,14
3/24/2018 0:37,118.70.4.5,udp,500,,isakmp-vulnerable,18403,VN,HA NOI,HANOI,518111,737401,3e35c70729dfedef,6e7717e8fa2ff144,11,5,0,0,0,0,,0,14
3/24/2018 0:37,42.116.22.164,udp,500,,isakmp-vulnerable,18403,VN,HO CHI MINH,THANH PHO HO CHI MINH,0,0,3e35c70729dfedef,f41cb04648fddf75,11,5,0,0,0,0,,0,14
3/24/2018 0:38,113.161.224.254,udp,500,static.vnpt.vn,isakmp-vulnerable,45899,VN,HO CHI MINH,THANH PHO HO CHI MINH,0,0,3e35c70729dfedef,8b55ab265c56bdf1,11,5,0,0,0,0,,0,14
3/24/2018 0:38,123.19.136.182,udp,500,,isakmp-vulnerable,45899,VN,KHANH HOA,DIEN KHANH,0,0,3e35c70729dfedef,bf747732ef2dcdc7,11,5,0,0,0,0,,0,14
3/24/2018 0:38,118.70.203.114,udp,500,,isakmp-vulnerable,18403,VN,HA NOI,HANOI,518111,737401,3e35c70729dfedef,eed13812d791362b,11,5,0,0,0,0,,0,14
3/24/2018 0:38,1.55.17.233,udp,500,,isakmp-vulnerable,18403,VN,HA NOI,HANOI,0,0,3e35c70729dfedef,0854c1c0c711155f,11,5,0,0,0,0,,0,14
3/24/2018 0:38,113.161.198.6,udp,500,static.vnpt.vn,isakmp-vulnerable,45899,VN,VINH LONG,VINH LONG,0,0,3e35c70729dfedef,be212bbe14f0c4f7,11,5,0,0,0,0,,0,14
3/24/2018 0:38,210.245.5.149,udp,500,mail.luvina.net,isakmp-vulnerable,18403,VN,HA NOI,HANOI,518111,737401,3e35c70729dfedef,b3dd46b250342018,11,5,0,0,0,0,,0,14
3/24/2018 0:38,113.161.73.100,udp,500,static.vnpt.vn,isakmp-vulnerable,45899,VN,HO CHI MINH,THANH PHO HO CHI MINH,0,0,3e35c70729dfedef,d8ad81f83b2d5e78,11,5,0,0,0,0,,0,14
3/24/2018 0:39,203.210.197.11,udp,500,adsl.hnpt.com.vn,isakmp-vulnerable,45899,VN,NGHE AN,VINH,0,0,3e35c70729dfedef,1e05cb9a43cb3af7,11,5,0,0,0,0,,0,14
3/24/2018 0:39,113.161.224.146,udp,500,static.vnpt.vn,isakmp-vulnerable,45899,VN,HO CHI MINH,THANH PHO HO CHI MINH,0,0,3e35c70729dfedef,b4857cf9c777f085,11,5,0,0,0,0,,0,14
3/24/2018 0:39,113.160.225.66,udp,500,static.vnpt.vn,isakmp-vulnerable,45899,VN,DA NANG,DA NANG,0,0,3e35c70729dfedef,417f444ae87e1548,11,5,0,0,0,0,,0,14
3/24/2018 0:39,115.78.3.100,udp,500,,isakmp-vulnerable,7552,VN,HO CHI MINH,THANH PHO HO CHI MINH,0,0,3e35c70729dfedef,79f8976d92766cdb,11,5,0,0,0,0,,0,14
3/24/2018 0:39,115.73.208.151,udp,500,,isakmp-vulnerable,7552,VN,HO CHI MINH,THANH PHO HO CHI MINH,0,0,3e35c70729dfedef,6b36007ae456d38f,11,5,0,0,0,0,,0,14
3/24/2018 0:40,42.112.206.225,udp,500,,isakmp-vulnerable,18403,VN,HA NOI,HANOI,0,0,3e35c70729dfedef,66cd33c8c87896c4,11,5,0,0,0,0,,0,14
3/24/2018 0:40,113.161.208.40,udp,500,static.vnpt.vn,isakmp-vulnerable,45899,VN,CAN THO,CAN THO,0,0,3e35c70729dfedef,dc6d3972f71d98af,11,5,0,0,0,0,,0,14
3/24/2018 0:40,27.72.21.10,udp,500,,isakmp-vulnerable,7552,VN,HA NOI,HANOI,0,0,3e35c70729dfedef,fceb293641d85501,11,5,0,0,0,0,,0,14
3/24/2018 0:40,210.245.12.248,udp,500,,isakmp-vulnerable,18403,VN,HA NOI,HANOI,518111,737401,3e35c70729dfedef,91c80244d0cc95e7,11,5,0,0,0,0,,0,14
3/24/2018 0:41,123.25.3.14,udp,500,static.vnpt-hanoi.com.vn,isakmp-vulnerable,45899,VN,HA NOI,HANOI,0,0,3e35c70729dfedef,51532c93d5f8b58d,11,5,0,0,0,0,,0,14
3/24/2018 0:41,123.30.181.154,udp,500,static.vnpt.vn,isakmp-vulnerable,45899,VN,HA NOI,HANOI,0,0,3e35c70729dfedef,82927f839038abc8,11,5,0,0,0,0,,0,14
3/24/2018 0:41,123.21.34.209,udp,500,,isakmp-vulnerable,45899,VN,HO CHI MINH,THANH PHO HO CHI MINH,0,0,3e35c70729dfedef,b59b83a3801ac0dd,11,5,0,0,0,0,,0,14
