"timestamp","src_ip","src_asn","src_geo","src_region","src_port","dst_ip","dst_asn","dst_geo","dst_region","dst_port","protocol","tag","hostname","sysdesc","sysname","http_url","http_agent","http_host","http_referer","http_referer_ip","http_referer_asn","http_referer_geo","http_referer_region","forwarded_by"
"2018-03-24 00:09:38","2001:ee0:45c8:6d30:12f9:6fff:fe57:4106",7643,"VN",,60637,"2a02:1668:1034::2",51088,"NL",,80,,"ghost-push",,,,"POST /aum/api/1/ HTTP/1.1",,"u.amobisc.com",,,,,,
"2018-03-24 00:20:52","2001:ee0:4845:3d70:5c77:8cdb:8622:c7d0",7643,"VN",,50902,"2a02:1668:1034::2",51088,"NL",,80,,"sality",,,,"GET /home.gif?1f4807=6150165 HTTP/1.1","Opera/9.50 (Windows NT 6.0; U; en)","kukutrustnet777.info",,,,,,
"2018-03-24 00:29:17","2405:4800:264e:b66d:8042:b1e6:43e0:a37b",237,"VN",,59900,"2a02:1668:1034::2",51088,"NL",,80,,"xcodeghost",,,,"POST / HTTP/1.1","SpringBoard/50 CFNetwork/711.3.18 Darwin/14.0.0","init.icloud-analysis.com",,,,,,
"2018-03-24 01:09:04","2001:ee0:5532:6c00:34fe:9c45:e37a:dd19",7643,"VN",,1028,"2a02:1668:1034::2",51088,"NL",,80,,"sality",,,,"GET /?2fbbb=586545 HTTP/1.1","KUKU v5.06exp =9698435509","kukutrustnet777.info",,,,,,
"2018-03-24 01:30:41","2001:ee0:5138:1070:4c8e:5907:bc3b:b1a8",7643,"VN",,60917,"2a02:1668:1034::2",51088,"NL",,80,,"ghost-push",,,,"POST /aum/api/1/ HTTP/1.1",,"u.amobisc.com",,,,,,
"2018-03-24 01:34:35","2405:4800:2066:b577:b9db:1fd0:ecac:1662",237,"VN",,51436,"2a02:1668:1034::2",51088,"NL",,80,,"xcodeghost",,,,"POST / HTTP/1.1","iVMS-4500/20150820 CFNetwork/811.5.4 Darwin/16.7.0","init.icloud-analysis.com",,,,,,
"2018-03-24 01:52:23","2001:ee0:5657:1bc0:8c80:621e:c128:d733",7643,"VN",,49980,"2a02:1668:1034::2",51088,"NL",,80,,"sality",,,,"GET /home.gif?3abeb5a=184795662 HTTP/1.1","Mozilla/4.0 (compatible; MSIE 7.0; Windows NT 5.1; .NET CLR 1.1.4322; .NET CLR 2.0.50728)","kukutrustnet777.info",,,,,,
"2018-03-24 02:07:38","2405:4800:60e4:c7f5:d19a:fced:8944:1c4c",237,"VN",,52850,"2a02:1668:1034::2",51088,"NL",,80,,"xcodeghost",,,,"POST / HTTP/1.1","iVMS-4500/20150820 CFNetwork/894 Darwin/17.4.0","init.icloud-analysis.com",,,,,,
"2018-03-24 02:13:07","2001:ee0:5752:6780:7db2:a9f1:a844:5e02",7643,"VN",,1070,"2a02:1668:1034::2",51088,"NL",,80,,"sality",,,,"GET /?32193=1436421 HTTP/1.1","KUKU v5.06exp =29951542046","kukutrustnet777.info",,,,,,
"2018-03-24 02:27:21","2405:4800:406f:1667:d922:b65e:5dac:c406",237,"VN",,55201,"2a02:1668:1034::2",51088,"NL",,80,,"xcodeghost",,,,"POST / HTTP/1.1","Mercury/907 CFNetwork/808.0.2 Darwin/16.0.0","init.icloud-analysis.com",,,,,,
"2018-03-24 02:29:22","2405:4800:12b4:950e:1c8c:d0df:e8d7:5807",237,"VN",,37031,"2a02:1668:1034::2",51088,"NL",,80,,"ghost-push",,,,"POST /agp/api/1/ HTTP/1.1",,"g.omlao.com",,,,,,
"2018-03-24 02:42:40","2405:4800:12b4:950e:f456:b6dc:c27d:1c62",237,"VN",,48534,"2a02:1668:1034::2",51088,"NL",,80,,"ghost-push",,,,"POST /agp/api/1/ HTTP/1.1",,"g.omlao.com",,,,,,
"2018-03-24 02:50:50","2405:4800:58f7:4f12:c17a:7f35:539e:c88b",237,"VN",,59377,"2a02:1668:1034::2",51088,"NL",,80,,"ghost-push",,,,"POST /aum/api/1/ HTTP/1.1",,"u.amobisc.com",,,,,,
"2018-03-24 02:54:46","2001:ee0:5532:6c00:c00c:3fcd:811e:88af",7643,"VN",,1087,"2a02:1668:1034::2",51088,"NL",,80,,"sality",,,,"GET /?30456=593154 HTTP/1.1","KUKU v5.06exp =9698435509","kukutrustnet777.info",,,,,,
"2018-03-24 02:55:49","2405:4800:12b4:950e:49fd:d3e8:88bb:ce16",237,"VN",,47936,"2a02:1668:1034::2",51088,"NL",,80,,"ghost-push",,,,"POST /agp/api/1/ HTTP/1.1",,"g.omlao.com",,,,,,
"2018-03-24 03:05:09","2001:ee0:5533:94f0:fc63:40fb:bea5:cf4",7643,"VN",,47914,"2a02:1668:1034::2",51088,"NL",,80,,"ghost-push",,,,"POST /okla/api/2 HTTP/1.1","Dalvik/1.6.0 (Linux; U; Android 4.2.2; V3+ Build/JDQ39)","mk.omkol.com",,,,,,
"2018-03-24 03:09:44","2405:4800:12b4:950e:288a:5ed9:e160:2ce9",237,"VN",,41844,"2a02:1668:1034::2",51088,"NL",,80,,"ghost-push",,,,"POST /agp/api/1/ HTTP/1.1",,"g.omlao.com",,,,,,
"2018-03-24 03:13:53","2405:4800:148c:9747:f11a:e459:7a89:f0ba",237,"VN",,49169,"2a02:1668:1034::2",51088,"NL",,80,,"xcodeghost",,,,"POST / HTTP/1.1","SpringBoard/50 CFNetwork/711.1.16 Darwin/14.0.0","init.icloud-analysis.com",,,,,,
"2018-03-24 03:18:43","2405:4800:148c:9747:fcee:39ac:813e:8a0a",237,"VN",,49164,"2a02:1668:1034::2",51088,"NL",,80,,"xcodeghost",,,,"POST / HTTP/1.1","SpringBoard/50 CFNetwork/711.1.16 Darwin/14.0.0","init.icloud-analysis.com",,,,,,
"2018-03-24 03:19:44","2405:4800:5a9f:1ace:3c07:3735:e4c5:3b03",237,"VN",,50140,"2a02:1668:1034::2",51088,"NL",,80,,"xcodeghost",,,,"POST / HTTP/1.1","SpringBoard/50 CFNetwork/711.1.16 Darwin/14.0.0","init.icloud-analysis.com",,,,,,
"2018-03-24 03:24:39","2405:4800:60ff:4d98:198b:d896:eb8:249a",237,"VN",,53982,"2a02:1668:1034::2",51088,"NL",,80,,"ghost-push",,,,"POST /agp/api/1/ HTTP/1.1",,"g.omlao.com",,,,,,
"2018-03-24 03:27:32","2405:4800:12d6:f09c:a0b7:aa24:a78a:e62b",237,"VN",,36936,"2a02:1668:1034::2",51088,"NL",,80,,"ghost-push",,,,"POST /okla/api/2 HTTP/1.1","Dalvik/1.6.0 (Linux; U; Android 4.2.2; mobiistar touch LAI 504Q Build/JDQ39)","mk.omkol.com",,,,,,
"2018-03-24 03:50:25","2405:4800:12fe:e1aa:d495:16d6:985d:9c98",237,"VN",,52827,"2a02:1668:1034::2",51088,"NL",,80,,"xcodeghost",,,,"POST / HTTP/1.1","WeChat/6.2.5.19 CFNetwork/887 Darwin/17.0.0","init.icloud-analysis.com",,,,,,
"2018-03-24 03:53:28","2405:4800:109e:b4b5:4871:a1bd:54f6:185f",237,"VN",,51786,"2a02:1668:1034::2",51088,"NL",,80,,"sality",,,,"GET /?e3bc9ff=477598718 HTTP/1.1","KUKU v5.02c =23849928125130","kukutrustnet777.info",,,,,,
"2018-03-24 03:57:14","2405:4800:12b4:950e:8104:be37:d2f8:329",237,"VN",,37715,"2a02:1668:1034::2",51088,"NL",,80,,"ghost-push",,,,"POST /agp/api/1/ HTTP/1.1",,"g.omlao.com",,,,,,
"2018-03-24 04:25:20","2405:4800:12b4:950e:445d:81a2:4ac6:e396",237,"VN",,35586,"2a02:1668:1034::2",51088,"NL",,80,,"ghost-push",,,,"POST /agp/api/1/ HTTP/1.1",,"g.omlao.com",,,,,,
"2018-03-24 04:32:07","2001:ee0:4041:757e:e9be:734d:47d:b9d3",7643,"VN",,63741,"2a02:1668:1034::2",51088,"NL",,80,,"xcodeghost",,,,"POST / HTTP/1.1","iVMS-4500/20150820 CFNetwork/711.3.18 Darwin/14.0.0","init.icloud-analysis.com",,,,,,
"2018-03-24 04:39:51","2405:4800:2d5e:b84a:282b:12f:c234:d42",237,"VN",,37181,"2a02:1668:1034::2",51088,"NL",,80,,"ghost-push",,,,"POST /igp/api/1/ HTTP/1.1",,"g.omlao.com",,,,,,
"2018-03-24 04:42:18","2001:ee0:5516:35c0:2c14:724a:5542:c32c",7643,"VN",,1167,"2a02:1668:1034::2",51088,"NL",,80,,"sality",,,,"GET /?4b4d5=3084370 HTTP/1.1","KUKU v5.06exp =466993765214","kukutrustnet777.info",,,,,,
"2018-03-24 04:43:45","2001:ee0:4845:3d70:ad75:8c2:caf0:af63",7643,"VN",,52444,"2a02:1668:1034::2",51088,"NL",,80,,"sality",,,,"GET /home.gif?10ff4fd=35645946 HTTP/1.1","Opera/9.50 (Windows NT 6.0; U; en)","kukutrustnet777.info",,,,,,
"2018-03-24 04:59:41","2405:4800:12b4:950e:fdd0:5cb0:6a6:396a",237,"VN",,46214,"2a02:1668:1034::2",51088,"NL",,80,,"ghost-push",,,,"POST /agp/api/1/ HTTP/1.1",,"g.omlao.com",,,,,,
"2018-03-24 05:03:21","2405:4800:2076:d7d3:b183:b97a:701c:49a0",237,"VN",,46534,"2a02:1668:1034::2",51088,"NL",,80,,"ghost-push",,,,"POST /agp/api/1/ HTTP/1.1",,"g.omlao.com",,,,,,
"2018-03-24 05:05:29","2001:ee0:45d3:e210:4ca:6723:69dc:8c92",7643,"VN",,59650,"2a02:1668:1034::2",51088,"NL",,80,,,,,,"POST /onao/i/2 HTTP/1.1","Dalvik/1.6.0 (Linux; U; Android 4.2.2; Android Build/JDQ39)","io.onaoy.com",,,,,,
"2018-03-24 05:05:31","2001:ee0:45d3:e210:4ca:6723:69dc:8c92",7643,"VN",,52310,"2a02:1668:1034::2",51088,"NL",,80,,"ghost-push",,,,"POST /okla/api/1 HTTP/1.1",,"k.omkol.com",,,,,,
"2018-03-24 05:22:56","2001:ee0:4041:757e:2c38:9774:f6f9:76fc",7643,"VN",,63754,"2a02:1668:1034::2",51088,"NL",,80,,"xcodeghost",,,,"POST / HTTP/1.1","iVMS-4500/20150820 CFNetwork/711.3.18 Darwin/14.0.0","init.icloud-analysis.com",,,,,,
"2018-03-24 05:23:45","2405:4800:589e:9596:a5a3:7689:e707:e8e",237,"VN",,57960,"2a02:1668:1034::2",51088,"NL",,80,,"ghost-push",,,,"POST /okla/api/1 HTTP/1.1",,"k.omkol.com",,,,,,
"2018-03-24 05:55:28","2001:ee0:4249:35e0:921d:27ff:fe2b:4495",7643,"VN",,49769,"2a02:1668:1034::2",51088,"NL",,80,,"ghost-push",,,,"POST /agp/api/1/ HTTP/1.1",,"g.omlao.com",,,,,,
"2018-03-24 06:38:35","2001:ee0:47c4:2ab0:addc:c21e:22eb:a774",7643,"VN",,1263,"2a02:1668:1034::2",51088,"NL",,80,,"sality",,,,"GET /home.gif?2051ed=4236250 HTTP/1.1","Opera/8.81 (Windows NT 6.0; U; en)","kukutrustnet777.info",,,,,,
"2018-03-24 06:44:20","2405:4800:4067:53f:b44d:d48b:912e:e324",237,"VN",,50266,"2a02:1668:1034::2",51088,"NL",,80,,"sality",,,,"GET /home.gif?52c7855=781204221 HTTP/1.0","Mozilla/4.0 (compatible; MSIE 7.0b; Windows NT 6.0)","kukutrustnet777.info",,,,,,
"2018-03-24 07:31:39","2001:ee0:4844:2ef0:fd21:5b6e:716a:b80c",7643,"VN",,1145,"2a02:1668:1034::2",51088,"NL",,80,,"sality",,,,"GET /?30ba9=1995930 HTTP/1.1","KUKU v5.06exp =7204611857","kukutrustnet777.info",,,,,,
"2018-03-24 07:46:43","2001:ee0:4845:3d70:19a5:fcdc:ba53:42e8",7643,"VN",,53766,"2a02:1668:1034::2",51088,"NL",,80,,"sality",,,,"GET /home.gif?1b76031=230359432 HTTP/1.1","Opera/9.50 (Windows NT 6.0; U; en)","kukutrustnet888.info",,,,,,
"2018-03-24 07:49:30","2001:ee0:434a:240:184a:668:2050:f180",7643,"VN",,59885,"2a02:1668:1034::2",51088,"NL",,80,,"ghost-push",,,,"POST /agp/api/1/ HTTP/1.1",,"g.omlao.com",,,,,,
"2018-03-24 08:10:29","2405:4800:1906:b0a9:e466:2584:b778:880c",237,"VN",,56288,"2a02:1668:1034::2",51088,"NL",,80,,"ghost-push",,,,"POST /agp/api/1/ HTTP/1.1",,"g.omlao.com",,,,,,
"2018-03-24 08:12:45","2001:ee0:4949:d810:2c3e:e4:8c3c:357b",7643,"VN",,55237,"2a02:1668:1034::2",51088,"NL",,80,,"ghost-push",,,,"POST /agp/api/1/ HTTP/1.1",,"g.omlao.com",,,,,,
"2018-03-24 08:18:40","2001:ee0:4041:757e:89d1:2271:6c6e:490b",7643,"VN",,63813,"2a02:1668:1034::2",51088,"NL",,80,,"xcodeghost",,,,"POST / HTTP/1.1","iVMS-4500/20150820 CFNetwork/711.3.18 Darwin/14.0.0","init.icloud-analysis.com",,,,,,
"2018-03-24 08:22:29","2001:ee0:5657:1bc0:99b6:7f7:254c:8d7e",7643,"VN",,49320,"2a02:1668:1034::2",51088,"NL",,80,,"sality",,,,"GET /home.gif?41563=2408571 HTTP/1.1","Mozilla/4.0 (compatible; MSIE 7.0; Windows NT 5.1; .NET CLR 1.1.4322; .NET CLR 2.0.50728)","kukutrustnet777.info",,,,,,
"2018-03-24 08:26:35","2405:4800:60ff:4d98:e404:e10d:879e:25",237,"VN",,60145,"2a02:1668:1034::2",51088,"NL",,80,,"ghost-push",,,,"POST /agp/api/1/ HTTP/1.1",,"g.omlao.com",,,,,,
"2018-03-24 08:37:25","2001:ee0:489e:8f00:8cdf:c61e:cbc8:4aad",7643,"VN",,53794,"2a02:1668:1034::2",51088,"NL",,80,,"xcodeghost",,,,"POST / HTTP/1.1","WeChat/6.2.5.19 CFNetwork/711.5.6 Darwin/14.0.0","init.icloud-analysis.com",,,,,,
"2018-03-24 09:02:37","2405:4800:12fe:e1aa:79fd:2815:af62:1f07",237,"VN",,53890,"2a02:1668:1034::2",51088,"NL",,80,,"xcodeghost",,,,"POST / HTTP/1.1","WeChat/6.2.5.19 CFNetwork/887 Darwin/17.0.0","init.icloud-analysis.com",,,,,,
"2018-03-24 09:04:57","2405:4800:60ff:4d98:848:a998:d13b:fc26",237,"VN",,56570,"2a02:1668:1034::2",51088,"NL",,80,,"ghost-push",,,,"POST /aum/api/1/ HTTP/1.1",,"u.amobisc.com",,,,,,
"2018-03-24 09:08:28","2001:ee0:5532:6c00:d1f1:aa7c:fee0:829f",7643,"VN",,1074,"2a02:1668:1034::2",51088,"NL",,80,,"sality",,,,"GET /?31c82=203906 HTTP/1.1","KUKU v5.06exp =9698435509","kukutrustnet777.info",,,,,,
"2018-03-24 09:16:23","2405:4800:12fc:9000:9086:af1e:4eb3:5f6e",237,"VN",,61210,"2a02:1668:1034::2",51088,"NL",,80,,"xcodeghost",,,,"POST / HTTP/1.1","SpringBoard/50 CFNetwork/711.1.16 Darwin/14.0.0","init.icloud-analysis.com",,,,,,
"2018-03-24 10:26:37","2001:ee0:5710:bc30:50c9:801d:41db:3d10",7643,"VN",,1140,"2a02:1668:1034::2",51088,"NL",,80,,"sality",,,,"GET /?3a72e=718218 HTTP/1.1","KUKU v5.06exp =59771810820","kukutrustnet777.info",,,,,,
"2018-03-24 10:57:15","2405:4800:1497:b31:416:7823:b8af:d144",237,"VN",,62593,"2a02:1668:1034::2",51088,"NL",,80,,"sality",,,,"GET /home.gif?5197f76=513342660 HTTP/1.1","Mozilla/4.0 (compatible; MSIE 7.0; Windows NT 5.1; .NET CLR 1.1.4322; .NET CLR 2.0.50728)","kukutrustnet777.info",,,,,,
"2018-03-24 11:20:59","2405:4800:12b4:950e:6c73:7eda:5b3c:3894",237,"VN",,32816,"2a02:1668:1034::2",51088,"NL",,80,,"ghost-push",,,,"POST /agp/api/1/ HTTP/1.1",,"g.omlao.com",,,,,,
"2018-03-24 11:32:24","2405:4800:12b4:950e:edab:5533:9b81:2b54",237,"VN",,59075,"2a02:1668:1034::2",51088,"NL",,80,,"ghost-push",,,,"POST /agp/api/1/ HTTP/1.1",,"g.omlao.com",,,,,,
"2018-03-24 11:33:50","2001:ee0:47e1:8320:f489:ce47:8bcd:2177",7643,"VN",,1073,"2a02:1668:1034::2",51088,"NL",,80,,"sality",,,,"GET /home.gif?4b38d=2156763 HTTP/1.1","Opera/8.81 (Windows NT 6.0; U; en)","kukutrustnet777.info",,,,,,
"2018-03-24 11:36:13","2405:4800:568f:569:1029:682d:8961:98a9",237,"VN",,41122,"2a02:1668:1034::2",51088,"NL",,80,,"ghost-push",,,,"POST /agp/api/1/ HTTP/1.1",,"g.omlao.com",,,,,,
"2018-03-24 11:36:25","2405:4800:12d6:f09c:e141:21f5:e05e:eba",237,"VN",,33110,"2a02:1668:1034::2",51088,"NL",,80,,"ghost-push",,,,"POST /okla/api/2 HTTP/1.1","Dalvik/1.6.0 (Linux; U; Android 4.2.2; mobiistar touch LAI 504Q Build/JDQ39)","mk.omkol.com",,,,,,
"2018-03-24 11:38:28","2001:ee0:5711:2360:d58f:8008:927c:2ce2",7643,"VN",,1026,"2a02:1668:1034::2",51088,"NL",,80,,"sality",,,,"GET /?3bbbf=489342 HTTP/1.1","KUKU v5.06exp =59771810820","kukutrustnet777.info",,,,,,
"2018-03-24 11:50:11","2405:4800:5a9f:2e4e:9cf8:3080:c99d:d800",237,"VN",,38839,"2a02:1668:1034::2",51088,"NL",,80,,"ghost-push",,,,"POST /igp/api/1/ HTTP/1.1",,"g.omlao.com",,,,,,
"2018-03-24 12:08:51","2405:4800:12b4:950e:14d4:a451:4086:5af1",237,"VN",,58475,"2a02:1668:1034::2",51088,"NL",,80,,"ghost-push",,,,"POST /agp/api/1/ HTTP/1.1",,"g.omlao.com",,,,,,
"2018-03-24 12:11:05","2001:ee0:4844:2ef0:800d:b147:e740:8c3f",7643,"VN",,1243,"2a02:1668:1034::2",51088,"NL",,80,,"sality",,,,"GET /?3e86d=512218 HTTP/1.1","KUKU v5.06exp =7204611857","kukutrustnet777.info",,,,,,
"2018-03-24 12:12:16","2001:ee0:5138:1070:1968:ee07:31b3:9130",7643,"VN",,41453,"2a02:1668:1034::2",51088,"NL",,80,,"ghost-push",,,,"POST /aum/api/1/ HTTP/1.1",,"u.amobisc.com",,,,,,
"2018-03-24 12:23:09","2405:4800:5a9f:1f34:4170:c4e:ed01:983d",237,"VN",,58702,"2a02:1668:1034::2",51088,"NL",,80,,"xcodeghost",,,,"POST / HTTP/1.1","WeChat/6.2.5.19 CFNetwork/808.3 Darwin/16.3.0","init.icloud-analysis.com",,,,,,
"2018-03-24 12:26:33","2001:ee0:56b8:6820:40a1:9222:fe9a:2520",7643,"VN",,49338,"2a02:1668:1034::2",51088,"NL",,80,,"sality",,,,"GET /home.gif?55ffa=1761250 HTTP/1.0","Mozilla/4.0 (compatible; MSIE 7.0b; Windows NT 6.0)","kukutrustnet777.info",,,,,,
"2018-03-24 12:42:43","2001:ee0:52d0:5990:98d2:b274:32cd:1006",7643,"VN",,52899,"2a02:1668:1034::2",51088,"NL",,80,,"ghost-push",,,,"POST /agp/api/1/ HTTP/1.1",,"g.omlao.com",,,,,,
"2018-03-24 12:43:27","2001:ee0:4290:ece0:3954:62d3:f0ff:ec3f",7643,"VN",,55506,"2a02:1668:1034::2",51088,"NL",,80,,"xcodeghost",,,,"POST / HTTP/1.1","iVMS-4500/20150820 CFNetwork/894 Darwin/17.4.0","init.icloud-analysis.com",,,,,,
"2018-03-24 13:09:20","2001:ee0:434f:67f0:8d0:b0ee:8b63:c170",7643,"VN",,45843,"2a02:1668:1034::2",51088,"NL",,80,,"ghost-push",,,,"POST /agp/api/1/ HTTP/1.1",,"g.omlao.com",,,,,,
"2018-03-24 13:12:02","2001:ee0:4c8a:380:2aa:70ff:fede:e9a3",7643,"VN",,45700,"2a02:1668:1034::2",51088,"NL",,80,,"ghost-push",,,,"POST /agp/api/1/ HTTP/1.1",,"g.omlao.com",,,,,,
"2018-03-24 13:13:13","2001:ee0:51f9:f10:ed9d:ecf8:ba02:9b0a",7643,"VN",,47552,"2a02:1668:1034::2",51088,"NL",,80,,,,,,"POST /omla/i/1 HTTP/1.1",,"m.omlao.com",,,,,,
"2018-03-24 13:20:32","2001:ee0:5516:35c0:d151:6577:ebe3:6312",7643,"VN",,1071,"2a02:1668:1034::2",51088,"NL",,80,,"sality",,,,"GET /?32d1c=832624 HTTP/1.1","KUKU v5.06exp =466993765214","kukutrustnet777.info",,,,,,
"2018-03-24 13:48:10","2001:ee0:4945:e420:d5c7:e3b4:5daa:a27",7643,"VN",,34566,"2a02:1668:1034::2",51088,"NL",,80,,"ghost-push",,,,"POST /agp/api/1/ HTTP/1.1",,"g.omlao.com",,,,,,
"2018-03-24 13:50:26","2001:ee0:4945:e420:c9cf:61bc:914b:5291",7643,"VN",,44954,"2a02:1668:1034::2",51088,"NL",,80,,"ghost-push",,,,"POST /agp/api/1/ HTTP/1.1",,"g.omlao.com",,,,,,
"2018-03-24 13:51:18","2405:4800:58f7:145a:adb3:85b4:290d:1eac",237,"VN",,49436,"2a02:1668:1034::2",51088,"NL",,80,,"sality",,,,"GET /home.gif?b6ddf=5243161 HTTP/1.0","Mozilla/4.0 (compatible; MSIE 7.0b; Windows NT 6.0)","kukutrustnet777.info",,,,,,
"2018-03-24 13:52:31","2405:4800:2c5e:b0fb:6556:5b31:2cd3:96af",237,"VN",,45911,"2a02:1668:1034::2",51088,"NL",,80,,"ghost-push",,,,"POST /aum/api/1/ HTTP/1.1",,"u.amobisc.com",,,,,,
"2018-03-24 13:59:48","2001:ee0:4101:63da:91c5:bdfe:fc26:6be3",7643,"VN",,64081,"2a02:1668:1034::2",51088,"NL",,80,,"xcodeghost",,,,"POST / HTTP/1.1","PDFReader%20Free/2.7.6 CFNetwork/811.5.4 Darwin/16.6.0","init.icloud-analysis.com",,,,,,
"2018-03-24 14:16:41","2405:4800:548f:4fd:b541:458b:c5f7:f696",237,"VN",,63786,"2a02:1668:1034::2",51088,"NL",,80,,"xcodeghost",,,,"POST / HTTP/1.1","WinZip%20Standard/4.2 CFNetwork/894 Darwin/17.4.0","init.icloud-analysis.com",,,,,,
"2018-03-24 14:24:40","2405:4800:12fe:ed23:35af:2214:e97f:3680",237,"VN",,52690,"2a02:1668:1034::2",51088,"NL",,80,,"ghost-push",,,,"POST /aum/api/1/ HTTP/1.1",,"u.amobisc.com",,,,,,
"2018-03-24 14:46:11","2405:4800:149c:9816:ad38:143e:1d0a:1439",237,"VN",,51959,"2a02:1668:1034::2",51088,"NL",,80,,"xcodeghost",,,,"POST / HTTP/1.1","SpringBoard/50 CFNetwork/711.1.16 Darwin/14.0.0","init.icloud-analysis.com",,,,,,
"2018-03-24 14:52:48","2405:4800:60ef:3634:315c:bee:2171:757e",237,"VN",,54269,"2a02:1668:1034::2",51088,"NL",,80,,"ghost-push",,,,"POST /okla/api/1 HTTP/1.1",,"k.omkol.com",,,,,,
"2018-03-24 14:54:29","2405:4800:60ef:3634:315c:bee:2171:757e",237,"VN",,59345,"2a02:1668:1034::2",51088,"NL",,80,,,,,,"POST /onao/i/1 HTTP/1.1",,"i.onaoy.com",,,,,,
"2018-03-24 15:01:26","2001:ee0:4945:e420:e094:8e48:dc15:551d",7643,"VN",,56096,"2a02:1668:1034::2",51088,"NL",,80,,"ghost-push",,,,"POST /agp/api/1/ HTTP/1.1",,"g.omlao.com",,,,,,
"2018-03-24 15:15:33","2001:ee0:4244:3d50:c66:4915:8c29:e3f1",7643,"VN",,46980,"2a02:1668:1034::2",51088,"NL",,80,,"ghost-push",,,,"POST /aum/api/1/ HTTP/1.1",,"u.amobisc.com",,,,,,
"2018-03-24 15:26:51","2405:4800:12d6:f09c:e141:21f5:e05e:eba",237,"VN",,53581,"2a02:1668:1034::2",51088,"NL",,80,,,,,,"POST /omla/i/6 HTTP/1.1","Apache-HttpClient/UNAVAILABLE (java 1.4)","p.omlao.com",,,,,,
"2018-03-24 16:46:16","2001:ee0:4945:e420:809c:6b8a:3789:f294",7643,"VN",,37382,"2a02:1668:1034::2",51088,"NL",,80,,"ghost-push",,,,"POST /agp/api/1/ HTTP/1.1",,"g.omlao.com",,,,,,
"2018-03-24 18:58:50","2001:ee0:5533:94f0:8c1f:f29f:2391:8ca",7643,"VN",,48464,"2a02:1668:1034::2",51088,"NL",,80,,"ghost-push",,,,"POST /okla/api/2 HTTP/1.1","Dalvik/1.6.0 (Linux; U; Android 4.2.2; V3+ Build/JDQ39)","mk.omkol.com",,,,,,
"2018-03-24 19:24:46","2001:ee0:4945:e420:2846:4f13:8fb1:912b",7643,"VN",,36668,"2a02:1668:1034::2",51088,"NL",,80,,"ghost-push",,,,"POST /agp/api/1/ HTTP/1.1",,"g.omlao.com",,,,,,
"2018-03-24 21:35:08","2001:ee0:5711:2360:5803:917d:fe38:7cb8",7643,"VN",,1131,"2a02:1668:1034::2",51088,"NL",,80,,"sality",,,,"GET /?907e3=1183686 HTTP/1.1","KUKU v5.06exp =59771810820","kukutrustnet777.info",,,,,,
"2018-03-24 21:45:04","2405:4800:41df:76:14ff:b58:1c80:397b",237,"VN",,48349,"2a02:1668:1034::2",51088,"NL",,80,,,,,,"POST /omla/i/1 HTTP/1.1",,"m.omlao.com",,,,,,
"2018-03-24 21:50:02","2001:ee0:4945:e420:84c4:bf0f:bb7:3ff9",7643,"VN",,46017,"2a02:1668:1034::2",51088,"NL",,80,,"ghost-push",,,,"POST /agp/api/1/ HTTP/1.1",,"g.omlao.com",,,,,,
"2018-03-24 21:53:00","2405:4800:41df:76:4110:dc28:331:6988",237,"VN",,33760,"2a02:1668:1034::2",51088,"NL",,80,,,,,,"POST /omla/i/3 HTTP/1.1","Dalvik/1.6.0 (Linux; U; Android 4.1.2; Connspeed IP71 Build/JZO54K)","p.omlao.com",,,,,,
"2018-03-24 21:57:34","2405:4800:41ef:28b:4110:dc28:331:6988",237,"VN",,34609,"2a02:1668:1034::2",51088,"NL",,80,,,,,,"POST /omla/i/1 HTTP/1.1",,"m.omlao.com",,,,,,
"2018-03-24 23:18:56","2001:ee0:5130:4790:50fd:fbbc:1bad:21c2",7643,"VN",,50510,"2a02:1668:1034::2",51088,"NL",,80,,"sality",,,,"GET /home.gif?53b4d6f=614407689 HTTP/1.0","Mozilla/4.0 (compatible; MSIE 7.0b; Windows NT 6.0)","kukutrustnet777.info",,,,,,
"2018-03-24 23:48:40","2405:4800:12d6:f09c:d842:5803:42ca:ce85",237,"VN",,32994,"2a02:1668:1034::2",51088,"NL",,80,,"ghost-push",,,,"POST /okla/api/2 HTTP/1.1","Dalvik/1.6.0 (Linux; U; Android 4.2.2; mobiistar touch LAI 504Q Build/JDQ39)","mk.omkol.com",,,,,,
